name,usrid,ra,dec,err_ellipse_r0,err_ellipse_r1,err_ellipse_ang,significance,extent_flag,pileup_flag,sat_src_flag,streak_src_flag,conf_flag,flux_aper90_mean_b,e_flux_aper90_mean_b,flux_aper90_mean_h,e_flux_aper90_mean_h,flux_aper90_mean_m,e_flux_aper90_mean_m,flux_aper90_mean_s,e_flux_aper90_mean_s,kp_intra_prob_b,ks_intra_prob_b,var_inter_prob_b,nh_gal,flux_powlaw_mean,e_flux_powlaw_mean,powlaw_gamma_mean,e_powlaw_gamma_mean,powlaw_nh_mean,e_powlaw_nh_mean,powlaw_ampl_mean,e_powlaw_ampl_mean,powlaw_stat,remove_code,flux_significance_b_max,flux_aper90_ave_s,e_flux_aper90_ave_s,flux_aper90_ave_m,e_flux_aper90_ave_m,flux_aper90_ave_h,e_flux_aper90_ave_h,chisqr,dof,kp_prob_b_max,var_inter_prob,significance_max,flux_flag,flux_aper90_ave_b,e_flux_aper90_ave_b,_q,_rs_gaia,_r_gaia,EDR3Name_gaia,RA_ICRS_gaia,e_RA_ICRS_gaia,DE_ICRS_gaia,e_DE_ICRS_gaia,Source_gaia,SolID_gaia,RandomI_gaia,Epoch_gaia,Plx_gaia,e_Plx_gaia,RPlx_gaia,PM_gaia,pmRA_gaia,e_pmRA_gaia,pmDE_gaia,e_pmDE_gaia,RADEcor_gaia,RAPlxcor_gaia,RApmRAcor_gaia,RApmDEcor_gaia,DEPlxcor_gaia,DEpmRAcor_gaia,DEpmDEcor_gaia,PlxpmRAcor_gaia,PlxpmDEcor_gaia,pmRApmDEcor_gaia,NAL_gaia,NAC_gaia,NgAL_gaia,NbAL_gaia,gofAL_gaia,chi2AL_gaia,epsi_gaia,sepsi_gaia,Solved_gaia,APF_gaia,nueff_gaia,pscol_gaia,e_pscol_gaia,RApscolCorr_gaia,DEpscolCorr_gaia,PlxpscolCorr_gaia,pmRApscolCorr_gaia,pmDEpscolCorr_gaia,MatchObsA_gaia,Nper_gaia,amax_gaia,MatchObs_gaia,NewMatchObs_gaia,MatchObsrm_gaia,IPDgofha_gaia,IPDgofhp_gaia,IPDfmp_gaia,IPDfow_gaia,RUWE_gaia,SDSk1_gaia,SDSk2_gaia,SDSk3_gaia,SDSk4_gaia,SDMk1_gaia,SDMk2_gaia,SDMk3_gaia,SDMk4_gaia,Dup_gaia,o_Gmag_gaia,FG_gaia,e_FG_gaia,RFG_gaia,Gmag_gaia,e_Gmag_gaia,o_BPmag_gaia,FBP_gaia,e_FBP_gaia,RFBP_gaia,BPmag_gaia,e_BPmag_gaia,o_RPmag_gaia,FRP_gaia,e_FRP_gaia,RFRP_gaia,RPmag_gaia,e_RPmag_gaia,NBPcont_gaia,NBPblend_gaia,NRPcont_gaia,NRPblend_gaia,Mode_gaia,E_BP_RP__gaia,BP-RP_gaia,BP-G_gaia,G-RP_gaia,RVDR2_gaia,e_RVDR2_gaia,o_RVDR2_gaia,Tefftemp_gaia,loggtemp_gaia,__Fe_H_temp_gaia,GLON_gaia,GLAT_gaia,ELON_gaia,ELAT_gaia,PS1_gaia,SDSSDR13_gaia,SkyMapper2_gaia,URAT1_gaia,GmagCorr_gaia,e_GmagCorr_gaia,FGCorr_gaia,E_BP_RP_Corr_gaia,RAJ2000_gaia,e_RAJ2000_gaia,DEJ2000_gaia,e_DEJ2000_gaia,RADEcorJ2000_gaia,_r_gaiadist,RA_ICRS_gaiadist,DE_ICRS_gaiadist,rgeo_gaiadist,b_rgeo_gaiadist,B_rgeo_gaiadist,rpgeo_gaiadist,b_rpgeo_gaiadist,B_rpgeo_gaiadist,Flag_gaiadist,_rs_2mass,_r_2mass,RAJ2000_2mass,DEJ2000_2mass,errMaj_2mass,errMin_2mass,errPA_2mass,_2MASS_2mass,Jmag_2mass,Jcmsig_2mass,e_Jmag_2mass,Jsnr_2mass,Hmag_2mass,Hcmsig_2mass,e_Hmag_2mass,Hsnr_2mass,Kmag_2mass,Kcmsig_2mass,e_Kmag_2mass,Ksnr_2mass,Qflg_2mass,Rflg_2mass,Bflg_2mass,Cflg_2mass,Ndet_2mass,prox_2mass,pxPA_2mass,pxCntr_2mass,Xflg_2mass,Aflg_2mass,Cntr_2mass,Hemis_2mass,Date_2mass,Scan_2mass,GLON_2mass,GLAT_2mass,Xscan_2mass,_tab1_36_2mass,Jpsfchi_2mass,Hpsfchi_2mass,Kpsfchi_2mass,Jstdap_2mass,e_Jstdap_2mass,Hstdap_2mass,e_Hstdap_2mass,Kstdap_2mass,e_Kstdap_2mass,edgeNS_2mass,edgeEW_2mass,edge_2mass,dup_2mass,use_2mass,opt_2mass,Dopt_2mass,PAopt_2mass,Bmag_2mass,Rmag_2mass,Nopt_2mass,extKey_2mass,scanKey_2mass,coaddKey_2mass,coadd_2mass,Opt_2mass,_rs_catwise,_r_catwise,objID_catwise,RA_ICRS_catwise,e_RA_ICRS_catwise,DE_ICRS_catwise,e_DE_ICRS_catwise,Name_catwise,ePos_catwise,Xpos_catwise,Ypos_catwise,skyW1_catwise,e_skyW1_catwise,confW1_catwise,skyW2_catwise,e_skyW2_catwise,confW2_catwise,nW1_catwise,mW1_catwise,nW2_catwise,mW2_catwise,_tab1_20_catwise,RAPMdeg_catwise,e_RAPMdeg_catwise,DEPMdeg_catwise,e_DEPMdeg_catwise,ePosPM_catwise,pmRA_catwise,e_pmRA_catwise,pmDE_catwise,e_pmDE_catwise,snrW1pm_catwise,snrW2pm_catwise,FW1pm_catwise,e_FW1pm_catwise,FW2pm_catwise,e_FW2pm_catwise,W1mproPM_catwise,e_W1mproPM_catwise,chi2W1pm_catwise,W2mproPM_catwise,e_W2mproPM_catwise,chi2W2pm_catwise,chi2pm_catwise,pmQual_catwise,Dist_catwise,dW1mpro_catwise,chi2dW1mpro_catwise,dW2mpro_catwise,chi2dW2mpro_catwise,ELONavg_catwise,e_ELONavg_catwise,ELATavg_catwise,e_ELATavg_catwise,dELON_catwise,e_dELON_catwise,dELAT_catwise,e_dELAT_catwise,snrdELON_catwise,snrdELAT_catwise,chi2pmRA_catwise,chi2pmDE_catwise,ka_catwise,k1_catwise,k2_catwise,km_catwise,plx1_catwise,e_plx1_catwise,plx2_catwise,e_plx2_catwise,Sep_catwise,ccf_catwise,abf_catwise,WISEA_catwise,_rs_unwise,_r_unwise,objID_unwise,RAJ2000_unwise,DEJ2000_unwise,XposW1_unwise,XposW2_unwise,YposW1_unwise,YposW2_unwise,FW1_unwise,FW2_unwise,e_XposW1_unwise,e_XposW2_unwise,e_YposW1_unwise,e_YposW2_unwise,e_FW1_unwise,e_FW2_unwise,q_W1_unwise,q_W2_unwise,rchi2W1_unwise,rchi2W2_unwise,fFW1_unwise,fFW2_unwise,FW1lbs_unwise,FW2lbs_unwise,e_FW1lbs_unwise,e_FW2lbs_unwise,fwhmW1_unwise,fwhmW2_unwise,SpModW1_unwise,SpModW2_unwise,e_SpModW1_unwise,e_SpModW2_unwise,skyW1_unwise,skyW2_unwise,RAW1deg_unwise,RAW2deg_unwise,DEW1deg_unwise,DEW2deg_unwise,coaddID_unwise,detIDW1_unwise,detIDW2_unwise,nmW1_unwise,nmW2_unwise,PrimW1_unwise,PrimW2_unwise,FlagsW1_unwise,FlagsW2_unwise,f_FlagsW1_unwise,f_FlagsW2_unwise,Prim_unwise,_rs_allwise,_r_allwise,AllWISE_allwise,RAJ2000_allwise,DEJ2000_allwise,eeMaj_allwise,eeMin_allwise,eePA_allwise,Im_allwise,W1mag_allwise,e_W1mag_allwise,W2mag_allwise,e_W2mag_allwise,W3mag_allwise,e_W3mag_allwise,W4mag_allwise,e_W4mag_allwise,Jmag_allwise,e_Jmag_allwise,Hmag_allwise,e_Hmag_allwise,Kmag_allwise,e_Kmag_allwise,wx_allwise,wy_allwise,ID_allwise,snr1_allwise,chi2W1_allwise,snr2_allwise,chi2W2_allwise,snr3_allwise,chi2W3_allwise,snr4_allwise,chi2W4_allwise,chi2_allwise,nb_allwise,na_allwise,sat1_allwise,sat2_allwise,sat3_allwise,sat4_allwise,ccf_allwise,ex_allwise,var_allwise,nW1_allwise,mW1_allwise,nW2_allwise,mW2_allwise,nW3_allwise,mW3_allwise,nW4_allwise,mW4_allwise,satnum_allwise,RA_pm_allwise,e_RA_pm_allwise,DE_pm_allwise,e_DE_pm_allwise,cosig_pm_allwise,pmRA_allwise,e_pmRA_allwise,pmDE_allwise,e_pmDE_allwise,chi2W1_pm_allwise,chi2W2_pm_allwise,chi2W3_pm_allwise,chi2W4_pm_allwise,chi2pm_allwise,qpm_allwise,qph_allwise,fdet_allwise,fmoon_allwise,covW1_allwise,covW2_allwise,covW3_allwise,covW4_allwise,_2Mkey_allwise,d2M_allwise,_2M_allwise
2CXO J130621.7-604328,1,196.59058333333329,-60.72454444444445,0.79,0.77,120.9,2.63,False,False,False,False,False,1.5486139084708468e-14,6.321918189093557e-15,6.1137744327378916e-15,3.843962062657681e-15,3.997797884560803e-15,1.9475000291091723e-15,5.374566767409772e-15,4.625780894839296e-15,0.695,0.681,,88.44,,,,,,,,,,0,2.63,5.374566767409772e-15,4.625780894839296e-15,3.997797884560803e-15,1.9475000291091723e-15,6.1137744327378916e-15,3.843962062657681e-15,,0.0,0.695,,2.63,0,1.5486139084708468e-14,6.321918189093557e-15,1,"[0.2552720832412753, 2.2521009022026544, 4.89758111476617, 5.025078222035859, 9.288253095059154, 9.596186901885837]",0.2552720832412753,Gaia EDR3 6055821050370180608,196.59069001574,0.0459,-60.72449641838,0.0588,6055821050370180608,1.6360425158051103e+18,1164692232.0,2016.0,0.4909,0.0735,6.6764,4.572,-4.405,0.06,-1.226,0.081,-0.0205,0.0155,-0.2799,0.2491,-0.0347,0.2253,-0.3804,0.0363,0.1228,0.0761,457.0,0.0,455.0,2.0,4.5554,629.31,0.331,4.65,31.0,0.0,1.342,,,,,,,,53.0,25.0,0.116012,63.0,22.0,0.0,0.0126,127.0,0.0,0.0,1.155,0.223,0.272,0.0992,0.174,-75.71,-70.06,52.456,-4.427,0.0,513.0,3060.3,3.2975,928.07,16.97295,0.002993,56.0,889.3,6.5267,136.255,17.96592,0.008443,56.0,3259.6,10.915,298.648,15.964979,0.005244,0,1,0,1,0.0,1.356,2.00094,0.992969,1.007971,,,0.0,,,,304.7567552872,2.094361286,225.3902034303,-48.138397652,,,336262218,,16.97295,0.002993,3060.3,0.021,196.59073005202,0.9769,-60.7244909702,1.3237,0.0523,0.255,196.59069001574,-60.72449641838,2002.08533,1705.47656,2672.4314,1886.10828,1700.97668,2117.50757,10033,"[0.32, 8.809]",0.32,196.590722,-60.724487,0.06,0.06,45.0,13062177-6043281,14.434,0.038,0.04,41.6,13.643,0.047,0.048,43.8,13.447,0.048,0.049,27.7,AAA,222,111,000,666655,9.1,244.0,951692449.0,0.0,0.0,951692434.0,s,2000-02-20,108.0,304.757,2.094,-40.9,2451594.8279,1.21,0.94,1.16,14.373,0.036,13.531,0.049,13.313,0.05,3144.0,211.0,ne,0.0,1.0,U,0.1,78,18.3,16.8,1.0,,51037.0,1173832.0,44.0,Opt,"[0.278, 9.139]",0.278,1980m606_b0-043335,196.590707,0.0318,-60.7244965,0.0359,J130621.76-604328.1,0.0054,1928.777,822.714,-23.48,29.8,6.87,7.9,29.6,15.86,12.0,12.0,12.0,12.0,57136.369029,196.5907029,0.0317,-60.7244902,0.036,0.0066,0.00058,0.0069,-0.004,0.0081,64.9,83.4,5900.0,90.0,5600.0,70.0,13.073,0.017,2.424,13.128,0.013,1.638,2.017,3N000,0.106,-0.041,1.395,-0.177,42.916,225.390198,0.033,-48.138395,0.035,-0.032,0.066,-0.106,0.071,0.479,1.496,1.83,8.34,3,3,3,3,-0.019,0.033,-0.019,0.033,0.105,0O00,00,WISEA,"[0.209, 0.242, 9.143, 9.327]",0.209,1980m606o0021739,196.5906861,-60.7245154,821.683,821.726,1927.788,1927.785,5718.3,5493.4,0.004,0.012,0.004,0.012,16.446,39.604,1.0,1.0,15.81,3.306,0.8993,0.8404,5748.7,5514.3,16.785,40.607,2.6252,2.846,0.00127137,-5.14984e-05,0.000128967,0.000303,-77.916,-76.324,196.5906861,196.590691,-60.7245154,-60.7244825,1980m606,1980m606w1o0022426,1980m606w2o0018775,159.0,149.0,1.0,1.0,0.0,0.0,0.0,0.0,1.0,[0.182],0.182,J130621.75-604328.2,196.5906543,-60.7245077,0.071,0.0684,9.3,Im,13.115,0.032,13.235,0.043,10.792,0.175,7.767,0.142,14.434,0.04,13.643,0.048,13.447,0.049,3856.479,1644.415,1.980060601351036e+18,34.4,1.6,25.2,1.36,6.2,0.715,7.6,1.12,1.21,1.0,0.0,0.0,0.0,0.0,0.0,0O00,0.0,0n0n,30.0,30.0,30.0,30.0,11.0,28.0,6.0,28.0,0.0,196.5906544,0.072,-60.7245104,0.0745,0.012,5,90,-55,95,1.59,1.36,0.715,1.12,1.2,2N000,AABB,15.0,11.0,31.731,31.367,30.264,30.207,951692434,0.141,2M
2CXO J130646.2-604433,2,196.69254166666664,-60.74274444444445,0.89,0.84,40.6,1.84,False,False,False,False,False,1.1116725416335891e-14,5.7326752511176936e-15,5.3438794884274654e-15,4.716483788208565e-15,2.73684042308784e-15,1.854100001223022e-15,3.036005504820585e-15,2.6796752407349484e-15,0.043,0.295,,89.15,,,,,,,,,,0,1.84,3.036005504820585e-15,2.6796752407349484e-15,2.73684042308784e-15,1.854100001223022e-15,5.3438794884274654e-15,4.716483788208565e-15,,0.0,0.043,,1.84,0,1.1116725416335891e-14,5.7326752511176936e-15,2,"[0.23909105601235228, 1.7615275911633166, 3.056454595691975, 4.128003641524546, 6.546868045055286, 8.538631080006093, 9.447277067242675]",0.23909105601235228,Gaia EDR3 6055808612143748224,196.69242641962,0.1026,-60.7427796347,0.1155,6055808612143748224,1.6360425158051103e+18,865825943.0,2016.0,0.3499,0.1595,2.193,5.441,-5.232,0.135,-1.492,0.155,0.1188,0.0408,-0.2211,0.1302,-0.041,0.1395,-0.081,0.0312,0.1873,0.2265,468.0,0.0,466.0,2.0,98.0959,15022.25,1.531,418.0,31.0,0.0,1.448,,,,,,,,55.0,27.0,0.226717,65.0,21.0,0.0,0.0243,79.2,43.0,0.0,5.599,0.205,0.237,0.193,0.241,-104.212,-66.239,47.087,-5.945,0.0,522.0,11881.0,11.04,1076.228,15.500198,0.002934,61.0,5247.8,7.5575,694.385,16.038603,0.003198,62.0,10682.0,14.583,732.499,14.676288,0.00406,0,20,0,22,0.0,1.341,1.362315,0.538404,0.823911,,,0.0,,,,304.80536342,2.0731879602,225.4670214832,-48.1250062856,,,336260935,,15.500198,0.002934,11881.0,0.087,196.69247400239,2.19,-60.74277300229,2.4892,0.2106,0.239,196.69242641962,-60.7427796347,3282.823,2197.89429,6758.56152,2209.28418,1659.60583,2879.3772,10033,"[0.111, 6.677, 9.376]",0.111,196.692479,-60.742748,0.06,0.06,90.0,13064619-6044338,13.589,0.032,0.035,97.0,13.15,0.047,0.048,69.0,13.025,0.041,0.042,40.9,AAA,222,111,000,666655,6.8,73.0,951837162.0,0.0,0.0,951837155.0,s,2000-02-20,109.0,304.805,2.073,209.2,2451594.836,1.57,2.16,1.21,13.515,0.012,13.043,0.037,12.965,0.042,3217.0,43.0,nw,1.0,1.0,U,0.7,44,16.3,15.2,1.0,,51038.0,1173871.0,233.0,Opt,"[0.21, 9.444]",0.21,1980m606_b0-033560,196.6925328,0.0355,-60.7428027,0.0362,J130646.20-604434.0,0.0109,1863.12,800.104,10.11,50.2,15.28,37.65,40.9,35.94,12.0,12.0,12.0,12.0,57123.703791,196.6925271,0.0373,-60.7427971,0.0374,0.0125,0.00454,0.0077,-0.01965,0.0079,60.1,79.6,7500.0,100.0,6900.0,90.0,12.806,0.018,4.446,12.904,0.014,4.01,4.196,3N000,0.261,0.035,0.905,0.015,0.311,225.467088,0.034,-48.125,0.038,-0.301,0.068,-0.055,0.075,4.398,0.736,0.952,11.0,3,3,3,3,-0.149,0.035,-0.152,0.035,,,00,WISEA,"[0.257, 8.497, 9.431]",0.257,1980m606o0086502,196.6925061,-60.7428137,799.083,799.118,1862.134,1862.081,7851.3,7927.7,0.004,0.01,0.004,0.011,20.15,46.514,1.0,1.0,224.7,26.48,0.5473,0.507,7967.5,8033.5,20.468,47.469,2.6225,2.8438,0.000597477,0.000908136,0.000103371,0.000235,-83.13,-90.795,196.6925061,196.69259,-60.7428137,-60.7427875,1980m606,1980m606w1o0092211,1980m606w2o0078530,159.0,152.0,1.0,1.0,0.0,0.0,0.0,0.0,1.0,[9.39],9.39,J130644.93-604433.0,196.6872255,-60.7425133,0.0425,0.0402,132.5,Im,10.881,0.023,10.997,0.023,10.707,0.129,9.295,,12.08,0.024,11.285,0.022,11.075,0.021,3731.927,1599.847,1.980060601351012e+18,46.5,3.76,47.3,3.14,8.4,0.742,-0.1,0.917,2.2,1.0,0.0,0.0,0.0,0.0,0.0,0hO0,1.0,11nn,32.0,32.0,32.0,32.0,18.0,30.0,0.0,29.0,0.0,196.6872167,0.0423,-60.742519,0.0422,-0.0096,-96,41,-97,41,3.75,3.14,0.742,0.917,2.19,1N000,AABU,7.0,11.0,31.787,31.548,29.857,30.007,951692652,0.119,2M
2CXO J130646.6-604459,3,196.6942083333333,-60.74999722222222,0.94,0.82,151.5,1.68,False,False,False,False,False,1.0473369251339286e-14,6.184193145409923e-15,2.255877673016883e-15,1.8044500380143736e-15,1.6523290417910252e-15,1.184678073498037e-15,6.565162536531378e-15,5.795234488976092e-15,0.419,0.147,,89.36,,,,,,,,,,0,1.68,6.565162536531378e-15,5.795234488976092e-15,1.6523290417910252e-15,1.184678073498037e-15,2.255877673016883e-15,1.8044500380143736e-15,,0.0,0.419,,1.68,0,1.0473369251339286e-14,6.184193145409923e-15,3,"[0.033117840245056096, 0.9817020642493695, 3.1677068275340523, 3.738222594533325, 4.841520874503882, 5.100675556249288, 5.428177722683167, 5.4397002532755385, 6.0632535158498895, 6.814043731838914, 7.188344740594205, 8.844093089599902, 8.84886792774232, 8.995515689532548, 9.014965950619668, 9.411653333929532, 9.90177859108425]",0.033117840245056096,Gaia EDR3 6055808612143747840,196.69418956237,0.0275,-60.74999651134,0.0315,6055808612143747840,1.6360425158051103e+18,559534097.0,2016.0,1.2163,0.042,28.9385,3.642,-2.974,0.036,-2.102,0.042,0.125,0.016,-0.336,0.0692,-0.0683,0.0826,-0.1751,0.0469,0.1475,0.2341,465.0,0.0,462.0,3.0,8.9295,811.35,0.219,6.08,31.0,1.0,1.416,,,,,,,,54.0,27.0,0.0614645,64.0,22.0,0.0,0.0196,110.0,10.0,0.0,1.309,0.174,0.26,0.173,0.214,-110.898,-63.849,46.738,-4.293,0.0,519.0,8091.0,9.465,854.834,15.917363,0.003034,60.0,3156.8,20.386,154.851,16.590427,0.007546,60.0,7444.3,29.099,255.826,15.068337,0.005683,0,60,0,60,0.0,1.31,1.52209,0.673064,0.849026,,,0.0,,,,304.805794041,2.0659325842,225.4742533117,-48.130440005,,,336260956,,15.917363,0.003034,8091.0,0.037,196.69421661385,0.5888,-60.74998716842,0.6771,0.2214,0.033,196.69418956237,-60.74999651134,800.974182,764.899536,826.685364,804.554626,779.424744,829.887329,10033,"[0.111, 4.778, 6.275, 9.462]",0.111,196.694247,-60.749973,0.06,0.06,90.0,13064661-6044599,13.957,0.053,0.054,69.1,13.333,0.05,0.051,58.3,13.202,0.055,0.056,34.7,AAA,222,111,000,666666,4.9,198.0,951837037.0,0.0,0.0,951837068.0,s,2000-02-20,109.0,304.806,2.066,206.1,2451594.836,0.93,0.88,1.44,13.889,0.02,13.286,0.052,13.073,0.051,3243.0,46.0,nw,1.0,1.0,U,0.2,358,16.4,15.7,3.0,,51038.0,1173871.0,233.0,Opt,"[0.286, 7.639]",0.286,1980m606_b0-037358,196.6943268,0.05,-60.7500517,0.0574,J130646.63-604500.1,-0.0049,1861.783,790.638,12.41,49.0,9.54,45.79,47.0,11.6,12.0,12.0,12.0,12.0,57115.802623,196.694321,0.0506,-60.7500454,0.0579,0.0045,0.01322,0.009,0.00858,0.0105,50.5,51.0,7100.0,100.0,6400.0,100.0,12.877,0.022,2.681,12.98,0.021,1.097,1.876,3N000,0.132,0.03,0.433,-0.001,0.001,225.474367,0.053,-48.130449,0.055,-0.153,0.106,-0.075,0.11,1.453,0.685,2.18,4.83,3,3,3,3,-0.08,0.053,-0.08,0.053,0.313,0hO0,00,WISEA,"[0.394, 6.0, 8.376]",0.394,1980m606o0086241,196.694002,-60.7500395,789.644,789.721,1860.989,1860.893,6826.0,6844.5,0.004,0.011,0.004,0.01,17.968,41.953,1.0,1.0,86.0,10.51,0.7412,0.7241,6891.5,6952.6,18.35,43.067,2.6234,2.845,0.00376946,0.00302082,0.000113261,0.000254,-82.623,-88.2,196.694002,196.6941548,-60.7500395,-60.7499819,1980m606,1980m606w1o0091917,1980m606w2o0078311,164.0,154.0,1.0,1.0,0.0,0.0,0.0,0.0,1.0,"[0.48, 9.419]",0.48,J130646.67-604500.0,196.6944805,-60.7500055,0.089,0.0842,10.7,Im,12.826,0.037,12.938,0.047,12.382,,8.75,,13.957,0.054,13.333,0.051,13.202,0.056,3722.255,1580.421,1.980060601351013e+18,29.2,3.78,23.1,1.59,-1.2,0.799,-0.9,0.772,1.79,3.0,1.0,0.0,0.0,0.0,0.0,0hO0,1.0,nnnn,32.0,32.0,32.0,32.0,1.0,30.0,0.0,29.0,0.0,196.69453,0.0855,-60.7500171,0.0899,-0.0067,222,67,-110,71,8.28,2.93,0.823,0.774,3.33,2N000,AAUU,3.0,11.0,31.937,31.768,28.912,29.842,951837068,0.427,2M
2CXO J130644.8-604154,4,196.68691666666663,-60.698391666666666,1.27,0.99,114.3,1.74,False,False,False,False,False,,,7.742010577195987e-15,4.9465002865162855e-15,1.5304228788172253e-15,1.4497350109842508e-15,,,0.957,0.977,,87.86,,,,,,,,,,0,1.74,7.978845608028655e-18,6.028102749890869e-18,1.5304228788172253e-15,1.4497350109842508e-15,7.742010577195987e-15,4.9465002865162855e-15,,-1.0,,,,1,9.28041230162124e-15,5.1545739906031005e-15,4,"[0.2876136118346801, 3.302016276528508, 3.531281159726033, 4.460232336105546, 5.013668981045999, 9.727770802869287, 9.938863456233221]",0.2876136118346801,Gaia EDR3 6055820809810373760,196.68703628135,0.2807,-60.69833729874,0.316,6055820809810373760,1.6360425158051103e+18,1778131124.0,2016.0,0.2857,0.4466,0.6397,6.608,-5.947,0.37,-2.879,0.443,0.1293,0.1993,-0.1671,0.233,0.0242,0.2045,-0.1833,0.0156,0.2088,0.1982,487.0,0.0,484.0,3.0,3.1316,675.16,1.977,4.46,95.0,0.0,,1.0583,0.0867,-0.103,-0.098,-0.047,-0.141,0.002,57.0,26.0,0.641418,65.0,18.0,0.0,0.0629,57.4,1.0,0.0,1.102,0.222,0.268,0.122,0.162,-92.039,-56.907,42.62,-7.715,0.0,537.0,204.75,0.75879,269.838,19.909306,0.004877,48.0,34.989,2.7121,12.901,21.478706,0.084205,58.0,287.35,5.5738,51.553,18.601885,0.021397,0,0,0,1,0.0,1.574,2.876822,1.569401,1.307421,,,0.0,,,,304.805375892,2.117708409,225.4258009969,-48.0900137121,,,,,19.885478,0.004805,209.29,0.112,196.68709028879,5.9743,-60.6983245011,7.1598,0.1751,0.288,196.68703628135,-60.69833729874,3484.50537,2391.6001,5319.54736,4977.17334,3252.86938,7276.06299,10033,"[4.409, 5.104, 9.799]",4.409,196.685353,-60.699348,0.06,0.06,90.0,13064448-6041576,13.602,0.026,0.029,89.5,12.49,0.026,0.027,126.7,12.179,0.024,0.026,89.1,AAA,222,111,000,664466,8.0,74.0,951837711.0,0.0,0.0,951692138.0,s,2000-02-20,108.0,304.805,2.117,-207.7,2451594.8279,1.26,0.81,1.16,13.626,0.024,12.513,0.034,12.198,0.043,3053.0,45.0,ne,1.0,1.0,0,,,,,0.0,,51037.0,1173832.0,44.0,Opt,"[4.452, 5.055]",4.452,1980m606_b0-017644,196.6852687,0.0274,-60.6993292,0.0285,J130644.46-604157.5,0.0013,1868.907,856.914,-8.78,36.6,40.68,25.87,38.8,87.55,12.0,12.0,12.0,12.0,57136.499717,196.6852677,0.0275,-60.6993233,0.0288,-0.0011,0.00311,0.0057,-0.02062,0.0059,70.3,98.3,16000.0,200.0,16000.0,200.0,12.001,0.015,1.777,12.013,0.011,1.216,1.486,3N001,0.226,0.041,1.737,0.01,0.208,225.425564,0.028,-48.091324,0.028,-0.013,0.056,0.224,0.057,0.241,3.931,2.97,12.6,3,3,3,3,-0.008,0.028,-0.008,0.028,,,00,WISEA,"[4.254, 5.137, 9.891]",4.254,1980m606o0088071,196.6854249,-60.6993207,855.921,855.932,1867.805,1867.812,16797.0,16812.0,0.002,0.005,0.002,0.006,26.383,58.482,0.99995,1.0,46.82,8.014,0.674,0.6172,16857.0,16731.0,26.751,59.534,2.6233,2.8444,-0.000288784,0.000439882,7.1368e-05,0.00015,-98.326,-101.83,196.6854249,196.6854148,-60.6993207,-60.6993122,1980m606,1980m606w1o0094003,1980m606w2o0080080,161.0,149.0,1.0,1.0,0.0,128.0,0.0,0.0,1.0,[4.65],4.65,J130645.46-604155.6,196.6894337,-60.6987803,0.0423,0.0409,135.0,Im,10.62,0.023,10.71,0.023,10.573,0.275,9.421,,12.397,0.026,11.375,0.026,10.963,0.026,3731.393,1714.381,1.9800606013510346e+18,46.3,17.9,48.0,7.68,3.9,0.502,-1.1,1.07,7.11,1.0,0.0,0.0,0.0,0.0,0.0,0hhD,1.0,11nn,32.0,32.0,32.0,32.0,11.0,29.0,0.0,29.0,0.0,196.6894522,0.0424,-60.6987807,0.043,-0.0085,159,40,-48,40,17.9,7.64,0.501,1.07,7.1,1N001,AABU,7.0,11.0,33.058,33.356,30.964,30.772,951837711,0.545,2M
2CXO J130624.9-603955,5,196.6040833333333,-60.66542222222222,2.3,1.92,26.9,1.89,False,False,False,False,False,1.4136495695670755e-14,6.482391256575512e-15,1.025319153824321e-14,6.088000148988471e-15,1.1848585727922552e-15,8.951732583587941e-16,2.698445584635291e-15,2.038704350013092e-15,0.545,0.623,,86.77,,,,,,,,,,0,1.89,2.698445584635291e-15,2.038704350013092e-15,1.1848585727922552e-15,8.951732583587941e-16,1.025319153824321e-14,6.088000148988471e-15,,0.0,0.545,,1.89,0,1.4136495695670755e-14,6.482391256575512e-15,5,"[1.1247639289853881, 3.992514705344706, 5.163584348870983, 5.717276673725196, 8.13787044207887, 9.089212524394119, 9.251972086243185]",1.1247639289853881,Gaia EDR3 6055821771924730496,196.604672225,0.1835,-60.6653023018,0.1939,6055821771924730496,1.6360425158051103e+18,1574533504.0,2016.0,0.4967,0.2908,1.7083,6.444,-6.415,0.227,-0.608,0.26,0.2692,0.1718,-0.2373,0.0837,0.0018,0.054,-0.19,0.0857,0.2299,0.3115,447.0,0.0,445.0,2.0,0.8547,516.93,0.783,1.67,95.0,0.0,,1.22,0.0545,-0.101,-0.085,0.002,-0.092,0.058,52.0,24.0,0.394248,62.0,19.0,0.0,0.00738,90.5,0.0,1.0,1.028,0.224,0.282,0.0357,0.137,-88.569,-56.638,26.638,-6.422,0.0,503.0,356.16,0.81025,439.562,19.308266,0.0037,53.0,68.822,4.9521,13.898,20.744225,0.078173,51.0,469.99,6.5247,72.032,18.067678,0.015539,0,1,0,2,0.0,1.513,2.676546,1.435959,1.240587,,,0.0,,,,304.7670316392,2.1530581487,225.3480006196,-48.085892465,,,336258750,,19.287602,0.003669,363.0,0.08,196.60473042577,3.6748,-60.66529959929,4.2022,0.2984,1.125,196.604672225,-60.6653023018,3779.47876,2324.45215,5832.28418,3819.32056,2471.56665,5184.39111,10033,"[1.276, 5.004, 7.876, 9.173]",1.276,196.604761,-60.665298,0.07,0.07,45.0,13062514-6039550,15.92,0.082,0.083,10.6,14.979,0.075,0.075,12.8,14.554,0.093,0.093,10.0,AAA,222,111,000,050606,5.9,206.0,951691734.0,0.0,0.0,951691723.0,s,2000-02-20,108.0,304.767,2.153,-65.7,2451594.8278,1.27,0.68,0.95,16.512,0.378,15.646,0.148,14.879,0.278,2931.0,187.0,ne,0.0,1.0,0,,,,,0.0,,51037.0,1173831.0,33.0,Opt,"[1.252, 6.833, 6.983, 8.415]",1.252,1980m606_b0-102092,196.6046014,0.0279,-60.6651846,0.0357,J130625.10-603954.6,-0.007,1921.534,900.537,-35.14,28.8,31.96,21.69,31.9,35.28,12.0,12.0,12.0,12.0,57144.249776,196.6045972,0.0277,-60.6651816,0.0357,-0.0073,0.0248,0.0081,-0.02405,0.0102,94.9,62.0,2100.0,20.0,1600.0,30.0,14.184,0.011,15.45,14.483,0.018,3.539,9.422,3N000,0.068,-0.026,1.24,-0.014,0.157,225.347841,0.031,-48.085818,0.033,0.022,0.063,0.008,0.066,0.351,0.116,3.53,5.86,3,3,3,3,0.016,0.031,0.008,0.031,,,00,WISEA,"[1.804, 6.627, 6.869, 7.99, 9.626]",1.804,1980m606o0059458,196.6049835,-60.6651843,899.537,899.096,1920.287,1920.852,1776.6,2034.7,0.012,0.03,0.011,0.028,12.449,32.7,1.0,1.0,77.46,21.1,0.5814,0.572,1762.5,2032.9,12.753,33.633,2.6272,2.8442,-0.00390309,0.00560135,0.000277114,0.000643,-95.59,-98.189,196.6049835,196.6040886,-60.6651843,-60.6655119,1980m606,1980m606w1o0061234,1980m606w2o0081262,153.0,151.0,1.0,1.0,0.0,0.0,0.0,0.0,1.0,[],,,,,,,,,,,,,,,,,,,,,,,,,,,,,,,,,,,,,,,,,,,,,,,,,,,,,,,,,,,,,,,,,,,,,,,,,,,,,
2CXO J130554.2-604508,6,196.47616666666664,-60.75226111111111,1.84,1.08,44.1,2.11,False,False,False,False,False,1.9229040448305023e-14,9.624405923915874e-15,1.591239365368241e-14,9.448500053999154e-15,1.6746003684903168e-15,1.3475862063180909e-15,1.642046426132297e-15,1.240583545927541e-15,0.374,0.699,,89.04,,,,,,,,,,0,2.11,1.642046426132297e-15,1.240583545927541e-15,1.6746003684903168e-15,1.3475862063180909e-15,1.591239365368241e-14,9.448500053999154e-15,,0.0,0.374,,2.11,0,1.9229040448305023e-14,9.624405923915874e-15,6,"[4.368820584802304, 5.553996565793031, 5.6146080318613425, 8.414880901070344, 8.939045968777316]",4.368820584802304,Gaia EDR3 6055815071775451392,196.47820265454,0.0206,-60.75295624511,0.0241,6055815071775451392,1.6360425158051103e+18,1369935068.0,2016.0,1.1703,0.0332,35.2258,9.971,6.268,0.027,-7.754,0.033,0.0887,0.0695,-0.2977,0.1259,-0.0876,0.1202,-0.1707,0.0609,0.1446,0.2276,486.0,0.0,484.0,2.0,0.552,516.15,0.0,0.0,31.0,0.0,1.454,,,,,,,,57.0,26.0,0.0475076,66.0,23.0,0.0,0.0132,137.0,1.0,0.0,1.017,0.176,0.255,0.137,0.21,-82.975,-69.149,55.834,-7.44,0.0,539.0,9350.3,2.406,3886.208,15.760298,0.002769,60.0,3996.4,12.48,320.218,16.33436,0.004391,58.0,7719.5,8.6189,895.658,15.028916,0.003969,0,2,0,1,0.0,1.253,1.305444,0.574062,0.731381,,,0.0,,,,304.7002000364,2.069086449,225.3469646519,-48.1931825855,,,336263650,,15.760298,0.002769,9350.3,0.005,196.47814563896,0.4322,-60.75292178204,0.5309,0.211,4.369,196.47820265454,-60.75295624511,832.770447,808.002808,859.240295,832.188538,811.409424,856.637817,10033,"[4.207, 5.891, 8.911]",4.207,196.478145,-60.752918,0.06,0.06,45.0,13055475-6045105,14.1,0.03,0.032,56.6,13.63,0.033,0.035,44.4,13.416,0.039,0.04,28.5,AAA,222,111,000,666666,7.1,0.0,951692743.0,0.0,0.0,951692776.0,s,2000-02-20,108.0,304.7,2.069,157.1,2451594.8279,1.02,0.77,1.6,14.106,0.044,13.62,0.059,13.541,0.061,3247.0,95.0,nw,0.0,1.0,0,,,,,0.0,,51037.0,1173832.0,44.0,Opt,[9.726],9.726,1950m606_b0-126788,196.4731359,0.0969,-60.754521,0.1149,J130553.55-604516.3,-0.0172,84.448,782.587,-37.89,28.4,10.31,-2.42,33.1,5.53,12.0,12.0,11.0,12.0,57168.275401,196.4731545,0.1049,-60.75453,0.1246,-0.0195,0.02231,0.0292,-0.03439,0.0337,30.1,16.8,1300.0,40.0,720.0,40.0,14.737,0.036,1.671,15.361,0.065,1.066,1.359,2N000,0.206,-0.17,3.472,0.224,2.604,225.345276,0.105,-48.195893,0.108,0.005,0.231,0.2,0.251,0.021,0.797,0.00622,2.33,3,3,3,3,0.008,0.123,-0.006,0.119,,,00,WISEA,"[4.244, 4.388, 5.554, 5.566, 9.809, 9.887]",4.244,1980m606o0086090,196.4781599,-60.7529255,782.887,782.905,1998.953,1998.954,4434.9,3995.2,0.006,0.019,0.005,0.016,16.806,40.066,1.0,1.0,27.16,4.45,0.5367,0.4708,4436.6,4053.3,17.121,41.02,2.6218,2.8435,-0.000420809,-0.00202686,0.000163553,0.000416,-87.764,-89.067,196.4781599,196.4781603,-60.7529255,-60.7529115,1980m606,1980m606w1o0091739,1980m606w2o0078120,154.0,148.0,0.0,0.0,128.0,128.0,0.0,0.0,0.0,[5.27],5.27,J130554.67-604503.7,196.4778299,-60.7510436,0.052,0.0503,156.4,Im,12.043,0.026,12.138,0.029,10.692,0.175,8.105,0.183,12.771,0.035,12.448,0.047,12.354,0.038,161.87,1573.218,1.950060601351023e+18,41.5,8.88,38.0,2.4,6.2,0.884,5.9,1.02,3.37,1.0,0.0,0.0,0.0,0.0,0.0,0h00,1.0,110n,31.0,31.0,31.0,31.0,17.0,29.0,2.0,29.0,0.0,196.4778241,0.0524,-60.7510436,0.0531,-0.0093,-55,54,-2,58,8.88,2.4,0.884,1.02,3.37,1N000,AABB,15.0,11.0,31.765,31.471,29.995,30.643,951692743,0.655,2M
2CXO J130654.0-604108,7,196.7250833333333,-60.685602777777774,1.56,0.98,135.0,2.49,False,False,False,False,False,2.6889283732720927e-14,1.4558853588250382e-14,1.866251987717902e-14,1.4099732331994744e-14,3.856797884560803e-15,1.9865000285376856e-15,4.369965970981104e-15,3.03505907798066e-15,0.907,0.897,,87.56,,,,,,,,,,0,2.49,4.369965970981104e-15,3.03505907798066e-15,3.856797884560803e-15,1.9865000285376856e-15,1.866251987717902e-14,1.4099732331994744e-14,,0.0,0.907,,2.49,0,2.6889283732720927e-14,1.4558853588250382e-14,7,"[0.1069449564179725, 1.7427707356836213, 2.7863530932211367, 4.6952833516838215, 6.406199555952254, 7.328102390231512, 8.05316829875535, 8.843153517279063, 9.561421984841303, 9.841684563262648]",0.1069449564179725,Gaia EDR3 6055820771154593024,196.72503544689,0.0063,-60.68558453441,0.0077,6055820771154593024,1.6360425158051103e+18,288683847.0,2016.0,0.8041,0.0101,79.81,5.344,-3.526,0.008,4.016,0.011,0.1585,-0.0434,-0.2779,0.0451,0.0178,0.0648,-0.1462,-0.024,0.1211,0.28,549.0,549.0,543.0,6.0,-3.2451,676.8,0.0,0.0611,31.0,0.0,1.383,,,,,,,,63.0,26.0,0.0155576,71.0,24.0,0.0,0.00152,86.3,0.0,0.0,0.902,,,,,,,,,0.0,601.0,281250.0,223.08,1260.756,12.064652,0.002887,67.0,95286.0,294.94,323.071,12.890964,0.004368,68.0,269270.0,600.92,448.097,11.172431,0.004489,0,29,0,10,0.0,1.296,1.718533,0.826311,0.892221,-25.84,2.41,5.0,4500.0,3.0,0.0,304.8247186425,2.129327078,225.4377866092,-48.0689305322,,,,,12.064652,0.002887,281250.0,-0.001,196.72506745672,0.1373,-60.68560238363,0.1722,0.2695,0.107,196.72503544689,-60.68558453441,1237.71179,1223.94666,1249.78113,1239.43726,1222.13916,1255.2832,10033,"[0.038, 8.495, 9.724]",0.038,196.725073,-60.685612,0.06,0.06,90.0,13065401-6041082,9.887,0.023,0.026,2935.2,9.222,0.024,0.026,2571.1,9.013,0.019,0.021,1645.2,AAA,222,111,000,666666,8.5,26.0,951837876.0,0.0,0.0,951837847.0,s,2000-02-20,109.0,304.825,2.129,152.2,2451594.836,1.17,1.22,1.35,9.872,0.008,9.198,0.036,8.981,0.012,3011.0,100.0,nw,0.0,1.0,U,0.1,117,13.4,11.7,1.0,,51038.0,1173871.0,233.0,Opt,"[0.044, 8.982, 9.685]",0.044,1980m606_b0-001529,196.7250753,0.016,-60.6855913,0.0178,J130654.01-604108.1,-0.0046,1843.756,875.4,3.83,48.5,0.0,13.58,41.3,6.46,12.0,12.0,12.0,12.0,57139.322737,196.7250698,0.0154,-60.6855863,0.0172,-0.0048,-0.00086,0.003,0.00541,0.0033,126.0,150.3,320000.0,2000.0,260000.0,2000.0,8.749,0.009,3.265,8.954,0.007,0.7082,1.973,3N000,0.031,0.003,0.025,-0.001,0.005,225.4378,0.017,-48.068927,0.017,-0.039,0.034,0.031,0.033,1.133,0.917,20.5,0.701,3,3,3,3,-0.023,0.017,-0.021,0.017,0.012,00hH,00,WISEA,"[0.045, 9.518]",0.045,1980m606o0023175,196.7250602,-60.6855978,874.385,874.391,1842.763,1842.757,280140.0,253650.0,0.0,0.001,0.0,0.001,83.494,162.36,1.0,1.0,642.3,98.42,0.9967,0.9951,279860.0,253480.0,85.183,165.47,2.6258,2.8469,0.000907838,0.00015372,1.91943e-05,3.6e-05,-105.82,-109.63,196.7250602,196.7250706,-60.6855978,-60.6855932,1980m606,1980m606w1o0023893,1980m606w2o0020019,166.0,159.0,1.0,1.0,1.0,0.0,8.0,0.0,1.0,[0.059],0.059,J130654.01-604108.1,196.7250791,-60.6855864,0.0381,0.0359,128.4,Im,8.87,0.023,8.96,0.021,8.858,0.037,8.975,0.318,9.887,0.026,9.222,0.026,9.013,0.021,3686.402,1749.819,1.9800606013510344e+18,46.4,0.767,52.5,0.845,29.7,1.33,3.4,1.09,0.999,1.0,0.0,0.0,0.0,0.0,0.0,00hH,0.0,000n,32.0,32.0,32.0,32.0,30.0,30.0,1.0,29.0,0.0,196.7250759,0.0378,-60.6855904,0.0385,-0.009,-19,35,-85,35,0.747,0.846,1.33,1.09,0.994,1N000,AAAB,15.0,11.0,34.566,35.061,32.79,31.709,951837847,0.093,2M
2CXO J130659.1-604546,8,196.74654166666664,-60.76280277777778,1.47,1.1,155.2,2.84,False,False,False,False,False,1.3014797884560804e-14,5.126019251171442e-15,5.062797884560803e-15,3.796500014932204e-15,3.97e-15,2.194e-15,3.9820000000000004e-15,2.6550000000000003e-15,0.068,0.141,,89.83,,,,,,,,,,0,2.84,3.9820000000000004e-15,2.6550000000000003e-15,3.97e-15,2.194e-15,5.062797884560803e-15,3.796500014932204e-15,,0.0,0.068,,2.84,0,1.3014797884560804e-14,5.126019251171442e-15,8,"[0.3860177391315831, 1.4072272937918313, 3.677932342890615, 4.472728948743647, 5.344443211360508, 5.658082787886516, 7.156290618719662, 7.844592675091447, 8.66602265636454, 8.674410314282753, 8.749173522826847, 8.954898532958024, 9.295831211029896, 9.296075151244054, 9.936041195627816, 9.948976046024157]",0.3860177391315831,Gaia EDR3 6055808474704900480,196.74670224257,0.0247,-60.76287589748,0.0292,6055808474704900480,1.6360425158051103e+18,75283844.0,2016.0,0.4826,0.0391,12.3377,4.339,-4.099,0.033,-1.423,0.041,0.0948,0.0337,-0.2442,0.1238,-0.0192,0.119,-0.1994,0.0341,0.123,0.2183,479.0,0.0,479.0,0.0,0.398,506.01,0.0,0.0,31.0,0.0,1.442,,,,,,,,56.0,26.0,0.0592617,66.0,21.0,0.0,0.0127,21.3,0.0,0.0,1.012,0.193,0.259,0.179,0.198,-106.799,-66.177,47.909,-8.68,0.0,542.0,6296.8,8.3833,751.12,16.18956,0.003111,62.0,2617.1,12.617,207.425,16.794,0.005932,62.0,5441.3,18.855,288.582,15.40864,0.005333,0,62,0,62,0.0,1.28,1.385361,0.604441,0.78092,,,0.0,,,,304.830645246,2.0515380149,225.5168260018,-48.126373534,,,336261172,,16.18956,0.003111,6296.8,0.023,196.7467395439,0.5409,-60.76286957437,0.6645,0.203,0.386,196.74670224257,-60.76287589748,2056.79321,1899.44873,2239.93042,1939.43811,1807.01208,2078.47632,10033,"[0.441, 5.565, 8.655, 9.16, 9.333]",0.441,196.746755,-60.762867,0.06,0.06,90.0,13065922-6045463,14.38,0.028,0.03,46.8,13.859,0.036,0.037,35.9,13.731,0.038,0.039,21.3,AAA,222,111,000,666645,6.0,321.0,951836892.0,0.0,0.0,951836878.0,s,2000-02-20,109.0,304.831,2.052,113.7,2451594.836,1.04,0.98,1.26,14.429,0.044,13.933,0.075,13.721,0.124,3289.0,139.0,nw,0.0,1.0,U,0.2,155,17.5,16.6,1.0,,51038.0,1173871.0,233.0,Opt,"[0.794, 8.219, 8.27, 8.395, 9.423]",0.794,1980m606_b0-058426,196.7467319,0.074,-60.7630027,0.0866,J130659.21-604546.7,0.0125,1827.94,774.341,38.71,63.4,14.86,66.58,55.2,22.37,12.0,12.0,12.0,12.0,57129.392464,196.7467339,0.0777,-60.7630059,0.0928,0.0048,0.0074,0.0169,-0.05587,0.0196,25.9,40.6,4000.0,200.0,3400.0,80.0,13.507,0.042,2.099,13.659,0.027,2.124,2.097,3N000,0.532,0.037,0.189,0.03,0.283,225.51694,0.077,-48.126474,0.084,-0.381,0.158,0.412,0.174,2.418,2.37,0.0323,0.982,3,3,3,3,-0.184,0.088,-0.194,0.088,1.029,0h00,00,WISEA,"[0.157, 8.334, 8.766, 9.557]",0.157,1980m606o0085814,196.746624,-60.7627858,773.617,773.834,1827.013,1826.95,3958.4,4022.3,0.007,0.018,0.006,0.016,16.058,38.796,1.0,1.0,32.01,11.62,0.5306,0.4986,3938.8,3931.7,16.433,39.886,2.6236,2.8439,0.00135261,0.00157493,0.000161682,0.000383,-92.213,-91.532,196.746624,196.746729,-60.7627858,-60.7626212,1980m606,1980m606w1o0091419,1980m606w2o0077844,159.0,159.0,1.0,1.0,0.0,0.0,0.0,0.0,1.0,"[0.406, 7.914]",0.406,J130659.20-604545.7,196.7466809,-60.7627129,0.1951,0.1284,11.6,Im,13.475,0.062,13.611,0.088,12.179,,9.303,,14.38,0.03,13.859,0.037,13.731,0.039,3654.855,1548.459,1.9800606013510136e+18,17.5,3.57,12.3,1.15,-0.8,1.12,-2.4,1.06,1.75,2.0,1.0,0.0,0.0,0.0,0.0,0h00,1.0,nnnn,31.0,31.0,30.0,31.0,1.0,29.0,0.0,29.0,0.0,,,,,,,,,,,,,,,,AAUU,3.0,11.0,31.011,31.939,30.932,30.159,951836878,0.57,2M
2CXO J130550.6-604258,9,196.460875,-60.7162,1.44,0.87,64.8,3.59,False,False,False,False,False,3.8240701541081465e-14,1.6397075703927105e-14,2.5666808461756793e-14,1.5932000056932077e-14,1.0747125777636358e-14,3.4373911510735184e-15,1.826767301688315e-15,1.7943823173321653e-15,0.825,0.599,,87.98,,,,,,,,,,0,3.59,1.826767301688315e-15,1.7943823173321653e-15,1.0747125777636358e-14,3.4373911510735184e-15,2.5666808461756793e-14,1.5932000056932077e-14,,0.0,0.825,,3.59,0,3.8240701541081465e-14,1.6397075703927105e-14,9,"[0.9104014955268519, 4.966176932209253, 7.650921363181065, 8.780074776036322, 9.076525910057326]",0.9104014955268519,Gaia EDR3 6055818301590867968,196.46135145052,0.0196,-60.7161018115,0.0226,6055818301590867968,1.6360425158051103e+18,35591378.0,2016.0,0.7606,0.0302,25.1897,7.473,-7.473,0.025,-0.001,0.03,0.0712,0.0681,-0.3913,0.1292,-0.0747,0.134,-0.2093,-0.0004,0.15,0.1639,495.0,0.0,493.0,2.0,6.2571,726.22,0.141,4.63,31.0,0.0,1.404,,,,,,,,58.0,26.0,0.0429856,70.0,26.0,0.0,0.0225,133.0,0.0,0.0,1.206,0.19,0.267,0.148,0.23,-86.397,-68.556,53.714,-7.513,0.0,563.0,14912.0,12.018,1240.804,15.253519,0.002891,65.0,5538.2,17.405,318.204,15.980117,0.004408,65.0,13869.0,35.764,387.787,14.392794,0.004703,0,3,0,3,0.0,1.301,1.587323,0.726598,0.860725,,,0.0,,,,304.6940378686,2.1063448589,225.3052116716,-48.1676673735,,,336262337,,15.253519,0.002891,14912.0,0.021,196.46141935267,0.4127,-60.71610180694,0.4862,0.1469,0.91,196.46135145052,-60.7161018115,1267.26611,1214.5874,1306.99304,1256.29993,1212.94922,1303.68323,10033,"[1.043, 5.228, 8.797]",1.043,196.46143,-60.716099,0.08,0.08,90.0,13055074-6042579,13.374,0.032,0.035,110.4,12.696,0.028,0.029,104.8,12.43,,,,AAU,226,120,0c0,666600,4.4,25.0,951692327.0,0.0,0.0,951692342.0,s,2000-02-20,108.0,304.694,2.106,186.7,2451594.8279,3.18,0.62,,13.326,0.017,12.661,0.037,,,3115.0,66.0,nw,1.0,1.0,U,1.2,221,15.9,15.0,1.0,,51037.0,1173832.0,44.0,Opt,"[1.294, 9.56]",1.294,1950m606_b0-019348,196.461463,0.0195,-60.7159846,0.0236,J130550.75-604257.5,-0.0077,90.795,833.193,-16.1,25.5,24.29,24.35,36.8,26.84,12.0,12.0,12.0,12.0,57142.143474,196.4614799,0.0188,-60.7159979,0.0229,-0.0076,-0.01691,0.004,0.00934,0.0048,104.8,115.0,16000.0,200.0,14000.0,100.0,12.014,0.01,8.393,12.169,0.009,2.806,5.557,3N000,0.174,0.0,0.0,0.001,0.003,225.305191,0.022,-48.167552,0.021,0.097,0.045,-0.1,0.042,2.173,2.368,0.00255,0.679,3,3,3,3,0.044,0.022,0.05,0.022,0.088,ddhd,00,WISEA,"[1.099, 1.343, 6.396, 9.555, 9.803, 9.915, 9.999]",1.099,1950m606o0022280,196.4614612,-60.7160954,832.066,832.2,89.81,89.778,12787.0,12975.0,0.003,0.006,0.002,0.006,22.101,49.253,1.0,1.0,28.75,17.74,0.8721,0.8746,12669.0,12838.0,22.504,50.375,2.6317,2.8506,0.000811756,0.0020777,8.48163e-05,0.000169,-69.966,-71.622,196.4614612,196.4615075,-60.7160954,-60.7159926,1950m606,1950m606w1o0022744,1950m606w2o0019523,159.0,157.0,1.0,1.0,0.0,0.0,0.0,0.0,1.0,[1.378],1.378,J130550.76-604257.5,196.4615256,-60.7159872,0.0501,0.0478,159.5,Im,12.15,0.024,12.232,0.03,11.238,0.202,8.952,0.378,13.374,0.035,12.696,0.029,12.43,,180.683,1665.444,1.950060601351026e+18,44.7,2.52,36.5,0.991,5.4,0.784,2.9,0.857,1.31,1.0,0.0,0.0,0.0,0.0,0.001,ddhd,0.0,00nn,30.0,30.0,30.0,30.0,4.0,28.0,1.0,28.0,0.0,196.4615175,0.0503,-60.7159907,0.0523,-0.0107,-82,56,-73,59,2.52,0.988,0.784,0.857,1.3,3N000,AABC,15.0,11.0,31.622,32.054,30.128,30.215,951692342,0.436,2M
2CXO J130544.8-604357,10,196.4367083333333,-60.73273888888889,1.7,1.18,51.8,3.22,False,False,False,False,False,3.0224264862344824e-14,8.920893580117824e-15,2.7142021154391973e-14,8.725000649743403e-15,1.0627978845608029e-15,1.0625000533554001e-15,2.0194458233920527e-15,1.525712805997379e-15,0.66,0.766,,88.41,,,,,,,,,,0,3.22,2.0194458233920527e-15,1.525712805997379e-15,1.0627978845608029e-15,1.0625000533554001e-15,2.7142021154391973e-14,8.725000649743403e-15,,0.0,0.66,,3.22,0,3.0224264862344824e-14,8.920893580117824e-15,10,"[6.86114183346827, 9.634754281253535]",6.86114183346827,Gaia EDR3 6055815312257280896,196.43463480839,1.0049,-60.73112498538,0.7712,6055815312257280896,1.6360425158051103e+18,50056335.0,2016.0,1.2618,1.3143,0.9601,4.438,-4.422,1.111,-0.374,1.148,0.162,0.116,-0.2211,0.1859,0.0061,0.1111,-0.2253,0.0002,0.3209,0.1539,239.0,0.0,236.0,3.0,5.5953,441.03,4.963,9.04,95.0,0.0,,1.2098,0.2374,-0.057,-0.092,-0.024,-0.051,0.053,28.0,19.0,1.70344,33.0,13.0,1.0,0.0481,5.83,0.0,0.0,1.27,0.139,0.291,0.191,0.395,-104.93,-24.942,-43.294,-20.498,0.0,265.0,100.8,0.76659,131.494,20.678688,0.008705,15.0,21.785,3.8133,5.713,21.99315,0.190072,28.0,97.871,6.5679,14.901,19.771261,0.072959,0,0,0,0,1.0,1.187,2.22189,1.314463,0.907427,,,0.0,,,,304.6801463831,2.0920733175,225.3020314099,-48.1874636881,,,,,20.665968,0.008613,101.99,-0.179,196.43467500836,18.0181,-60.73112332107,18.5517,0.1358,6.861,196.43463480839,-60.73112498538,4097.25928,2387.67773,9218.88281,5973.87891,2620.72046,8238.7627,20133,[],,,,,,,,,,,,,,,,,,,,,,,,,,,,,,,,,,,,,,,,,,,,,,,,,,,,,,,,,,,,,,,[],,,,,,,,,,,,,,,,,,,,,,,,,,,,,,,,,,,,,,,,,,,,,,,,,,,,,,,,,,,,,,,,,,,,,,,,,,[],,,,,,,,,,,,,,,,,,,,,,,,,,,,,,,,,,,,,,,,,,,,,,,,,,,[],,,,,,,,,,,,,,,,,,,,,,,,,,,,,,,,,,,,,,,,,,,,,,,,,,,,,,,,,,,,,,,,,,,,,,,,,,,,,
2CXO J130559.3-603955,11,196.49741666666665,-60.66546944444444,2.32,1.9,55.9,1.83,False,False,False,False,False,1.1217704942159532e-14,5.120009647323301e-15,2.6457852036223014e-15,1.998918871863812e-15,1.014111276780442e-15,7.661718595111295e-16,7.557808461756788e-15,4.651000195020813e-15,0.33,0.415,,86.58,,,,,,,,,,0,1.83,7.557808461756788e-15,4.651000195020813e-15,1.014111276780442e-15,7.661718595111295e-16,2.6457852036223014e-15,1.998918871863812e-15,,0.0,0.33,,1.83,0,1.1217704942159532e-14,5.120009647323301e-15,11,"[0.4900338463389213, 1.062792455177814, 1.92840350873707, 3.4465592319465252, 8.509798362574958, 8.955792951937523, 9.12908821929708, 9.557386622644922]",0.4900338463389213,Gaia EDR3 6055824486302461440,196.49713899221,0.248,-60.66547427119,0.2682,6055824486302461440,1.6360425158051103e+18,1789229008.0,2016.0,0.2626,0.39,0.6734,3.834,-3.732,0.325,-0.877,0.37,0.2045,0.0769,-0.2042,0.1388,-0.0526,0.1332,-0.1999,0.062,0.2284,0.2265,449.0,0.0,444.0,5.0,14.4304,1067.57,2.206,11.4,95.0,0.0,,1.3937,0.0722,-0.041,-0.152,-0.045,-0.125,0.077,51.0,26.0,0.545126,61.0,18.0,0.0,0.0328,44.9,6.0,0.0,1.524,0.215,0.257,0.0936,0.152,-100.232,-57.673,33.619,-6.999,0.0,483.0,363.59,1.0919,332.988,19.285835,0.004269,54.0,127.13,4.847,26.228,20.077929,0.04149,55.0,679.82,5.3932,126.051,17.666912,0.009406,0,54,0,55,0.0,2.219,2.411017,0.792093,1.618923,,,0.0,,,,304.7143897331,2.1559072521,225.2833839082,-48.1161124965,,,336261708,,19.269745,0.004232,369.02,0.826,196.49717284849,5.2497,-60.66547037527,5.9774,0.2098,0.49,196.49713899221,-60.66547427119,3345.36548,2178.50049,5546.3667,4080.53369,3022.68359,5967.54297,10033,[0.573],0.573,196.497107,-60.665421,0.1,0.09,93.0,13055930-6039555,16.076,0.114,0.115,9.2,14.981,0.075,0.075,12.8,14.949,0.137,0.137,7.0,BAC,222,111,00c,262616,11.4,108.0,951691732.0,0.0,0.0,951691726.0,s,2000-02-20,108.0,304.714,2.156,124.2,2451594.8278,1.14,0.84,1.13,15.663,0.141,14.741,0.08,14.383,0.172,2932.0,128.0,nw,0.0,1.0,0,,,,,0.0,,51037.0,1173832.0,44.0,Opt,[],,,,,,,,,,,,,,,,,,,,,,,,,,,,,,,,,,,,,,,,,,,,,,,,,,,,,,,,,,,,,,,,,,,,,,,,,,"[0.72, 0.723, 8.133, 8.352]",0.72,1950m606o0090988,196.4975883,-60.665288,898.046,897.473,65.168,65.085,1821.5,2244.7,0.012,0.032,0.012,0.033,13.242,41.093,1.0,1.0,26.07,16.34,0.4774,0.2446,1727.2,2099.3,13.538,42.008,2.6313,2.8512,0.00258022,0.012239,0.000284637,0.000757,-86.596,-89.098,196.4975883,196.4977382,-60.665288,-60.6657241,1950m606,1950m606w1o0096270,1950m606w2o0083037,156.0,137.0,1.0,1.0,160.0,162.0,0.0,0.0,1.0,[],,,,,,,,,,,,,,,,,,,,,,,,,,,,,,,,,,,,,,,,,,,,,,,,,,,,,,,,,,,,,,,,,,,,,,,,,,,,,
2CXO J130703.6-604653,12,196.7653333333333,-60.78162222222222,0.93,0.83,162.3,4.87,False,False,False,False,False,4.2665797168290514e-14,9.709738418213711e-15,3.473116349155842e-14,9.216860773542086e-15,5.458e-15,2.414e-15,2.4766336767320943e-15,1.871123093566126e-15,0.89,0.749,,90.4,,,,,,,,,,0,4.87,2.4766336767320943e-15,1.871123093566126e-15,5.458e-15,2.414e-15,3.473116349155842e-14,9.216860773542086e-15,,0.0,0.89,,4.87,0,4.2665797168290514e-14,9.709738418213711e-15,12,"[2.122279117434357, 5.967995178985619, 6.148716991470573, 6.3166697003330015, 6.344671827966914, 6.938384900824713, 7.350688651255646, 8.942803207813434, 9.586952813694204]",2.122279117434357,Gaia EDR3 6055807650032046080,196.76435660826,0.0959,-60.78196895145,0.1144,6055807650032046080,1.6360425158051103e+18,281728103.0,2016.0,0.2432,0.1525,1.5942,12.689,-12.519,0.126,2.068,0.148,0.0132,0.1103,-0.2862,0.1769,0.079,0.1591,-0.4283,0.0049,0.1818,0.0558,462.0,0.0,460.0,2.0,0.1533,478.6,0.0,0.0,31.0,0.0,1.398,,,,,,,,54.0,24.0,0.213101,62.0,22.0,0.0,0.0279,22.4,0.0,0.0,1.004,0.235,0.267,0.151,0.167,-104.026,-65.444,48.839,-11.417,0.0,523.0,700.69,0.9278,755.217,18.573551,0.003108,54.0,248.29,4.9677,49.98,19.351158,0.021902,56.0,638.32,5.7462,111.086,17.7353,0.010479,2,2,0,0,0.0,1.265,1.615858,0.777607,0.838251,,,0.0,,,,304.8380991312,2.0319583349,225.5437578623,-48.1371326287,,,336261327,,18.573551,0.003108,700.69,-0.019,196.76447059166,2.0417,-60.78197814356,2.4113,0.0383,2.122,196.76435660826,-60.78196895145,4596.43359,2958.34253,7599.93457,3300.23145,2494.38135,4636.82959,10033,"[6.246, 6.404]",6.246,196.764236,-60.779972,0.14,0.14,45.0,13070341-6046478,16.042,0.132,0.132,10.1,14.958,,,,14.423,,,,BUU,200,100,c00,160000,6.9,13.0,951836698.0,0.0,0.0,951836674.0,s,2000-02-20,109.0,304.838,2.034,82.9,2451594.8359,1.83,,,15.73,0.148,,,,,3351.0,170.0,nw,0.0,1.0,U,2.6,54,18.7,17.5,1.0,,51038.0,1173871.0,233.0,Opt,"[0.759, 5.303]",0.759,1980m606_b0-084088,196.7650784,0.0192,-60.7817924,0.0244,J130703.61-604654.4,-0.0062,1815.748,749.969,14.9,51.9,4.6,44.0,47.7,16.36,12.0,12.0,12.0,12.0,57072.362405,196.7650691,0.0192,-60.7817783,0.0241,-0.0059,-0.03781,0.0058,0.06494,0.007,112.0,115.6,3000.0,30.0,4400.0,40.0,13.802,0.01,20.55,13.405,0.009,4.896,12.63,2N000,0.102,-0.044,5.304,-0.028,2.148,225.544024,0.022,-48.136789,0.022,-0.1,0.044,0.086,0.044,2.28,1.957,1.45,114.0,3,3,3,3,-0.076,0.022,-0.06,0.022,0.093,0000,00,WISEA,"[1.872, 5.275]",1.872,1980m606o0019731,196.764771,-60.7811805,749.76,749.437,1814.957,1814.683,2189.4,3620.3,0.011,0.019,0.01,0.018,13.6,37.838,1.0,1.0,174.9,17.68,0.4667,0.5527,2125.4,3613.9,13.864,38.737,2.6227,2.8481,0.0113977,0.00570995,0.000245374,0.000418,-95.512,-97.706,196.764771,196.7651897,-60.7811805,-60.7814311,1980m606,1980m606w1o0020368,1980m606w2o0051327,158.0,146.0,1.0,1.0,0.0,0.0,0.0,0.0,1.0,[0.672],0.672,J130703.63-604654.4,196.7651252,-60.7817788,0.1148,0.1053,19.5,Im,13.901,0.058,13.398,0.047,10.814,0.106,8.597,0.256,,,,,,,3630.333,1498.997,1.9800606013510134e+18,18.7,2.93,23.2,1.59,10.2,1.28,4.2,1.03,1.8,2.0,0.0,0.0,0.014,0.0,0.0,0000,0.0,100n,32.0,32.0,31.0,31.0,16.0,31.0,0.0,31.0,0.0,196.7650816,0.1122,-60.7818869,0.1201,0.0278,45,152,132,164,2.91,1.67,1.28,1.03,1.82,2Y043,AAAB,15.0,11.0,32.803,31.668,31.953,31.384,,,2M
2CXO J130642.1-604910,13,196.6758333333333,-60.819675,1.52,0.9,7.3,3.76,False,False,False,False,False,3.064302388426809e-14,8.716821974157151e-15,2.546e-14,8.330000000000001e-15,2.929e-15,1.922e-15,2.254023884268095e-15,1.7029390268441704e-15,0.596,0.418,,91.35,,,,,,,,,,0,3.76,2.254023884268095e-15,1.7029390268441704e-15,2.929e-15,1.922e-15,2.546e-14,8.330000000000001e-15,,0.0,0.596,,3.76,0,3.064302388426809e-14,8.716821974157151e-15,13,"[1.269320091612057, 3.7933392069958036, 8.050211748464767, 8.133073514055516, 8.680330259803556, 8.833375542029255]",1.269320091612057,Gaia EDR3 6055807478231498368,196.67654174216,0.1246,-60.81974587854,0.1596,6055807478231498368,1.6360425158051103e+18,188529868.0,2016.0,0.2273,0.2009,1.1314,6.352,-6.252,0.172,1.121,0.231,-0.0705,0.1074,-0.2712,0.2575,-0.0327,0.2267,-0.4641,-0.1219,0.1376,-0.0303,453.0,0.0,452.0,1.0,-1.3033,426.47,0.0,0.0,31.0,0.0,1.362,,,,,,,,54.0,25.0,0.332899,63.0,19.0,0.0,0.0211,161.0,0.0,0.0,0.956,0.228,0.221,0.0652,0.221,-92.051,-68.104,41.547,-6.401,0.0,518.0,523.85,0.91456,572.792,18.889343,0.003344,51.0,163.61,4.0402,40.496,19.804018,0.026956,49.0,499.44,5.2256,95.575,18.001694,0.011972,0,1,0,1,0.0,1.266,1.802324,0.914675,0.88765,,,0.0,,,,304.7930429072,1.996818307,225.5233856094,-48.1926100187,,,336266700,,18.889343,0.003344,523.85,-0.043,196.67659873206,2.7804,-60.81975086254,3.7733,-0.0502,1.269,196.67654174216,-60.81974587854,4335.5083,3055.9209,5711.48242,3472.38135,2433.06641,4439.99902,10033,[3.579],3.579,196.674509,-60.820431,0.07,0.07,45.0,13064188-6049135,15.442,0.065,0.066,16.4,14.872,0.081,0.081,14.1,14.838,0.127,0.127,7.7,AAB,222,111,000,160606,10.4,135.0,951693611.0,0.0,0.0,951693582.0,s,2000-02-20,108.0,304.792,1.996,-187.9,2451594.828,0.73,0.74,0.94,15.61,0.095,14.856,0.134,15.145,0.363,3489.0,64.0,ne,1.0,1.0,U,0.4,257,18.1,17.0,2.0,,51037.0,1173832.0,44.0,Opt,[2.812],2.812,1980m606_b0-114266,196.6747602,0.0542,-60.820255,0.0682,J130641.94-604912.9,-0.0026,1872.442,698.496,-8.46,40.0,0.0,31.58,47.3,0.0,12.0,12.0,12.0,12.0,57168.521494,196.6747795,0.0658,-60.8202367,0.0838,0.0165,0.02054,0.0184,-0.01001,0.0214,56.1,20.2,1600.0,30.0,1100.0,50.0,14.484,0.019,2.418,14.923,0.054,1.142,1.768,2N000,0.392,0.07,3.125,0.146,1.842,225.522738,0.059,-48.193526,0.064,-0.013,0.118,0.39,0.128,0.109,3.055,0.59,0.92,3,3,3,3,-0.003,0.072,-0.01,0.061,,,00,WISEA,"[2.667, 6.132]",2.667,1980m606o0058240,196.6747804,-60.8202092,697.55,697.571,1871.428,1871.427,1524.5,1380.7,0.014,0.042,0.013,0.04,12.298,31.775,1.0,1.0,17.63,4.036,0.6391,0.6548,1536.6,1436.7,12.593,32.68,2.629,2.849,0.0018779,-0.00475335,0.000312669,0.00089,-89.388,-95.795,196.6747804,196.6747821,-60.8202092,-60.8201931,1980m606,1980m606w1o0059941,1980m606w2o0075850,157.0,150.0,1.0,1.0,0.0,0.0,0.0,0.0,1.0,[],,,,,,,,,,,,,,,,,,,,,,,,,,,,,,,,,,,,,,,,,,,,,,,,,,,,,,,,,,,,,,,,,,,,,,,,,,,,,
2CXO J130657.4-604824,14,196.7392083333333,-60.80678333333333,1.06,0.78,178.0,4.76,False,False,False,False,False,,,3.3345205800342375e-14,1.0026837100300263e-14,1.133441251064344e-14,3.798067605132342e-15,,,0.397,0.269,,91.08,,,,,,,,,,0,4.76,7.978845608028655e-18,6.028102749890869e-18,1.133441251064344e-14,3.798067605132342e-15,3.3345205800342375e-14,1.0026837100300263e-14,,-1.0,,,,1,4.4687597156593844e-14,1.072207144665322e-14,14,"[0.6438120696509833, 1.0712702583544464, 3.2892651611778043, 4.788417841212244, 6.919506181795569, 7.5653730189280095, 9.347376444033408, 9.413703877786105]",0.6438120696509833,Gaia EDR3 6055807542655504640,196.73919704819,0.1494,-60.80696208529,0.2993,6055807542655504640,1.6360425158051103e+18,933927109.0,2016.0,0.0193,0.2704,0.0715,6.05,-6.017,0.194,-0.634,0.312,-0.2963,0.1976,-0.2406,0.4208,0.0656,0.4584,-0.522,0.1793,-0.0514,-0.0893,317.0,0.0,317.0,0.0,0.6779,343.79,0.352,0.444,95.0,0.0,,1.3942,0.048,-0.03,-0.076,-0.027,0.001,0.135,37.0,17.0,0.479585,60.0,17.0,2.0,0.0276,155.0,0.0,40.0,1.026,0.303,0.554,0.259,0.179,-102.543,-88.091,44.584,12.322,0.0,373.0,473.2,1.0906,433.896,18.999762,0.003722,0.0,,,,,,0.0,,,,,,,,,,2.0,,,,,,,0.0,,,,304.8243257098,2.0077530336,225.5500377917,-48.1646610461,,,,,18.999762,0.003722,473.2,,196.73925187358,3.1495,-60.80695926657,5.1538,-0.1318,0.644,196.73919704819,-60.80696208529,5125.18311,3643.24414,8339.08105,,,,10099,"[1.182, 7.52]",1.182,196.73988,-60.806805,0.06,0.06,90.0,13065757-6048244,14.209,0.042,0.044,54.8,13.292,0.039,0.04,60.6,12.871,0.041,0.042,47.1,AAA,222,111,000,666666,8.7,270.0,951836317.0,0.0,0.0,951836316.0,s,2000-02-20,109.0,304.825,2.008,125.6,2451594.8359,4.09,3.92,1.89,14.045,0.013,13.122,0.048,12.749,0.05,3447.0,127.0,nw,0.0,1.0,U,1.7,208,17.1,15.9,1.0,,51038.0,1173871.0,233.0,Opt,"[1.008, 7.891]",1.008,1980m606_b0-028422,196.7397823,0.03,-60.8067773,0.0351,J130657.54-604824.3,-0.0065,1831.283,716.958,-8.97,42.9,8.82,3.05,41.9,1.64,12.0,12.0,12.0,12.0,57129.958221,196.7397765,0.031,-60.8067714,0.0363,-0.0059,0.00868,0.0058,-0.00398,0.007,62.9,84.4,10000.0,200.0,10000.0,100.0,12.498,0.017,1.769,12.489,0.013,1.755,1.749,3N000,0.042,0.024,0.475,-0.027,1.125,225.550215,0.032,-48.164348,0.033,-0.022,0.065,0.036,0.067,0.346,0.536,8.54,8.42,3,3,3,3,-0.015,0.033,-0.016,0.033,0.041,0000,00,WISEA,"[1.188, 7.425]",1.188,1980m606o0018794,196.7398844,-60.8067699,715.962,715.963,1830.216,1830.269,9428.4,9956.3,0.003,0.007,0.003,0.007,19.538,45.566,1.0,1.0,32.42,8.482,0.9088,0.9068,9579.3,10170.0,19.898,46.619,2.6235,2.8452,-0.000907481,-0.00226456,9.879e-05,0.000203,-98.578,-103.74,196.7398844,196.7398017,-60.8067699,-60.8067684,1980m606,1980m606w1o0019419,1980m606w2o0016230,159.0,150.0,1.0,1.0,0.0,0.0,0.0,0.0,1.0,"[0.962, 7.403]",0.962,J130657.54-604824.3,196.7397557,-60.8067719,0.0728,0.0691,14.5,Im,12.571,0.033,12.539,0.037,11.986,,9.257,,14.209,0.044,13.292,0.04,12.871,0.042,3661.489,1432.957,1.9800606013510129e+18,33.0,4.79,29.1,1.86,0.7,0.83,-0.4,0.947,2.13,1.0,0.0,0.0,0.0,0.0,0.001,0000,1.0,11nn,32.0,32.0,32.0,32.0,0.0,30.0,0.0,30.0,0.0,196.7397353,0.0711,-60.8067725,0.0746,0.0106,-193,71,-11,75,4.79,1.86,0.83,0.947,2.13,1N000,AAUU,3.0,11.0,32.2,32.447,31.317,30.894,951836316,0.249,2M
2CXO J130715.3-604656,15,196.8138333333333,-60.782352777777774,2.26,1.48,166.6,2.38,False,False,False,False,False,1.8901826602447535e-14,7.725988774830853e-15,1.3378027136726081e-14,7.236697722896865e-15,3.2418496218252617e-15,2.085378552275235e-15,2.281949843896195e-15,1.7240373864687886e-15,0.141,0.023,,90.51,,,,,,,,,,0,2.38,2.281949843896195e-15,1.7240373864687886e-15,3.2418496218252617e-15,2.085378552275235e-15,1.3378027136726081e-14,7.236697722896865e-15,,0.0,0.141,,2.38,0,1.8901826602447535e-14,7.725988774830853e-15,15,"[2.0304437875524286, 3.1194561612146345, 3.5082589685124144, 3.7144764864319892, 4.964149183771474, 5.196885609400436, 7.671822859052205, 8.396932167967993, 8.587925548345776, 9.010898435826778]",2.0304437875524286,Gaia EDR3 6055808852623003904,196.81269992051,0.2757,-60.78246243173,0.2917,6055808852623003904,1.6360425158051103e+18,1186115814.0,2016.0,1.4356,0.4466,3.2146,6.551,-6.545,0.34,-0.275,0.402,0.1626,0.2904,-0.1424,0.243,0.1547,0.1893,-0.1731,0.0792,0.2269,0.1913,443.0,0.0,441.0,2.0,3.8965,583.49,1.631,3.61,95.0,0.0,,1.4551,0.0834,-0.075,-0.071,0.024,-0.053,0.024,52.0,21.0,0.584748,62.0,18.0,0.0,0.033,170.0,0.0,0.0,1.134,0.263,0.236,0.114,0.164,-103.206,-57.047,47.103,-10.774,0.0,519.0,218.43,0.74738,292.255,19.83911,0.004625,45.0,67.756,5.8938,11.496,20.76117,0.094484,45.0,288.92,6.026,47.946,18.59595,0.022958,0,45,0,45,0.0,1.633,2.16522,0.92206,1.24316,,,0.0,,,,304.8616376786,2.0300258031,225.5732156738,-48.1240735195,,,,,19.827399,0.004593,220.79,0.275,196.812759515,5.4923,-60.78246120863,6.4818,0.1679,2.03,196.81269992051,-60.78246243173,1426.51025,909.828918,2203.65674,1939.48999,1626.46094,3609.60498,10033,"[5.38, 8.379, 8.887]",5.38,196.816868,-60.782551,0.08,0.08,45.0,13071604-6046571,15.466,0.066,0.067,17.2,14.983,0.093,0.093,12.8,14.434,,,,AAU,220,110,cc0,360600,7.8,161.0,951836616.0,0.0,0.0,951836641.0,s,2000-02-20,109.0,304.864,2.03,-9.6,2451594.8359,1.31,0.69,,15.47,0.056,14.975,0.125,,,3360.0,243.0,ne,0.0,1.0,U,0.1,74,17.9,16.8,1.0,,51038.0,1173871.0,233.0,Opt,"[3.118, 8.354, 9.694]",3.118,1980m606_b0-105851,196.815183,0.0642,-60.7829149,0.0849,J130715.64-604658.4,0.0272,1783.705,749.092,17.24,50.9,8.25,90.04,43.2,18.3,12.0,12.0,12.0,12.0,57121.826279,196.8152632,0.0428,-60.7829039,0.0601,0.015,0.23254,0.0169,0.09374,0.0157,48.7,39.3,1700.0,30.0,1500.0,40.0,14.441,0.022,14.7,14.558,0.028,5.606,10.08,2N000,0.0,0.252,12.391,0.117,3.373,225.575077,0.067,-48.123756,0.083,-0.045,0.136,0.0,0.167,0.331,0.0,582.0,0.95,3,3,3,3,0.051,0.047,0.033,0.062,,,00,WISEA,"[1.783, 3.998, 8.284, 8.483]",1.783,1980m606o0207546,196.8142318,-60.7828082,0.0,748.214,0.0,1783.313,0.0,1894.3,0.0,0.039,0.0,0.036,0.0,38.25,0.0,1.0,0.0,35.83,0.0,0.1869,0.0,1876.8,0.0,39.126,0.0,2.8467,0.0,0.0162306,0.0,0.000825,0.0,-104.44,0.0,196.8142318,0.0,-60.7828082,1980m606,,1980m606w2o0123393,0.0,154.0,0.0,1.0,0.0,0.0,0.0,0.0,1.0,[8.705],8.705,J130715.61-604704.9,196.8150468,-60.7846971,0.0433,0.0407,133.9,Im,11.748,0.023,11.887,0.024,11.973,0.301,8.876,,12.993,0.033,12.369,0.045,12.193,0.037,3566.408,1492.534,1.9800606013510124e+18,48.1,24.1,44.9,5.14,3.6,0.862,1.2,0.957,7.95,1.0,0.0,0.0,0.0,0.0,0.0,0000,1.0,32nn,32.0,32.0,32.0,32.0,1.0,31.0,0.0,31.0,0.0,196.8150421,0.0434,-60.7846954,0.0429,-0.0103,-49,48,25,49,24.1,5.14,0.862,0.957,7.95,1N000,AABU,7.0,11.0,32.483,32.996,32.178,32.405,951836615,0.382,2M
2CXO J130600.2-603715,16,196.50104166666665,-60.62101388888889,2.6,1.4,88.8,2.37,False,False,False,False,False,1.4396266249817056e-14,6.475321041055669e-15,7.596797884560804e-15,5.773500009819021e-15,5.275508854122781e-15,2.6964481847297215e-15,1.523959511133473e-15,1.151367625229156e-15,0.592,0.761,,85.31,,,,,,,,,,0,2.37,1.523959511133473e-15,1.151367625229156e-15,5.275508854122781e-15,2.6964481847297215e-15,7.596797884560804e-15,5.773500009819021e-15,,0.0,0.592,,2.37,0,1.4396266249817056e-14,6.475321041055669e-15,16,"[1.4936630693674031, 2.7377085352773896, 3.0461518890755253, 3.974820536784842, 5.7336392821175055, 6.229440464564379, 6.779677053560771, 6.917405623335718, 8.052988003368327, 8.558846679086471]",1.4936630693674031,Gaia EDR3 6055825482776509824,196.50105859862,0.0358,-60.62142871214,0.0442,6055825482776509824,1.6360425158051103e+18,187359247.0,2016.0,0.175,0.0577,3.031,5.19,-5.167,0.048,-0.489,0.062,0.1842,-0.0785,-0.1211,0.1116,-0.0784,0.1068,-0.3102,0.0672,0.1712,0.2071,441.0,0.0,439.0,2.0,0.8421,487.99,0.0,0.0,31.0,0.0,1.245,,,,,,,,51.0,26.0,0.0898888,60.0,18.0,0.0,0.00228,85.7,0.0,0.0,1.028,0.236,0.292,0.0859,0.152,-87.731,-65.333,25.174,-1.2,0.0,491.0,3958.4,2.4998,1583.467,16.693563,0.002839,55.0,634.95,4.7674,133.185,18.3317,0.008616,52.0,5163.8,8.331,619.827,15.465473,0.004166,0,21,0,22,0.0,1.465,2.866226,1.638136,1.22809,,,0.0,,,,304.718801646,2.1997737176,225.2480837945,-48.0788581106,,,336237998,,16.693563,0.002839,3958.4,0.004,196.50110540687,0.766,-60.62142653757,1.0134,0.1934,1.494,196.50105859862,-60.62142871214,4778.98145,3933.22607,6337.27344,4110.59375,3588.90991,5516.23584,10033,[1.541],1.541,196.501097,-60.621441,0.06,0.06,0.0,13060026-6037171,13.021,0.021,0.024,152.8,12.038,0.024,0.025,192.2,11.653,0.023,0.024,144.6,AAA,222,111,000,666666,12.8,296.0,951691192.0,0.0,0.0,951691209.0,s,2000-02-20,108.0,304.719,2.2,117.3,2451594.8278,0.81,0.58,0.94,13.036,0.014,12.061,0.039,11.67,0.026,2774.0,135.0,nw,0.0,1.0,U,0.3,294,19.2,16.8,1.0,,51037.0,1173831.0,33.0,Opt,[1.428],1.428,1950m606_b0-009796,196.5010948,0.02,-60.6214098,0.0232,J130600.26-603717.1,0.0031,62.601,956.407,-25.61,33.9,10.88,-1.13,33.4,14.96,12.0,12.0,12.0,12.0,57123.569652,196.5011107,0.0198,-60.6214228,0.0229,0.0026,-0.01251,0.004,0.00386,0.0045,95.2,122.6,32000.0,300.0,27000.0,200.0,11.253,0.011,1.37,11.426,0.009,0.8333,1.094,2N000,0.066,0.009,0.149,0.02,1.278,225.248102,0.021,-48.078844,0.022,0.017,0.042,0.022,0.045,0.405,0.49,0.653,10.1,3,3,3,3,0.003,0.021,0.007,0.021,0.033,0h00,00,WISEA,"[1.582, 1.588]",1.582,1980m606o0025476,196.5011399,-60.6214508,955.308,955.324,1988.188,1988.209,30223.0,26952.0,0.001,0.003,0.001,0.003,30.381,62.498,1.0,1.0,92.54,10.44,0.9652,0.9538,30234.0,26965.0,30.923,63.803,2.6246,2.8462,0.000683069,0.000214219,5.57075e-05,0.000112,-97.087,-100.21,196.5011399,196.5011065,-60.6214508,-60.6214383,1980m606,1980m606w1o0026232,1980m606w2o0022029,159.0,150.0,0.0,0.0,0.0,0.0,0.0,0.0,0.0,[1.461],1.461,J130600.27-603717.1,196.5011272,-60.6214176,0.0458,0.0443,136.8,Im,11.301,0.024,11.424,0.025,11.514,0.267,9.474,,13.021,0.024,12.038,0.025,11.653,0.024,124.341,1911.841,1.9500606013510254e+18,44.5,1.24,42.9,1.05,4.1,0.745,0.1,0.984,1.01,1.0,0.0,0.0,0.0,0.0,0.0,0h00,0.0,00nn,32.0,32.0,32.0,32.0,1.0,29.0,0.0,29.0,0.0,196.5011298,0.0462,-60.6214185,0.0461,-0.0093,22,44,-16,45,1.24,1.05,0.745,0.984,1.01,1N000,AABU,7.0,11.0,32.056,32.555,29.512,29.638,951691209,0.1,2M
