_rs_catwise,_q,_r_catwise,objID_catwise,RA_ICRS_catwise,e_RA_ICRS_catwise,DE_ICRS_catwise,e_DE_ICRS_catwise,Name_catwise,ePos_catwise,Xpos_catwise,Ypos_catwise,skyW1_catwise,e_skyW1_catwise,confW1_catwise,skyW2_catwise,e_skyW2_catwise,confW2_catwise,nW1_catwise,mW1_catwise,nW2_catwise,mW2_catwise,MJD_catwise,RAPMdeg_catwise,e_RAPMdeg_catwise,DEPMdeg_catwise,e_DEPMdeg_catwise,ePosPM_catwise,pmRA_catwise,e_pmRA_catwise,pmDE_catwise,e_pmDE_catwise,snrW1pm_catwise,snrW2pm_catwise,FW1pm_catwise,e_FW1pm_catwise,FW2pm_catwise,e_FW2pm_catwise,W1mproPM_catwise,e_W1mproPM_catwise,chi2W1pm_catwise,W2mproPM_catwise,e_W2mproPM_catwise,chi2W2pm_catwise,chi2pm_catwise,pmQual_catwise,Dist_catwise,dW1mpro_catwise,chi2dW1mpro_catwise,dW2mpro_catwise,chi2dW2mpro_catwise,ELONavg_catwise,e_ELONavg_catwise,ELATavg_catwise,e_ELATavg_catwise,dELON_catwise,e_dELON_catwise,dELAT_catwise,e_dELAT_catwise,snrdELON_catwise,snrdELAT_catwise,chi2pmRA_catwise,chi2pmDE_catwise,ka_catwise,k1_catwise,k2_catwise,km_catwise,plx1_catwise,e_plx1_catwise,plx2_catwise,e_plx2_catwise,Sep_catwise,ccf_catwise,abf_catwise,WISEA_catwise
"[0.411, 4.255]",1.0,0.411,1670m591_b0-002380,165.9816755,0.0281,-58.7982554,0.0244,J110355.60-584753.7,0.0125,1742.377,1365.818,54.94,46.9,0.0,109.9,49.5,0.0,13.0,13.0,13.0,13.0,56999.779261,165.9816941,0.0292,-58.7982702,0.025,0.0134,-0.00192,0.0033,0.01352,0.0038,56.5,88.7,120000.0,2000.0,120000.0,1000.0,9.829,0.019,0.9231,9.84,0.012,0.9588,0.9348,2N000,0.018,-0.005,0.018,0.001,0.002,204.12559,0.023,-56.582916,0.029,-0.027,0.046,0.003,0.058,0.577,0.047,9.88,5.66,3,3,3,3,-0.027,0.024,-0.019,0.024,0.484,0000,00,WISEA
"[0.476, 9.069]",2.0,0.476,1670m591_b0-006745,166.0618696,0.018,-58.8848109,0.021,J110414.85-585305.3,0.0014,1686.333,1253.342,40.65,24.4,2.29,149.14,48.5,0.0,13.0,13.0,13.0,13.0,57011.018743,166.0618876,0.0177,-58.8848256,0.0207,-0.001,-0.00617,0.0033,0.00174,0.0038,117.2,122.7,42000.0,400.0,37000.0,300.0,10.946,0.009,3.276,11.081,0.009,0.8656,2.057,3N000,0.078,0.014,0.497,0.005,0.08,204.28958,0.02,-56.615533,0.02,0.032,0.039,0.011,0.039,0.826,0.277,4.53,31.7,3,3,3,3,0.004,0.019,0.008,0.02,0.062,0d00,00,WISEA
[0.263],3.0,0.263,1670m591_b0-026623,166.0629999,0.0249,-58.7625913,0.0301,J110415.12-584545.3,0.0059,1687.909,1413.342,7.06,28.1,0.0,110.32,43.0,3.98,13.0,13.0,13.0,13.0,56997.464435,166.0630194,0.0253,-58.762604,0.0305,0.0067,-0.01842,0.0052,0.02384,0.0065,81.6,89.3,7700.0,90.0,6800.0,80.0,12.787,0.013,2.399,12.926,0.012,2.059,2.214,1N000,0.163,-0.033,1.492,0.013,0.254,204.134859,0.027,-56.527938,0.028,0.109,0.057,-0.055,0.057,1.897,0.955,0.00912,11.9,3,3,3,3,0.027,0.029,0.046,0.029,0.606,0h00,00,WISEA
"[0.699, 8.199]",4.0,0.699,1670m591_b0-022068,166.0774703,0.0286,-58.7911782,0.0347,J110418.59-584728.3,-0.0016,1677.546,1376.062,14.51,27.3,7.57,48.14,38.8,9.85,13.0,13.0,13.0,13.0,56997.497452,166.0774842,0.029,-58.7911913,0.0354,-0.0021,-0.02202,0.0051,0.01132,0.0059,71.0,77.4,9700.0,100.0,8300.0,100.0,12.529,0.015,1.464,12.699,0.014,1.489,1.468,2N000,0.031,0.014,0.212,0.008,0.08,204.18087,0.032,-56.543096,0.032,-0.041,0.064,-0.031,0.064,0.649,0.484,6.21,21.4,3,3,3,3,-0.047,0.033,-0.033,0.032,0.02,0000,00,WISEA
"[2.882, 3.671]",5.0,2.882,1670m591_b0-056570,166.0845529,0.0353,-58.836994,0.0463,J110420.29-585013.2,0.0164,1671.884,1316.157,60.17,37.9,39.68,115.36,39.1,20.42,13.0,13.0,13.0,13.0,57026.300314,166.0845651,0.0388,-58.8369938,0.0515,0.0187,-0.02324,0.0109,0.02827,0.0128,60.9,45.7,2300.0,40.0,1900.0,40.0,14.082,0.018,8.458,14.282,0.024,3.14,5.758,1N000,0.162,0.025,0.566,0.033,0.567,204.243865,0.038,-56.573219,0.044,-0.115,0.075,0.146,0.089,1.527,1.644,1.09,55.7,3,3,3,3,-0.113,0.041,-0.095,0.04,1.255,hh00,00,WISEA
[2.616],6.0,2.616,1670m591_b0-211095,166.0965161,0.232,-58.9134426,0.2595,J110423.17-585448.4,0.0594,1662.366,1216.199,72.83,34.0,0.0,148.06,38.7,7.53,5.0,13.0,6.0,13.0,56924.300183,166.0965277,0.2433,-58.9134173,0.2693,0.0538,-0.03772,0.0875,0.1274,0.0959,12.9,8.8,120.0,9.0,200.0,20.0,17.288,0.084,4.199,16.738,0.123,2.387,3.271,1N001,0.0,0.447,5.255,-0.373,2.708,204.349271,0.239,-56.623373,0.253,-0.045,0.481,0.0,0.515,0.094,0.0,0.0131,2.49,3,3,3,3,-0.149,0.251,-0.086,0.258,,,00,WISEA
"[3.104, 9.418]",7.0,3.104,1670m591_b0-062101,166.0995054,0.024,-58.8257855,0.0293,J110423.88-584932.8,-0.003,1661.962,1330.973,37.33,23.7,7.88,169.24,40.4,23.8,13.0,13.0,13.0,13.0,56994.178941,166.0995258,0.0241,-58.8257988,0.0295,-0.0034,0.01592,0.0062,0.01607,0.0075,82.6,104.0,2800.0,30.0,2700.0,30.0,13.87,0.013,21.4,13.906,0.01,5.388,13.3,2N000,0.101,0.06,4.986,-0.049,5.336,204.239627,0.027,-56.5598,0.027,-0.016,0.054,-0.096,0.053,0.289,1.805,8.81,3.78,3,3,3,3,-0.02,0.027,-0.019,0.027,0.398,0h00,00,WISEA
"[0.332, 5.928, 6.286, 8.647]",8.0,0.332,1670m591_b0-011158,166.1014638,0.0259,-58.8097179,0.0325,J110424.35-584835.0,0.0046,1660.93,1352.024,59.62,46.9,9.93,122.27,50.4,8.74,13.0,13.0,13.0,13.0,57004.746015,166.1014824,0.026,-58.809733,0.0326,0.0047,-0.01351,0.0037,0.00907,0.0044,62.1,88.4,20000.0,300.0,20000.0,200.0,11.731,0.017,4.075,11.768,0.012,3.257,3.639,3N000,0.125,-0.047,1.764,-0.001,0.002,204.220516,0.029,-56.547625,0.03,0.08,0.058,0.009,0.06,1.374,0.158,0.498,9.34,3,3,3,3,0.027,0.029,0.038,0.029,0.968,0h00,00,WISEA
"[2.853, 9.499]",9.0,2.853,1670m591_b0-152060,166.1044225,0.0723,-58.8490419,0.0753,J110425.06-585056.6,0.036,1658.203,1300.576,32.32,24.4,6.48,103.03,37.3,20.62,13.0,13.0,12.0,13.0,56907.184617,166.1044417,0.0761,-58.8490392,0.0793,0.0355,0.0047,0.0257,0.09647,0.0264,46.0,24.3,560.0,10.0,680.0,30.0,15.623,0.024,4.307,15.424,0.045,1.903,3.085,1N000,0.165,-0.287,37.271,-0.152,2.777,204.272505,0.064,-56.574606,0.082,-0.051,0.129,0.165,0.166,0.397,0.994,0.898,0.276,3,3,3,3,-0.072,0.069,-0.043,0.067,,,00,WISEA
"[1.393, 8.102, 9.478, 9.58]",10.0,1.393,1670m591_b0-181466,166.1178562,0.245,-58.8998026,0.26,J110428.29-585359.3,0.079,1648.189,1234.255,63.47,28.1,21.08,164.83,41.1,27.01,10.0,13.0,13.0,13.0,56830.481505,166.117851,0.2375,-58.899654,0.1967,-0.1078,-0.16536,0.048,0.6894,0.0475,14.8,11.8,430.0,30.0,760.0,60.0,15.926,0.074,0.9975,15.302,0.092,0.9672,0.9755,3N001,0.0,0.238,0.706,0.277,2.594,204.346146,0.24,-56.605922,0.265,-0.045,0.498,0.0,0.551,0.09,0.0,11.4,389.0,3,3,3,3,0.274,0.253,0.208,0.255,,,00,WISEA
"[6.697, 8.756]",11.0,6.697,1670m591_b0-144521,166.1197263,0.0916,-58.7347526,0.1062,J110428.74-584405.1,0.0324,1649.902,1450.329,80.31,47.0,2.48,150.13,46.4,14.56,12.0,13.0,4.0,13.0,56866.434386,166.1197447,0.0982,-58.7347508,0.1141,0.0316,-0.01939,0.0316,0.04391,0.0356,36.2,5.9,510.0,10.0,220.0,40.0,15.738,0.03,1.542,16.631,0.184,1.267,1.396,1N000,0.0,0.258,17.402,0.72,3.475,204.137662,0.094,-56.487457,0.104,-0.045,0.192,0.0,0.213,0.234,0.0,0.472,1.59,3,3,3,3,-0.07,0.102,-0.046,0.103,,,00,WISEA
[0.253],12.0,0.253,1670m591_b0-001817,166.1259092,0.0172,-58.8630369,0.0201,J110430.22-585146.9,-0.0048,1643.402,1282.457,47.26,26.5,11.45,127.5,39.6,13.27,13.0,13.0,13.0,13.0,57009.728992,166.1259276,0.0149,-58.8630522,0.0178,-0.0047,-0.0146,0.0026,0.00824,0.0031,142.5,146.5,210000.0,2000.0,180000.0,1000.0,9.205,0.008,12.44,9.392,0.007,3.618,7.977,2N000,0.057,0.008,0.175,-0.012,0.595,204.304703,0.019,-56.576795,0.018,0.011,0.039,-0.011,0.036,0.293,0.298,0.372,15.1,3,3,3,3,-0.008,0.017,0.004,0.018,0.044,0ho0,00,WISEA
"[0.974, 8.846]",13.0,0.974,1670m591_b0-040816,166.1267777,0.0241,-58.8299218,0.0247,J110430.43-584947.7,0.0046,1643.407,1325.814,60.16,33.0,1.17,143.43,40.2,5.53,13.0,13.0,13.0,13.0,57019.924826,166.1268013,0.0236,-58.8299316,0.0242,0.0044,0.01053,0.0054,0.03927,0.0057,91.2,109.4,5700.0,60.0,5400.0,50.0,13.103,0.012,22.45,13.161,0.01,7.16,14.71,2N000,0.592,-0.177,51.108,0.001,0.002,204.263168,0.024,-56.552855,0.025,-0.504,0.048,-0.374,0.05,10.5,7.514,16.4,49.1,3,3,3,3,-0.28,0.024,-0.268,0.024,,,00,WISEA
"[0.15, 5.387, 7.826]",14.0,0.15,1670m591_b0-027104,166.1319618,0.0214,-58.9170114,0.0238,J110431.67-585501.3,-0.0042,1638.344,1211.859,70.52,38.2,8.95,135.79,49.2,6.38,13.0,13.0,13.0,13.0,56991.574667,166.1319781,0.021,-58.9170217,0.0235,-0.0043,-0.00417,0.0047,0.0179,0.0052,86.5,117.2,9200.0,100.0,7900.0,70.0,12.59,0.013,2.909,12.752,0.009,1.434,2.156,3N000,0.059,-0.022,0.669,-0.01,0.296,204.377517,0.023,-56.613071,0.022,-0.098,0.046,-0.026,0.045,2.12,0.585,7.86,52.3,3,3,3,3,-0.075,0.023,-0.065,0.023,2.529,0hd0,00,WISEA
"[1.589, 9.183, 9.814]",15.0,1.589,1670m591_b0-027539,166.137024,0.0196,-58.734442,0.0233,J110432.89-584404.0,-0.0059,1638.155,1450.896,93.59,44.2,17.31,130.55,47.5,26.16,13.0,13.0,13.0,13.0,57005.251205,166.1370394,0.0215,-58.7344554,0.0245,-0.0051,-0.00532,0.0049,0.01847,0.0056,94.6,119.6,8500.0,90.0,7200.0,60.0,12.674,0.011,12.45,12.857,0.009,4.407,8.372,3N000,0.038,0.08,11.658,0.081,17.78,204.148889,0.022,-56.480956,0.021,-0.083,0.046,-0.002,0.042,1.814,0.041,2.68,2.29,3,3,3,3,-0.055,0.026,-0.044,0.023,0.131,hhhp,00,WISEA
"[0.938, 8.975]",16.0,0.938,1670m591_b0-064661,166.1394452,0.0321,-58.843047,0.0376,J110433.47-585035.0,0.0052,1634.593,1308.749,51.99,33.0,0.0,117.22,41.0,0.0,13.0,13.0,13.0,13.0,57010.667029,166.1394665,0.0323,-58.8430581,0.038,0.0042,-0.01995,0.0085,0.00778,0.0096,75.7,62.3,2400.0,30.0,2500.0,40.0,14.025,0.014,8.662,14.021,0.017,2.033,5.312,2N000,0.067,0.071,5.702,0.089,6.327,204.288335,0.035,-56.557631,0.035,-0.003,0.07,0.052,0.072,0.049,0.724,2.89,20.8,3,3,3,3,-0.025,0.035,-0.012,0.036,0.331,0h00,00,WISEA
"[6.874, 9.67, 9.695]",17.0,6.874,1670m591_b0-144135,166.1418062,0.0481,-58.8197926,0.0531,J110434.03-584911.3,0.0148,1633.403,1339.211,39.52,19.6,2.75,129.89,27.2,11.12,13.0,13.0,13.0,13.0,57040.618251,166.1418401,0.0497,-58.8198038,0.0546,0.0149,0.02132,0.0174,0.01533,0.0195,65.1,28.3,660.0,10.0,620.0,20.0,15.452,0.017,1.829,15.516,0.038,1.522,1.665,1N000,0.0,0.061,3.355,0.157,3.947,204.26036,0.048,-56.540182,0.053,-0.045,0.097,0.0,0.107,0.465,0.0,2.05,2.81,3,3,3,3,-0.024,0.05,-0.025,0.051,,,00,WISEA
[0.383],18.0,0.383,1670m591_b0-005842,166.148245,0.019,-58.8069396,0.0235,J110435.58-584825.0,0.0058,1629.264,1356.095,75.06,46.2,23.5,153.01,54.9,24.02,13.0,13.0,13.0,13.0,57016.324143,166.1482623,0.0191,-58.8069556,0.0236,0.0057,-0.01575,0.0034,0.00249,0.0043,81.6,124.4,44000.0,500.0,42000.0,300.0,10.896,0.013,1.155,10.93,0.009,1.013,1.076,1N000,0.09,0.002,0.006,0.001,0.003,204.248352,0.021,-56.528672,0.022,0.044,0.041,0.011,0.044,1.067,0.238,0.0687,6.1,3,3,3,3,0.011,0.021,0.02,0.021,,,0D,WISEA
[1.363],19.0,1.363,1670m591_b0-000045,166.150395,0.038,-58.7557338,0.0429,J110436.10-584520.7,0.0136,1628.699,1423.145,61.15,29.4,29.92,129.83,34.4,35.24,13.0,13.0,13.0,13.0,56952.710217,166.1506569,0.0307,-58.7557563,0.0362,0.0122,0.04041,0.0057,0.04207,0.008,40.4,80.0,3700000.0,90000.0,5100000.0,60000.0,6.089,0.027,45.58,5.739,0.014,59.11,55.81,1N000,2.029,1.146,99.999,0.294,75.031,204.184845,0.038,-56.491311,0.043,-1.396,0.077,-1.514,0.086,18.025,17.653,670.0,18.0,3,3,3,3,-0.821,0.044,-0.817,0.047,0.818,000p,00,WISEA
[2.172],20.0,2.172,1670m591_b0-002999,166.1502777,0.0148,-58.8516589,0.0174,J110436.07-585106.0,0.0008,1627.106,1297.574,33.41,27.5,16.78,92.2,43.2,22.96,13.0,13.0,13.0,13.0,57012.567237,166.1503016,0.014,-58.8516762,0.0166,-0.002,0.00954,0.0025,0.00341,0.003,139.1,152.8,120000.0,800.0,89000.0,600.0,9.834,0.008,10.76,10.122,0.007,1.427,6.053,3N000,0.049,-0.089,25.307,0.004,0.072,204.306541,0.016,-56.559847,0.016,-0.012,0.032,-0.035,0.033,0.358,1.083,0.0,0.0,3,3,3,3,-0.006,0.016,-0.006,0.016,0.04,0000,0D,WISEA
"[0.233, 4.973, 7.988]",21.0,0.233,1670m591_b0-011848,166.1532016,0.0352,-58.7993126,0.0285,J110436.77-584757.5,0.0183,1626.036,1366.123,58.97,48.4,10.96,113.7,48.2,2.65,13.0,13.0,13.0,13.0,57006.231989,166.1532206,0.0353,-58.7993271,0.0288,0.0185,-0.01062,0.0039,0.01024,0.0044,55.3,76.3,19000.0,300.0,18000.0,200.0,11.814,0.02,2.251,11.862,0.014,1.196,1.711,3N000,0.042,0.053,1.791,0.005,0.03,204.241992,0.026,-56.521429,0.037,-0.039,0.053,0.042,0.074,0.734,0.568,0.216,15.8,3,3,3,3,-0.033,0.026,-0.023,0.027,0.433,0d0p,0D,WISEA
[6.422],22.0,6.422,1670m591_b0-000209,166.1585405,0.0199,-58.9291405,0.0237,J110438.05-585544.9,0.0029,1620.172,1196.222,46.84,43.4,32.34,119.95,57.0,24.95,13.0,13.0,13.0,13.0,56993.229144,166.15856,0.0187,-58.9291557,0.0228,0.0028,-0.0008,0.0037,0.01239,0.0042,71.4,128.6,1400000.0,20000.0,1700000.0,10000.0,7.129,0.015,18.52,6.899,0.008,3.122,10.45,1N000,0.132,0.215,35.53,0.027,2.329,204.410745,0.022,-56.612084,0.022,-0.107,0.044,-0.117,0.044,2.444,2.636,8.54,4.13,3,3,3,3,-0.067,0.021,-0.06,0.021,0.097,ph00,00,WISEA
[0.308],23.0,0.308,1670m591_b0-001571,166.1611541,0.025,-58.8248616,0.0288,J110438.68-584929.5,-0.01,1620.203,1332.75,47.35,32.2,4.95,133.39,50.1,14.38,13.0,13.0,13.0,13.0,57197.539791,166.1611779,0.0252,-58.824879,0.0289,-0.0097,0.00954,0.0048,0.00341,0.0054,61.4,95.2,200000.0,3000.0,190000.0,2000.0,9.256,0.018,0.761,9.293,0.011,0.8617,0.8051,2N000,0.03,,,,,,,,,,,,,,,,,1,1,1,1,,,,,0.085,h000,00,WISEA
[],24.0,,,,,,,,,,,,,,,,,,,,,,,,,,,,,,,,,,,,,,,,,,,,,,,,,,,,,,,,,,,,,,,,,,,,,,,,,
[0.339],25.0,0.339,1670m591_b0-006659,166.1647444,0.02,-58.8275341,0.0235,J110439.54-584939.1,-0.0073,1617.724,1329.283,52.02,33.4,0.0,126.9,49.2,0.0,13.0,13.0,13.0,13.0,57007.088483,166.1647627,0.0202,-58.827549,0.0238,-0.007,-0.01471,0.0037,0.00921,0.0044,90.2,120.0,38000.0,400.0,37000.0,300.0,11.061,0.012,1.344,11.088,0.009,1.423,1.374,1N000,0.162,-0.018,0.559,-0.018,0.959,204.285565,0.023,-56.537389,0.021,0.117,0.046,-0.014,0.041,2.545,0.345,0.335,6.86,3,3,3,3,0.045,0.023,0.056,0.023,,,00,WISEA
[6.343],26.0,6.343,1670m591_b0-021038,166.1663196,0.0189,-58.7854743,0.0222,J110439.92-584707.7,0.0104,1617.377,1384.355,51.02,35.1,3.22,138.53,43.3,7.25,13.0,13.0,13.0,13.0,56983.328894,166.1663342,0.0202,-58.7854855,0.0236,0.011,0.00151,0.0045,0.02422,0.0055,114.6,118.5,8700.0,80.0,8700.0,70.0,12.646,0.009,6.264,12.646,0.009,3.759,4.98,1N000,0.013,0.041,5.371,0.089,25.307,204.233232,0.018,-56.506789,0.023,-0.046,0.036,-0.013,0.046,1.287,0.28,37.4,26.2,3,3,3,3,-0.05,0.019,-0.039,0.019,,,00,WISEA
[0.269],27.0,0.269,1670m591_b0-005414,166.1669623,0.0186,-58.8225834,0.022,J110440.07-584921.3,-0.0032,1616.306,1335.784,52.22,30.3,0.0,125.07,46.6,0.0,13.0,13.0,13.0,13.0,57003.329793,166.166981,0.0187,-58.8225987,0.0221,-0.0032,-0.01307,0.0034,0.00494,0.0039,90.6,130.3,48000.0,500.0,46000.0,400.0,10.792,0.012,1.122,10.838,0.008,1.248,1.177,1N000,0.091,-0.017,0.498,-0.002,0.015,204.280762,0.021,-56.533052,0.02,0.023,0.041,0.059,0.041,0.565,1.461,0.0627,15.5,3,3,3,3,-0.002,0.021,0.007,0.021,0.519,hh00,00,WISEA
"[0.384, 8.184]",28.0,0.384,1670m591_b0-005772,166.171674,0.025,-58.9464225,0.0269,J110441.20-585647.1,0.0089,1611.005,1173.716,-2.38,26.7,15.18,58.17,44.8,13.63,13.0,13.0,13.0,13.0,57203.746086,166.1716979,0.025,-58.9464399,0.0269,0.0086,0.00954,0.0046,0.00341,0.0053,63.4,102.2,46000.0,700.0,43000.0,400.0,10.855,0.017,1.282,10.926,0.011,0.7221,0.9951,3N000,0.057,,,,,,,,,,,,,,,,,1,1,1,1,,,,,0.127,hhh0,00,WISEA
[9.001],29.0,9.001,1670m591_b0-115822,166.1676963,0.1105,-58.7311226,0.1354,J110440.25-584352.1,0.0398,1617.372,1455.517,126.71,54.6,4.43,222.05,59.6,20.21,13.0,13.0,11.0,13.0,56924.732047,166.1677135,0.1169,-58.7311281,0.154,0.0405,0.02559,0.0447,0.07992,0.0512,21.3,21.6,740.0,40.0,910.0,40.0,15.328,0.051,1.476,15.105,0.05,1.208,1.333,1N000,0.0,-0.153,1.742,0.36,12.383,204.165292,0.117,-56.467451,0.13,-0.045,0.237,0.0,0.266,0.19,0.0,0.81,0.134,3,3,3,3,-0.088,0.144,-0.066,0.146,,,00,WISEA
"[1.064, 7.498, 9.031]",30.0,1.064,1670m591_b0-087919,166.1777129,0.045,-58.7952716,0.0442,J110442.65-584743.0,-0.0138,1609.482,1371.63,64.63,28.5,14.33,156.51,45.2,19.26,13.0,13.0,13.0,13.0,57010.206313,166.1777852,0.0396,-58.795274,0.0384,-0.0134,0.00415,0.013,0.04084,0.0134,70.6,51.5,1300.0,20.0,1400.0,30.0,14.744,0.015,5.904,14.654,0.021,2.316,4.082,2N000,1.045,-0.34,72.386,-0.08,3.33,204.253305,0.047,-56.509652,0.042,0.608,0.096,0.815,0.087,6.345,9.403,0.146,5.26,3,3,3,3,0.28,0.041,0.296,0.043,,,00,WISEA
[],31.0,,,,,,,,,,,,,,,,,,,,,,,,,,,,,,,,,,,,,,,,,,,,,,,,,,,,,,,,,,,,,,,,,,,,,,,,,
[],32.0,,,,,,,,,,,,,,,,,,,,,,,,,,,,,,,,,,,,,,,,,,,,,,,,,,,,,,,,,,,,,,,,,,,,,,,,,
"[1.288, 8.032, 9.448]",33.0,1.288,1670m591_b0-126419,166.1820761,0.2918,-58.8587076,0.3255,J110443.70-585131.4,0.0932,1605.456,1288.628,46.66,38.6,36.48,104.33,54.3,36.19,13.0,13.0,8.0,13.0,57012.531815,166.1820829,0.3239,-58.8587292,0.3587,0.0846,0.00455,0.0562,0.04379,0.0631,10.8,5.3,780.0,70.0,730.0,100.0,15.27,0.1,0.6356,15.337,0.206,0.2389,0.4343,1N000,0.645,-0.131,0.409,-0.081,0.038,204.336793,0.294,-56.553349,0.323,0.089,0.605,-0.631,0.666,0.146,0.948,0.0479,0.0372,3,3,3,3,0.021,0.331,0.038,0.307,,,00,WISEA
[0.182],34.0,0.182,1670m591_b0-006525,166.1860526,0.0192,-58.8280782,0.0225,J110444.65-584941.1,-0.006,1603.276,1328.757,40.14,30.0,4.17,90.58,38.2,8.8,13.0,13.0,13.0,13.0,57006.205599,166.1860716,0.0193,-58.8280928,0.0227,-0.0061,-0.00884,0.0034,0.00343,0.004,91.0,125.6,38000.0,400.0,37000.0,300.0,11.039,0.012,1.168,11.075,0.009,0.7222,0.9383,1N000,0.055,-0.027,1.257,0.002,0.013,204.300531,0.022,-56.530052,0.02,0.01,0.043,0.004,0.04,0.224,0.094,0.0543,25.9,3,3,3,3,-0.008,0.022,-0.001,0.022,0.033,0h00,00,WISEA
[1.451],35.0,1.451,1670m591_b0-012548,166.1868741,0.0183,-58.8356935,0.0215,J110444.85-585008.5,0.0052,1602.592,1318.796,42.53,35.3,5.21,88.95,40.3,23.33,13.0,13.0,13.0,13.0,57004.215612,166.1868926,0.0183,-58.835709,0.0216,0.0052,-0.00858,0.0035,-0.00096,0.0041,90.9,132.0,18000.0,200.0,17000.0,100.0,11.853,0.012,2.049,11.911,0.008,1.406,1.716,1N000,0.032,-0.032,1.766,-0.005,0.094,204.310754,0.019,-56.535189,0.021,-0.025,0.039,-0.025,0.041,0.643,0.597,3.07,23.7,3,3,3,3,-0.025,0.02,-0.02,0.02,0.067,0000,00,WISEA
"[2.142, 5.131]",36.0,2.142,1670m591_b0-024157,166.1892169,0.039,-58.8016051,0.0366,J110445.41-584805.8,0.0231,1601.574,1363.439,47.29,19.8,12.67,138.58,29.9,27.97,13.0,13.0,13.0,13.0,56877.778382,166.1891718,0.0394,-58.8015963,0.0381,0.025,-0.10896,0.0061,0.16393,0.0082,51.4,50.7,10000.0,200.0,7600.0,200.0,12.444,0.021,10.94,12.794,0.021,3.346,7.093,2N000,0.588,-0.039,0.731,0.085,4.516,204.269045,0.03,-56.510004,0.044,0.022,0.061,-0.584,0.091,0.367,6.382,3.13,0.297,3,3,3,3,-0.081,0.03,-0.013,0.029,,,00,WISEA
"[0.842, 7.639, 9.133, 9.467]",37.0,0.842,1670m591_b0-046474,166.2018709,0.0266,-58.8094366,0.035,J110448.45-584834.0,-0.0027,1592.865,1353.296,49.27,26.4,0.63,123.09,41.4,7.12,13.0,13.0,13.0,13.0,57009.696632,166.2018918,0.0266,-58.8094508,0.035,-0.004,0.00141,0.0067,0.01806,0.0083,91.3,72.0,3600.0,40.0,3600.0,50.0,13.601,0.012,3.802,13.62,0.015,1.101,2.435,2N000,0.591,0.047,3.604,0.019,0.389,204.287469,0.031,-56.511013,0.031,-0.55,0.063,0.306,0.063,8.786,4.891,1.24,1.8,3,3,3,3,-0.288,0.031,-0.279,0.032,,,00,WISEA
[3.734],38.0,3.734,1670m591_b0-013311,166.2070284,0.0196,-58.9311455,0.025,J110449.69-585552.1,-0.0052,1587.38,1194.017,49.37,35.6,2.23,111.29,48.8,6.3,13.0,13.0,13.0,13.0,57029.744548,166.2070523,0.0185,-58.9311623,0.024,-0.0056,0.01101,0.0039,-0.00962,0.0047,93.8,115.7,21000.0,200.0,17000.0,200.0,11.697,0.012,5.188,11.907,0.009,2.281,3.709,2N000,0.087,-0.048,3.364,0.006,0.099,204.44569,0.023,-56.595951,0.022,-0.008,0.046,-0.079,0.044,0.184,1.8,0.178,8.42,3,3,3,3,-0.003,0.022,-0.01,0.023,,,H0,WISEA
[7.364],39.0,7.364,1670m591_b0-013311,166.2070284,0.0196,-58.9311455,0.025,J110449.69-585552.1,-0.0052,1587.38,1194.017,49.37,35.6,2.23,111.29,48.8,6.3,13.0,13.0,13.0,13.0,57029.744548,166.2070523,0.0185,-58.9311623,0.024,-0.0056,0.01101,0.0039,-0.00962,0.0047,93.8,115.7,21000.0,200.0,17000.0,200.0,11.697,0.012,5.188,11.907,0.009,2.281,3.709,2N000,0.087,-0.048,3.364,0.006,0.099,204.44569,0.023,-56.595951,0.022,-0.008,0.046,-0.079,0.044,0.184,1.8,0.178,8.42,3,3,3,3,-0.003,0.022,-0.01,0.023,,,H0,WISEA
[],40.0,,,,,,,,,,,,,,,,,,,,,,,,,,,,,,,,,,,,,,,,,,,,,,,,,,,,,,,,,,,,,,,,,,,,,,,,,
[0.157],41.0,0.157,1670m591_b0-011395,166.2161972,0.0179,-58.8631648,0.0216,J110451.89-585147.4,0.0041,1582.284,1283.083,32.63,39.8,0.0,89.63,43.8,5.88,13.0,13.0,13.0,13.0,57008.369705,166.2162153,0.0181,-58.8631798,0.0218,0.0039,-0.00278,0.0035,0.01276,0.0042,87.7,128.6,21000.0,200.0,18000.0,100.0,11.716,0.012,1.664,11.832,0.008,2.0,1.82,1N000,0.084,-0.008,0.104,0.002,0.014,204.365292,0.019,-56.544163,0.02,0.026,0.039,-0.043,0.041,0.679,1.07,9.64,3.77,3,3,3,3,0.0,0.02,0.008,0.02,0.003,dd00,00,WISEA
"[1.902, 8.972]",42.0,1.902,1670m591_b0-107549,166.2214045,0.043,-58.8168526,0.0485,J110453.14-584900.7,0.0157,1579.503,1343.752,42.06,34.6,8.89,99.3,42.9,17.91,13.0,13.0,13.0,13.0,57017.40459,166.2214293,0.0439,-58.8168716,0.0497,0.0173,-0.04165,0.0145,-0.01092,0.0168,78.3,17.4,1000.0,10.0,840.0,50.0,14.948,0.014,6.36,15.183,0.062,0.7925,3.553,1N000,1.129,-0.011,0.132,0.082,0.387,204.309965,0.043,-56.509223,0.048,-1.102,0.091,0.395,0.102,12.169,3.882,0.0697,7.63,3,3,3,3,-0.585,0.047,-0.571,0.048,,,00,WISEA
"[0.869, 8.83]",43.0,0.869,1670m591_b0-077241,166.2268107,0.0303,-58.8218696,0.0401,J110454.44-584918.7,0.0023,1575.758,1337.229,40.62,32.7,0.0,95.29,47.7,12.52,13.0,13.0,13.0,13.0,57000.69315,166.2268248,0.0298,-58.8218826,0.0391,0.0036,-0.00223,0.0082,-0.01161,0.0101,90.4,45.5,2000.0,20.0,2000.0,40.0,14.252,0.012,12.26,14.24,0.024,1.726,6.94,3N000,0.194,-0.091,12.623,-0.129,6.656,204.319954,0.035,-56.510844,0.036,0.062,0.073,0.162,0.072,0.856,2.253,5.43,22.0,3,3,3,3,0.005,0.036,0.003,0.037,,,00,WISEA
[4.243],44.0,4.243,1670m591_b0-001265,166.225706,0.0266,-58.7190178,0.0323,J110454.17-584308.5,-0.007,1578.149,1471.859,76.65,24.2,7.0,159.3,36.1,0.0,13.0,13.0,13.0,13.0,56817.352357,166.2257177,0.0269,-58.7190313,0.0325,-0.0069,-0.01386,0.0042,0.01781,0.005,61.9,92.2,270000.0,4000.0,240000.0,3000.0,8.924,0.018,3.493,9.03,0.012,2.127,2.792,1N000,0.293,,,,,,,,,,,,,,,,,2,2,2,2,,,,,0.26,hhh0,0D,WISEA
"[0.299, 6.646, 8.352, 8.959]",45.0,0.299,1670m591_b0-012058,166.2292595,0.0185,-58.7869035,0.0197,J110455.02-584712.9,0.007,1574.654,1383.021,70.07,31.0,0.0,138.27,39.8,0.0,13.0,13.0,13.0,13.0,57016.816061,166.2292794,0.0179,-58.7869183,0.0192,0.0067,-0.01116,0.0037,0.00885,0.0039,101.9,140.0,21000.0,200.0,18000.0,100.0,11.677,0.011,4.845,11.852,0.008,1.76,3.281,3N000,0.082,-0.013,0.31,-0.004,0.066,204.277254,0.018,-56.484985,0.02,0.034,0.036,0.022,0.041,0.941,0.541,0.882,17.6,3,3,3,3,0.004,0.017,0.014,0.018,,,00,WISEA
"[2.491, 5.442]",46.0,2.491,1670m591_b0-122050,166.2306161,0.0445,-58.9220526,0.067,J110455.35-585519.4,0.0127,1571.59,1206.116,84.0,54.7,6.03,200.1,79.3,9.14,13.0,13.0,13.0,13.0,57016.483338,166.2306283,0.0538,-58.922083,0.0795,0.013,-0.00581,0.0197,0.0369,0.0258,52.5,28.1,740.0,10.0,720.0,30.0,15.32,0.021,5.784,15.361,0.039,2.783,4.256,1N000,0.0,0.08,4.919,0.0,0.0,204.44986,0.055,-56.58093,0.058,-0.045,0.111,0.0,0.117,0.407,0.0,2.3,22.3,3,3,3,3,-0.016,0.066,0.007,0.063,,,00,WISEA
[0.375],47.0,0.375,1670m591_b0-002934,166.2323977,0.0164,-58.9261059,0.02,J110455.78-585534.0,-0.0037,1570.322,1200.825,60.65,43.2,13.24,178.34,59.9,13.56,13.0,13.0,13.0,13.0,57010.279041,166.2324168,0.016,-58.9261207,0.0197,-0.0038,-0.01141,0.0029,0.00479,0.0035,106.8,145.2,100000.0,1000.0,93000.0,600.0,9.965,0.01,1.571,10.08,0.007,0.7596,1.157,2N000,0.016,-0.015,0.468,0.004,0.072,204.456213,0.019,-56.583174,0.018,-0.031,0.037,-0.009,0.036,0.844,0.245,0.000297,25.4,3,3,3,3,-0.029,0.018,-0.02,0.019,0.042,0ho0,00,WISEA
"[0.668, 6.482]",48.0,0.668,1670m591_b0-017182,166.2347577,0.0285,-58.8373458,0.0334,J110456.34-585014.5,-0.0138,1570.128,1317.035,2.18,30.4,2.16,48.75,34.9,12.95,13.0,13.0,13.0,13.0,56992.985637,166.2347756,0.0292,-58.8373609,0.0342,-0.0142,-0.00731,0.0045,0.0031,0.0052,61.6,86.5,13000.0,200.0,13000.0,200.0,12.248,0.018,0.9177,12.227,0.013,0.8027,0.8539,3N000,0.047,0.022,0.387,0.007,0.08,204.344918,0.034,-56.519013,0.028,0.002,0.068,-0.001,0.056,0.025,0.01,1.79,16.1,3,3,3,3,-0.013,0.035,-0.006,0.034,0.238,0h00,00,WISEA
[0.094],49.0,0.094,1670m591_b0-000589,166.2417166,0.0165,-58.7950471,0.0174,J110458.01-584742.2,0.0046,1566.076,1372.463,54.98,29.6,13.66,130.14,39.8,5.0,13.0,13.0,13.0,13.0,57012.508654,166.2417353,0.0143,-58.7950618,0.0154,0.0036,-0.00185,0.0025,0.01295,0.0027,150.2,161.3,700000.0,5000.0,570000.0,4000.0,7.883,0.007,16.62,8.112,0.007,3.523,10.0,3N000,0.041,-0.021,1.305,-0.002,0.018,204.295926,0.016,-56.486285,0.018,-0.016,0.033,-0.029,0.035,0.483,0.832,17.5,10.6,3,3,3,3,-0.021,0.014,-0.013,0.016,0.145,0h00,00,WISEA
"[7.347, 7.924]",50.0,7.347,1670m591_b0-097683,166.2416293,0.0414,-58.850027,0.0552,J110457.99-585100.1,0.0121,1565.275,1300.49,18.2,32.6,14.73,55.21,44.9,20.59,13.0,13.0,13.0,13.0,57041.415522,166.2416463,0.0431,-58.8500389,0.0571,0.013,-0.00215,0.0133,-0.00801,0.016,69.0,13.2,1200.0,20.0,910.0,70.0,14.799,0.016,3.677,15.104,0.083,0.7607,2.204,1N000,0.152,0.035,1.242,0.079,0.236,204.365619,0.047,-56.525574,0.05,0.063,0.098,0.106,0.106,0.641,1.009,1.44,9.63,3,3,3,3,0.011,0.051,0.008,0.051,,,00,WISEA
"[0.468, 8.62]",51.0,0.468,1670m591_b0-009017,166.2440107,0.0186,-58.7473339,0.0218,J110458.56-584450.4,0.003,1565.265,1434.941,67.01,28.9,2.35,106.04,33.4,7.22,13.0,13.0,13.0,13.0,57010.752274,166.244031,0.0181,-58.7473484,0.0212,0.0028,-0.01195,0.0032,0.01422,0.0038,98.9,129.0,32000.0,300.0,27000.0,200.0,11.231,0.011,5.317,11.416,0.008,1.955,3.611,3N000,0.128,-0.003,0.017,0.029,2.92,204.23705,0.02,-56.451353,0.02,0.076,0.04,-0.042,0.041,1.892,1.013,2.7,10.6,3,3,3,3,0.024,0.019,0.037,0.02,0.05,ddh0,00,WISEA
"[5.305, 6.153]",52.0,5.305,1670m591_b0-207199,166.2466463,0.1081,-58.6876926,0.1248,J110459.20-584115.7,0.0391,1564.402,1513.037,101.26,56.2,0.0,149.31,72.2,0.0,12.0,13.0,5.0,13.0,56987.547686,166.2468631,0.119,-58.687516,0.1374,0.0441,0.38963,0.0444,1.05091,0.0512,28.1,11.7,500.0,20.0,630.0,50.0,15.741,0.039,4.559,15.497,0.093,0.9816,2.752,1N002,0.0,-0.26,11.528,0.67,1.846,204.163457,0.11,-56.40773,0.123,-0.045,0.223,0.0,0.25,0.202,0.0,11.3,2.72,3,3,3,3,-0.377,0.121,-0.054,0.12,,,00,WISEA
[0.119],53.0,0.119,1670m591_b0-045422,166.2531469,0.0459,-58.8285969,0.0539,J110500.76-584943.0,0.0132,1557.806,1328.636,27.8,28.7,1.53,79.84,33.2,13.0,13.0,13.0,13.0,13.0,57010.522708,166.2531594,0.0477,-58.8286109,0.0556,0.0137,-0.044,0.0102,-0.00502,0.0121,51.2,48.5,3700.0,70.0,3200.0,60.0,13.573,0.021,1.631,13.746,0.022,2.067,1.837,1N000,0.325,-0.036,0.634,0.019,0.141,204.346127,0.048,-56.506103,0.052,-0.235,0.097,-0.264,0.104,2.439,2.542,0.0797,6.74,3,3,3,3,-0.141,0.05,-0.124,0.049,,,00,WISEA
"[0.224, 8.021, 8.12, 8.996, 9.698]",54.0,0.224,1670m591_b0-012680,166.2762446,0.025,-58.7449281,0.0279,J110506.30-584441.8,0.0098,1543.408,1438.345,100.17,44.6,5.83,149.33,59.5,22.98,13.0,13.0,13.0,13.0,57012.608754,166.2762632,0.0249,-58.7449429,0.028,0.0097,-0.00314,0.0041,0.01497,0.0047,91.5,97.8,18000.0,200.0,17000.0,200.0,11.868,0.012,4.108,11.908,0.011,1.242,2.658,3N000,0.11,0.009,0.131,0.025,1.216,204.255643,0.025,-56.437942,0.028,0.045,0.049,-0.064,0.057,0.914,1.13,6.24,3.33,3,3,3,3,0.01,0.025,0.019,0.025,0.499,hhd0,00,WISEA
[0.193],55.0,0.193,1670m591_b0-009419,166.2765594,0.0175,-58.7026362,0.0206,J110506.38-584209.5,0.0045,1543.828,1493.711,78.06,36.3,6.81,118.99,39.6,13.29,13.0,13.0,13.0,13.0,57009.584713,166.2765782,0.0178,-58.7026514,0.0209,0.0047,-0.00117,0.0035,0.01358,0.004,88.1,136.7,25000.0,300.0,24000.0,200.0,11.507,0.012,1.584,11.535,0.008,1.898,1.728,1N000,0.013,0.001,0.002,0.012,0.595,204.202426,0.019,-56.407571,0.02,-0.041,0.037,0.012,0.039,1.104,0.304,8.15,5.55,3,3,3,3,-0.034,0.019,-0.026,0.019,0.018,0d0p,00,WISEA
"[1.033, 9.332]",56.0,1.033,1670m591_b0-037547,166.2800161,0.0161,-58.7622708,0.0193,J110507.21-584544.2,0.0027,1540.588,1415.671,154.37,71.5,3.88,266.59,72.2,26.02,13.0,13.0,13.0,13.0,57003.408123,166.2800317,0.0159,-58.7622906,0.0191,0.0021,-0.01788,0.0041,-0.05756,0.0049,139.5,140.7,5900.0,40.0,4900.0,40.0,13.075,0.008,27.56,13.283,0.008,10.17,18.74,3N000,0.101,-0.181,99.999,-0.127,66.102,204.280108,0.018,-56.448976,0.018,0.037,0.036,-0.06,0.037,1.031,1.628,4.83,22.4,3,3,3,3,0.017,0.018,0.005,0.018,0.15,hhh0,00,WISEA
[2.639],57.0,2.639,1670m591_b0-076120,166.2822627,0.0293,-58.8692913,0.0371,J110507.74-585209.5,0.0071,1537.474,1275.592,0.97,30.3,0.0,56.0,48.8,0.0,13.0,13.0,13.0,13.0,56986.809294,166.2822731,0.03,-58.8693017,0.0378,0.007,-0.02098,0.0083,0.02249,0.0099,90.8,61.5,2000.0,20.0,1500.0,20.0,14.267,0.012,2.42,14.571,0.018,2.681,2.534,2N000,0.195,-0.075,9.732,0.001,0.001,204.417272,0.033,-56.5246,0.034,-0.202,0.065,0.116,0.069,3.082,1.687,7.54,21.3,3,3,3,3,-0.14,0.033,-0.121,0.034,0.288,hd00,00,WISEA
"[1.209, 7.262]",58.0,1.209,1670m591_b0-086121,166.283599,0.0313,-58.7921313,0.0383,J110508.06-584731.7,0.0117,1537.713,1376.609,82.72,42.9,0.0,166.21,52.0,1.33,13.0,13.0,13.0,13.0,56983.63623,166.2836112,0.0343,-58.7921368,0.0411,0.0127,-0.0141,0.012,0.05704,0.0131,87.0,50.7,1300.0,20.0,1200.0,20.0,14.68,0.012,7.579,14.764,0.021,2.061,4.79,2N000,0.192,0.227,82.446,0.328,54.556,204.320305,0.033,-56.469019,0.037,0.032,0.067,0.176,0.075,0.477,2.346,0.0247,6.8,3,3,3,3,-0.021,0.036,0.007,0.036,,,00,WISEA
"[2.227, 9.657, 9.954]",59.0,2.227,1670m591_b0-056965,166.2852528,0.0325,-58.9725766,0.0411,J110508.46-585821.3,0.0056,1533.922,1140.41,0.97,31.7,2.22,51.05,48.2,13.36,13.0,13.0,13.0,13.0,56983.197277,166.2852703,0.0328,-58.9725959,0.0418,0.0073,-0.00638,0.008,-0.0072,0.0097,93.2,45.0,2600.0,30.0,2600.0,60.0,13.94,0.012,5.075,13.978,0.024,1.222,3.127,1N000,0.451,-0.049,4.406,0.024,0.225,204.550712,0.037,-56.59715,0.038,-0.444,0.073,0.211,0.076,6.057,2.775,2.16,5.72,3,3,3,3,-0.235,0.037,-0.232,0.037,,,00,WISEA
"[0.155, 5.095]",60.0,0.155,1670m591_b0-029491,166.2931916,0.034,-58.8414806,0.029,J110510.37-585029.3,-0.0151,1530.484,1312.081,3.28,24.9,24.48,59.1,34.7,28.62,13.0,13.0,13.0,13.0,56975.164616,166.2932137,0.0343,-58.8414909,0.0295,-0.0152,-0.00302,0.005,0.02162,0.0056,55.5,74.0,6700.0,100.0,6300.0,90.0,12.933,0.02,6.207,12.994,0.015,2.257,4.205,3N000,0.033,0.025,0.398,-0.019,0.429,204.389283,0.035,-56.500792,0.028,-0.012,0.07,-0.003,0.056,0.17,0.06,0.328,46.4,3,3,3,3,-0.029,0.036,-0.018,0.036,0.188,hhO0,00,WISEA
[1.155],61.0,1.155,1670m591_b0-019862,166.2958681,0.0262,-58.7462241,0.0321,J110511.01-584446.4,-0.0014,1530.061,1436.798,61.44,37.5,14.26,147.54,43.6,14.37,13.0,13.0,13.0,13.0,57008.405056,166.2958878,0.0279,-58.7462364,0.0334,0.0047,-0.01031,0.0054,0.02186,0.0066,69.8,94.4,11000.0,200.0,9900.0,100.0,12.429,0.016,4.018,12.508,0.011,2.773,3.372,2N000,0.248,-0.102,10.726,-0.023,0.971,204.270452,0.029,-56.431753,0.029,0.169,0.059,-0.126,0.059,2.879,2.124,0.706,17.0,3,3,3,3,0.064,0.03,0.078,0.03,0.047,hhh0,00,WISEA
[0.557],62.0,0.557,1670m591_b0-038551,166.3019925,0.0378,-58.7050226,0.0446,J110512.48-584218.1,0.0055,1526.497,1490.781,47.77,36.8,4.4,80.72,39.8,8.79,13.0,13.0,13.0,13.0,56993.939255,166.302008,0.0381,-58.7050365,0.0451,0.0052,-0.01159,0.0074,0.00782,0.0087,59.7,57.5,5000.0,80.0,4800.0,80.0,13.241,0.018,2.08,13.298,0.019,1.519,1.788,1N000,0.125,0.01,0.077,0.031,0.57,204.222527,0.041,-56.400054,0.042,0.073,0.085,-0.041,0.088,0.861,0.47,7.55,14.0,3,3,3,3,0.01,0.043,0.02,0.043,0.231,dd0P,00,WISEA
[],63.0,,,,,,,,,,,,,,,,,,,,,,,,,,,,,,,,,,,,,,,,,,,,,,,,,,,,,,,,,,,,,,,,,,,,,,,,,
"[1.024, 5.291, 8.985]",64.0,1.024,1670m591_b0-051195,166.3054752,0.0241,-58.9070256,0.0304,J110513.32-585425.3,-0.0083,1521.22,1226.371,-9.64,27.0,22.37,68.0,38.5,37.52,13.0,13.0,13.0,13.0,56985.279086,166.3054987,0.0237,-58.907041,0.0298,-0.0081,-0.007,0.0052,0.0306,0.0063,75.7,92.4,4600.0,60.0,4100.0,40.0,13.344,0.014,20.38,13.457,0.012,5.859,13.02,3N000,0.974,-0.264,48.233,-0.297,73.939,204.480743,0.029,-56.543133,0.027,0.888,0.075,-0.281,0.057,11.87,4.936,4.46,14.0,3,3,3,3,0.424,0.037,0.44,0.037,,,00,WISEA
"[0.203, 8.169, 9.267, 9.324]",65.0,0.203,1670m591_b0-053911,166.3100665,0.0244,-58.8282005,0.0306,J110514.42-584941.5,0.0046,1519.244,1329.591,9.88,27.7,2.23,65.48,31.2,4.3,13.0,13.0,13.0,13.0,57011.584035,166.3100809,0.0249,-58.8282112,0.0308,0.0038,-0.013,0.0066,0.00405,0.0081,91.3,89.2,3000.0,30.0,2900.0,30.0,13.814,0.012,3.903,13.829,0.012,1.93,2.897,3N000,0.162,-0.154,40.89,-0.031,1.558,204.383736,0.027,-56.485195,0.028,-0.126,0.055,0.14,0.056,2.295,2.494,2.27,37.3,3,3,3,3,-0.088,0.028,-0.081,0.028,0.051,P0o0,P0,WISEA
"[0.075, 7.285, 7.4]",66.0,0.075,1670m591_b0-007397,166.3117993,0.024,-58.9859753,0.0271,J110514.83-585909.5,-0.0072,1515.818,1123.069,-6.78,22.1,18.67,49.86,37.6,21.92,13.0,13.0,13.0,13.0,56815.017734,166.3118058,0.0236,-58.9859809,0.0267,-0.0072,-0.02376,0.0039,0.04721,0.0044,75.4,100.6,44000.0,600.0,35000.0,400.0,10.904,0.014,8.1,11.139,0.011,3.137,5.582,3N000,0.046,,,,,,,,,,,,,,,,,2,2,2,2,,,,,0.217,0d00,00,WISEA
"[1.572, 6.233, 7.772]",67.0,1.572,1670m591_b0-096086,166.3123502,0.1014,-58.7959438,0.1092,J110514.97-584745.4,-0.0159,1518.157,1371.834,58.72,42.4,1.13,161.77,45.3,3.29,13.0,13.0,13.0,13.0,56974.720679,166.3123807,0.1076,-58.7959419,0.1138,-0.0179,-0.00259,0.0262,0.05609,0.0282,31.4,15.7,1300.0,40.0,880.0,60.0,14.748,0.035,1.759,15.144,0.069,1.004,1.372,3N000,0.401,-0.243,10.061,-0.082,0.274,204.344399,0.107,-56.461322,0.104,-0.135,0.227,0.391,0.226,0.597,1.727,0.101,0.0111,3,3,3,3,-0.083,0.132,-0.064,0.114,,,00,WISEA
[0.159],68.0,0.159,1670m591_b0-008120,166.3132831,0.017,-58.8088796,0.0189,J110515.19-584832.0,0.0036,1517.34,1354.907,33.93,29.7,0.0,94.24,34.5,0.0,13.0,13.0,13.0,13.0,57006.688719,166.3133015,0.0171,-58.8088943,0.0189,0.0036,-0.00164,0.0033,0.014,0.0037,103.0,136.1,31000.0,300.0,28000.0,200.0,11.276,0.011,1.463,11.363,0.008,1.234,1.34,3N000,0.072,0.012,0.319,0.006,0.149,204.361409,0.018,-56.470228,0.018,0.025,0.035,-0.014,0.037,0.724,0.371,9.41,6.32,3,3,3,3,0.0,0.018,0.008,0.018,0.044,0hO0,0D,WISEA
"[2.29, 6.717, 7.622]",69.0,2.29,1670m591_b0-045230,166.3156411,0.0341,-58.9110127,0.0447,J110515.76-585439.7,-0.0135,1514.291,1221.227,-21.51,21.0,14.56,26.37,31.4,19.72,13.0,13.0,13.0,13.0,57001.785864,166.3156705,0.0346,-58.9110188,0.0453,-0.0136,0.01338,0.0079,0.02175,0.0098,73.7,53.7,4000.0,50.0,3100.0,60.0,13.494,0.015,9.359,13.778,0.02,3.698,6.483,2N000,1.104,0.166,29.79,0.127,10.928,204.492595,0.042,-56.542284,0.038,-1.142,0.084,-0.128,0.075,13.588,1.698,0.182,18.4,3,3,3,3,-0.586,0.043,-0.584,0.043,,,00,WISEA
"[0.765, 7.619]",70.0,0.765,1670m591_b0-045626,166.3185314,0.0401,-58.9364415,0.0448,J110516.45-585611.2,0.0059,1511.978,1187.96,-16.74,27.2,0.0,14.99,36.6,0.0,13.0,13.0,13.0,13.0,56997.336286,166.318546,0.0401,-58.9364578,0.0449,0.0053,0.00221,0.0073,0.00429,0.0085,61.7,49.7,4800.0,80.0,3900.0,80.0,13.299,0.018,8.664,13.511,0.022,1.545,5.069,3N000,0.459,0.06,2.659,0.082,3.123,204.526876,0.042,-56.559362,0.043,0.047,0.084,0.45,0.086,0.56,5.225,0.888,10.2,3,3,3,3,0.01,0.042,0.013,0.043,,,00,WISEA
[],71.0,,,,,,,,,,,,,,,,,,,,,,,,,,,,,,,,,,,,,,,,,,,,,,,,,,,,,,,,,,,,,,,,,,,,,,,,,
[5.531],72.0,5.531,1670m591_b0-160021,166.3227483,0.147,-58.8442626,0.167,J110517.46-585039.4,0.0264,1510.426,1308.658,4.82,29.4,11.53,58.44,38.7,22.5,12.0,13.0,3.0,13.0,56829.604672,166.3227102,0.1686,-58.8443465,0.1809,0.0262,-0.10404,0.0552,-0.09419,0.0591,23.1,4.4,320.0,10.0,200.0,40.0,16.239,0.047,2.5,16.74,0.244,0.5444,1.512,2N000,2.09,0.525,31.119,-0.065,0.188,204.412576,0.156,-56.492107,0.161,-2.112,0.313,-0.305,0.322,6.739,0.947,2.64,6.23,3,3,3,3,-1.036,0.173,-1.044,0.171,,,00,WISEA
[7.36],73.0,7.36,1670m591_b0-136118,166.3301562,0.1992,-58.8116426,0.203,J110519.24-584841.9,0.0725,1505.862,1351.413,16.64,23.8,11.69,56.57,29.8,16.25,13.0,13.0,13.0,13.0,56826.659127,166.3302137,0.2042,-58.8116364,0.2104,0.0688,0.06226,0.0412,0.02758,0.0439,12.8,14.8,730.0,60.0,840.0,60.0,15.337,0.085,1.26,15.191,0.073,1.011,1.129,3N000,0.0,-0.183,1.084,0.051,0.103,204.37621,0.188,-56.466088,0.214,-0.045,0.378,0.0,0.431,0.119,0.0,0.256,5.9,3,3,3,3,-0.06,0.196,-0.057,0.198,,,0D,WISEA
[],74.0,,,,,,,,,,,,,,,,,,,,,,,,,,,,,,,,,,,,,,,,,,,,,,,,,,,,,,,,,,,,,,,,,,,,,,,,,
[],75.0,,,,,,,,,,,,,,,,,,,,,,,,,,,,,,,,,,,,,,,,,,,,,,,,,,,,,,,,,,,,,,,,,,,,,,,,,
"[1.236, 4.897]",76.0,1.236,1670m591_b0-014834,166.3341188,0.0204,-58.899091,0.024,J110520.19-585356.7,-0.0043,1501.966,1236.966,-19.22,27.8,0.0,31.94,34.6,2.14,13.0,13.0,13.0,13.0,57004.817495,166.3341382,0.0184,-58.8991062,0.0222,-0.0045,-0.00871,0.0034,6e-05,0.0041,94.6,128.7,38000.0,400.0,28000.0,200.0,11.055,0.011,39.38,11.385,0.008,24.9,31.93,3N000,0.084,-0.168,33.401,-0.066,13.917,204.489794,0.023,-56.527085,0.022,-0.041,0.046,0.084,0.044,0.906,1.915,1.92,22.1,3,3,3,3,-0.033,0.021,-0.028,0.022,2.616,0000,00,WISEA
"[0.27, 9.116]",77.0,0.27,1670m591_b0-015063,166.3363748,0.0164,-58.7993576,0.019,J110520.73-584757.7,0.0038,1501.816,1367.54,36.69,28.8,0.0,83.03,32.9,1.64,13.0,13.0,13.0,13.0,57018.089407,166.3363931,0.0162,-58.7993733,0.0189,0.0037,-0.01104,0.0034,9e-05,0.004,113.7,142.0,15000.0,100.0,14000.0,100.0,12.037,0.01,3.686,12.104,0.008,1.529,2.59,3N000,0.073,-0.056,8.0,0.015,0.93,204.364821,0.017,-56.455057,0.018,0.013,0.035,0.044,0.036,0.373,1.214,1.15,19.1,3,3,3,3,-0.006,0.017,0.001,0.018,0.072,ddhp,00,WISEA
[],78.0,,,,,,,,,,,,,,,,,,,,,,,,,,,,,,,,,,,,,,,,,,,,,,,,,,,,,,,,,,,,,,,,,,,,,,,,,
"[0.649, 5.168]",79.0,0.649,1670m591_b0-004127,166.343237,0.0325,-58.7432874,0.0351,J110522.38-584435.8,0.0167,1497.928,1440.989,81.86,51.1,14.17,138.42,65.5,12.38,13.0,13.0,13.0,13.0,56942.029662,166.3432467,0.034,-58.7432971,0.0367,0.0178,-0.02782,0.0051,0.02501,0.0069,51.6,72.3,65000.0,1000.0,62000.0,900.0,10.461,0.021,1.287,10.513,0.015,1.152,1.211,1N000,0.11,-0.027,0.416,-0.016,0.288,204.298527,0.03,-56.412475,0.038,0.065,0.06,0.0,0.077,1.076,0.001,11.2,24.7,3,3,3,3,-0.013,0.032,0.008,0.032,,,D0,WISEA
[1.335],80.0,1.335,1670m591_b0-026386,166.3443865,0.0347,-58.9552785,0.0421,J110522.65-585719.0,0.0093,1494.257,1163.487,1.56,32.7,0.0,21.19,42.2,0.93,13.0,13.0,13.0,13.0,56993.862065,166.3444058,0.0352,-58.9552924,0.0428,0.0094,-0.00566,0.0068,0.00741,0.0082,68.9,62.7,7600.0,100.0,6900.0,100.0,12.798,0.016,3.925,12.903,0.017,1.395,2.643,1N000,0.093,0.001,0.001,-0.004,0.013,204.56811,0.037,-56.563432,0.04,0.028,0.075,-0.057,0.079,0.376,0.715,0.0789,7.5,3,3,3,3,0.001,0.038,0.008,0.038,0.483,Ph00,00,WISEA
"[0.985, 7.592]",81.0,0.985,1670m591_b0-018017,166.3483447,0.0188,-58.727706,0.0213,J110523.60-584339.8,-0.0025,1494.67,1461.422,40.11,33.5,10.16,110.2,47.1,18.11,13.0,13.0,13.0,13.0,57010.617498,166.3483581,0.0189,-58.7277199,0.0215,-0.0024,-0.02652,0.0038,0.0142,0.0044,105.4,125.0,12000.0,100.0,11000.0,90.0,12.35,0.01,3.292,12.404,0.009,2.998,3.124,3N000,0.025,0.011,0.287,0.023,1.837,204.282282,0.02,-56.399476,0.02,-0.021,0.041,-0.005,0.04,0.504,0.119,8.19,25.4,3,3,3,3,-0.036,0.02,-0.018,0.021,,,00,WISEA
"[0.026, 5.611]",82.0,0.026,1670m591_b0-063090,166.349012,0.0637,-58.8303325,0.0724,J110523.76-584949.2,-0.0368,1492.826,1327.081,10.8,28.9,14.3,52.31,38.7,7.28,13.0,13.0,13.0,13.0,56990.920585,166.3490115,0.0785,-58.8303413,0.0871,-0.0423,-0.01546,0.0111,-0.02401,0.0128,35.2,22.7,2400.0,70.0,2600.0,100.0,14.035,0.031,3.666,13.955,0.048,0.921,2.278,3N000,0.204,-0.063,1.095,-0.016,0.039,204.412512,0.078,-56.472608,0.058,0.158,0.163,0.021,0.116,0.972,0.178,1.18,5.04,3,3,3,3,0.077,0.178,0.077,0.178,0.561,0h00,00,WISEA
[8.705],83.0,8.705,1670m591_b0-085603,166.3559162,0.0559,-58.8217726,0.0506,J110525.42-584918.4,0.0181,1488.263,1338.334,34.54,36.5,0.0,78.63,43.8,0.0,13.0,13.0,13.0,13.0,57011.846155,166.3559414,0.0455,-58.8217836,0.0418,0.0144,-0.00749,0.0135,0.00102,0.0155,67.6,33.4,1300.0,20.0,900.0,30.0,14.678,0.016,6.192,15.114,0.033,2.426,4.279,2N000,0.0,0.183,19.699,0.089,1.421,204.40629,0.05,-56.463994,0.056,-0.045,0.104,0.0,0.115,0.432,0.0,3.94,11.5,3,3,3,3,-0.033,0.042,-0.029,0.051,,,00,WISEA
[0.048],84.0,0.048,1670m591_b0-041025,166.3558932,0.0303,-58.9688137,0.0382,J110525.42-585807.7,-0.0045,1486.307,1145.849,-12.06,22.3,2.97,28.78,36.3,9.73,13.0,13.0,13.0,13.0,56994.075632,166.3559105,0.031,-58.9688236,0.0391,-0.0054,-0.00436,0.0064,0.01659,0.0077,77.4,54.7,4400.0,60.0,3900.0,70.0,13.404,0.014,1.716,13.515,0.02,1.215,1.456,1N000,0.01,-0.006,0.047,0.036,0.786,204.593018,0.035,-56.568915,0.034,-0.055,0.07,0.0,0.068,0.788,0.003,1.69,25.4,3,3,3,3,-0.053,0.036,-0.043,0.036,1.192,0h00,00,WISEA
"[3.027, 7.745, 8.287]",85.0,3.027,1670m591_b0-173701,166.3550662,0.09,-58.7914026,0.0974,J110525.22-584729.1,0.0326,1489.247,1378.085,45.17,32.6,21.02,130.82,38.6,21.68,12.0,13.0,7.0,13.0,57077.929554,166.3550843,0.0984,-58.7914166,0.1072,0.0313,-0.0389,0.0341,0.05494,0.037,34.7,8.5,360.0,10.0,200.0,20.0,16.108,0.031,4.567,16.753,0.128,2.232,3.377,1N000,0.0,-0.156,6.691,-1.615,17.739,204.367279,0.088,-56.442598,0.099,-0.045,0.182,0.0,0.209,0.247,0.0,0.207,0.307,3,3,3,3,-0.086,0.106,-0.038,0.105,,,00,WISEA
"[4.423, 6.555, 8.312]",86.0,4.423,1670m591_b0-103830,166.3599518,0.0729,-58.7082179,0.0854,J110526.39-584229.6,0.0117,1487.042,1487.015,13.84,23.8,0.0,56.64,35.2,6.16,13.0,13.0,13.0,13.0,57073.092397,166.3599675,0.0743,-58.7082294,0.0867,0.0109,0.00779,0.0202,0.03997,0.0219,38.1,21.8,1200.0,30.0,1400.0,60.0,14.825,0.029,1.528,14.647,0.05,0.527,1.02,3N000,0.059,-0.056,0.889,-0.05,0.229,204.26549,0.078,-56.381318,0.08,-0.016,0.159,-0.051,0.165,0.102,0.311,2.22,1.84,3,3,3,3,-0.035,0.081,-0.023,0.081,,,0P,WISEA
[],87.0,,,,,,,,,,,,,,,,,,,,,,,,,,,,,,,,,,,,,,,,,,,,,,,,,,,,,,,,,,,,,,,,,,,,,,,,,
"[0.565, 6.521, 6.817]",88.0,0.565,1670m591_b0-027973,166.3638797,0.0406,-58.9601732,0.0459,J110527.33-585736.6,-0.0139,1481.032,1157.214,21.17,40.1,15.82,39.1,44.3,15.2,13.0,13.0,13.0,13.0,56994.896675,166.3639012,0.0408,-58.9601868,0.046,-0.0139,-0.00024,0.0068,0.01342,0.0082,54.6,58.3,7300.0,100.0,7000.0,100.0,12.838,0.02,2.757,12.879,0.019,0.876,1.804,3N000,0.064,0.024,0.354,-0.001,0.001,204.587342,0.045,-56.559869,0.041,0.003,0.091,0.043,0.082,0.029,0.526,0.0149,9.88,3,3,3,3,-0.011,0.046,-0.004,0.046,0.582,dd00,00,WISEA
[0.303],89.0,0.303,1670m591_b0-007183,166.3692695,0.0191,-58.8252193,0.0222,J110528.63-584930.8,-0.0055,1479.168,1333.914,20.23,33.6,0.0,78.79,49.3,1.57,13.0,13.0,13.0,13.0,57011.471821,166.3692874,0.0187,-58.8252368,0.0221,-0.0056,-0.01786,0.0034,0.00319,0.0041,102.1,120.5,40000.0,400.0,33000.0,300.0,10.988,0.011,4.856,11.21,0.009,0.7336,2.775,3N000,0.078,0.03,1.758,0.008,0.204,204.419594,0.021,-56.461619,0.02,0.033,0.043,-0.007,0.041,0.765,0.172,0.0,0.177,3,3,3,3,0.007,0.021,0.018,0.021,0.061,0h00,00,WISEA
"[1.019, 5.457, 6.847, 7.543]",90.0,1.019,1670m591_b0-048630,166.371662,0.0365,-58.7746005,0.0425,J110529.20-584628.6,-0.019,1478.21,1400.194,30.41,30.1,2.94,130.41,34.0,1.47,13.0,13.0,13.0,13.0,57003.871421,166.3717185,0.0312,-58.7746108,0.037,-0.0171,0.02789,0.0106,0.02707,0.0107,85.8,61.2,2700.0,30.0,1900.0,30.0,13.907,0.013,12.94,14.314,0.018,4.178,8.497,2N000,0.997,-0.195,39.201,-0.311,67.684,204.35715,0.044,-56.424578,0.035,0.884,0.09,0.361,0.07,9.858,5.172,15.7,43.4,3,3,3,3,0.432,0.039,0.434,0.041,,,00,WISEA
"[2.191, 9.682, 9.698]",91.0,2.191,1670m591_b0-100133,166.3715012,0.0564,-58.9019914,0.0692,J110529.16-585407.2,0.0151,1476.65,1233.429,-18.78,24.6,18.33,14.23,35.4,19.91,13.0,13.0,13.0,13.0,56979.256639,166.371529,0.0609,-58.9019946,0.0736,0.0177,0.01441,0.0157,0.0542,0.0174,51.6,22.7,1200.0,20.0,1200.0,50.0,14.824,0.021,3.508,14.776,0.048,1.007,2.242,2N000,0.206,-0.035,0.704,0.055,0.178,204.51845,0.061,-56.515623,0.065,-0.25,0.123,0.014,0.13,2.041,0.104,0.201,20.5,3,3,3,3,-0.16,0.065,-0.141,0.064,,,00,WISEA
"[2.627, 4.295, 8.637, 9.716]",92.0,2.627,1670m591_b0-112533,166.3749032,0.0333,-58.9552875,0.0366,J110529.98-585719.0,-0.0064,1473.655,1163.684,2.26,24.6,8.3,52.73,36.9,3.89,13.0,13.0,13.0,13.0,57009.912566,166.3749428,0.0346,-58.9553107,0.0381,-0.0067,0.00201,0.0118,-0.00754,0.0121,90.1,54.4,1200.0,10.0,1200.0,20.0,14.815,0.012,9.407,14.828,0.02,2.364,5.844,3N000,1.301,-0.141,34.278,-0.145,13.392,204.588476,0.036,-56.552403,0.034,-1.321,0.071,0.25,0.069,18.57,3.627,1.61,10.1,3,3,3,3,-0.666,0.037,-0.668,0.038,,,00,WISEA
"[2.317, 5.848, 9.266]",93.0,2.317,1670m591_b0-069897,166.3739314,0.0274,-58.7883355,0.0341,J110529.74-584718.0,0.0109,1476.491,1382.229,35.6,34.0,1.7,98.0,45.2,7.19,13.0,13.0,13.0,13.0,56942.082158,166.3739422,0.0292,-58.7882895,0.0367,0.0116,-0.00814,0.0081,0.188,0.0091,86.2,80.7,2300.0,30.0,2400.0,30.0,14.093,0.013,16.06,14.065,0.013,4.258,10.09,2N000,0.119,0.288,99.999,0.05,3.378,204.376042,0.029,-56.433566,0.034,0.074,0.065,-0.007,0.072,1.15,0.094,8.06,178.0,3,3,3,3,-0.083,0.034,-0.01,0.033,,,00,WISEA
[1.077],94.0,1.077,1670m591_b0-001018,166.3869389,0.0179,-58.7304849,0.0209,J110532.87-584349.8,0.005,1468.408,1458.047,49.69,36.6,8.66,96.84,42.0,9.53,13.0,13.0,13.0,13.0,57011.451284,166.3869574,0.0181,-58.7304999,0.0212,0.0048,-0.0095,0.0031,0.00215,0.0037,81.7,137.8,320000.0,4000.0,300000.0,2000.0,8.753,0.013,0.7126,8.788,0.008,0.6378,0.6708,1N000,0.045,-0.009,0.112,-0.004,0.066,204.311693,0.019,-56.387473,0.02,-0.002,0.038,-0.012,0.04,0.044,0.299,1.31,26.9,3,3,3,3,-0.013,0.019,-0.007,0.019,0.013,hhOO,00,WISEA
[],95.0,,,,,,,,,,,,,,,,,,,,,,,,,,,,,,,,,,,,,,,,,,,,,,,,,,,,,,,,,,,,,,,,,,,,,,,,,
[0.917],96.0,0.917,1670m591_b0-051461,166.3986154,0.0217,-58.7631812,0.0266,J110535.67-584547.5,0.004,1460.062,1415.322,18.84,34.3,1.74,65.75,47.6,3.89,13.0,13.0,13.0,13.0,56992.520405,166.3986273,0.0218,-58.7631953,0.0268,0.0043,-0.02144,0.0056,0.01077,0.0069,93.4,106.1,3600.0,40.0,3800.0,40.0,13.599,0.012,12.84,13.552,0.01,5.086,8.905,2N000,0.129,-0.071,9.25,-0.003,0.021,204.360797,0.024,-56.406637,0.025,-0.029,0.048,0.129,0.049,0.615,2.605,7.79,15.5,3,3,3,3,-0.04,0.024,-0.026,0.024,0.521,dd0P,00,WISEA
[7.652],97.0,7.652,1670m591_b0-030065,166.3991659,0.0223,-58.8167292,0.0327,J110535.80-584900.2,0.0079,1459.016,1345.226,-3.73,20.8,0.0,53.66,32.7,7.64,13.0,13.0,13.0,13.0,57015.466825,166.3991842,0.0233,-58.8167446,0.0341,0.0083,-0.01238,0.0054,0.0068,0.0075,84.2,85.3,6300.0,80.0,5600.0,70.0,13.004,0.013,2.604,13.126,0.013,2.381,2.475,2N000,0.137,0.015,0.328,0.036,1.946,204.428861,0.027,-56.444725,0.029,-0.01,0.054,0.132,0.06,0.177,2.206,0.0394,4.57,3,3,3,3,-0.017,0.028,-0.007,0.028,0.162,0000,0D,WISEA
[],98.0,,,,,,,,,,,,,,,,,,,,,,,,,,,,,,,,,,,,,,,,,,,,,,,,,,,,,,,,,,,,,,,,,,,,,,,,,
[0.319],99.0,0.319,1670m591_b0-000976,166.3995487,0.0179,-58.769396,0.0212,J110535.89-584609.8,0.0049,1459.351,1407.192,7.97,21.7,0.0,83.41,46.8,0.0,13.0,13.0,13.0,13.0,57006.005996,166.3995669,0.0182,-58.7694109,0.0215,0.005,-0.01184,0.0032,0.00424,0.0038,89.0,135.0,330000.0,4000.0,320000.0,2000.0,8.7,0.012,0.7762,8.729,0.008,0.6727,0.7195,1N000,0.028,0.011,0.197,-0.004,0.06,204.369272,0.019,-56.410744,0.02,-0.018,0.038,0.007,0.041,0.475,0.164,0.0798,20.7,3,3,3,3,-0.022,0.019,-0.014,0.019,0.022,0hop,0D,WISEA
[],100.0,,,,,,,,,,,,,,,,,,,,,,,,,,,,,,,,,,,,,,,,,,,,,,,,,,,,,,,,,,,,,,,,,,,,,,,,,
"[0.787, 4.227, 9.032, 9.516, 9.893]",101.0,0.787,1670m591_b0-022101,166.4097279,0.0324,-58.9128379,0.0336,J110538.34-585446.2,-0.0048,1450.669,1219.481,7.12,32.8,2.05,32.24,40.7,3.64,13.0,13.0,13.0,13.0,56992.752435,166.4097417,0.0324,-58.9128505,0.0341,-0.0054,-0.02063,0.0059,0.01178,0.0062,70.1,82.3,8800.0,100.0,9900.0,100.0,12.637,0.015,3.151,12.512,0.013,1.258,2.19,3N000,0.014,-0.069,4.908,-0.031,1.403,204.557752,0.033,-56.50953,0.033,-0.056,0.067,0.009,0.066,0.844,0.131,3.35,21.5,3,3,3,3,-0.054,0.034,-0.04,0.034,,,00,WISEA
"[7.919, 9.693]",102.0,7.919,1670m591_b0-097413,166.4196815,0.0302,-58.7780835,0.0347,J110540.72-584641.1,-0.0057,1445.58,1395.948,17.98,32.1,3.48,61.52,39.0,6.57,13.0,13.0,13.0,13.0,57009.471082,166.419696,0.0308,-58.7780979,0.0353,-0.0054,-0.02689,0.0103,0.01646,0.012,98.5,49.7,1300.0,10.0,1200.0,20.0,14.741,0.011,6.507,14.852,0.022,1.549,4.003,3N000,0.206,0.029,1.643,0.027,0.379,204.39374,0.033,-56.409664,0.032,-0.244,0.066,0.054,0.064,3.701,0.837,0.859,2.99,3,3,3,3,-0.147,0.034,-0.128,0.034,,,00,WISEA
"[0.699, 8.217]",103.0,0.699,1670m591_b0-043028,166.4206934,0.02,-58.8537724,0.0244,J110540.97-585113.6,-0.0007,1443.974,1296.871,15.32,29.5,8.35,77.09,37.9,8.89,13.0,13.0,13.0,13.0,57001.257105,166.4207178,0.0198,-58.8537853,0.0242,-0.0015,-0.00365,0.0049,0.00117,0.0059,97.2,115.3,4600.0,50.0,3800.0,30.0,13.339,0.011,12.79,13.544,0.009,2.648,7.662,3N000,0.063,-0.041,3.283,0.0,0.0,204.490164,0.022,-56.463396,0.022,-0.017,0.045,0.057,0.045,0.371,1.265,13.3,45.9,3,3,3,3,-0.019,0.022,-0.015,0.022,0.116,0h00,00,WISEA
"[1.428, 9.829]",104.0,1.428,1670m591_b0-065987,166.4248656,0.0565,-58.8393417,0.0842,J110541.97-585021.6,0.0298,1441.323,1315.788,2.06,26.4,0.0,29.11,32.8,0.0,11.0,12.0,9.0,12.0,56950.058786,166.4248792,0.0566,-58.8393403,0.0857,0.0296,-0.02216,0.0149,0.11751,0.0197,44.1,34.9,2800.0,60.0,2200.0,60.0,13.886,0.025,6.986,14.127,0.031,1.924,4.427,2N000,7.281,,,,,,,,,,,,,,,,,2,2,2,2,,,,,,,D0,WISEA
"[0.485, 3.399, 5.474]",105.0,0.485,1670m591_b0-037075,166.4275905,0.0504,-58.7615001,0.0566,J110542.62-584541.4,0.0378,1440.412,1417.706,18.08,28.8,0.0,65.51,38.3,0.0,13.0,13.0,13.0,13.0,56996.561028,166.4276049,0.0515,-58.7615111,0.0578,0.0384,0.00116,0.0053,0.01108,0.0058,21.2,15.7,6300.0,300.0,5400.0,300.0,12.996,0.051,5.13,13.171,0.069,3.118,4.096,3N000,0.222,-0.227,4.288,-0.142,0.984,204.378099,0.038,-56.394934,0.066,-0.169,0.079,0.185,0.136,2.145,1.353,39.0,17.7,3,3,3,3,-0.111,0.04,-0.106,0.039,1.802,dhO0,00,WISEA
"[0.746, 7.536, 8.62, 9.351]",106.0,0.746,1670m591_b0-021731,166.4304357,0.0227,-58.8482659,0.0275,J110543.31-585053.8,0.0088,1437.444,1304.14,22.81,37.0,8.28,61.25,37.1,26.56,13.0,13.0,13.0,13.0,57003.874942,166.4304583,0.0227,-58.848278,0.0275,0.0089,-0.00419,0.0044,0.01959,0.005,79.4,109.6,11000.0,100.0,9700.0,90.0,12.432,0.014,11.11,12.537,0.01,4.949,7.975,3N000,0.123,0.071,6.301,0.025,1.586,204.489705,0.024,-56.455937,0.027,0.077,0.048,0.011,0.054,1.624,0.211,3.4,32.7,3,3,3,3,0.022,0.024,0.033,0.024,0.271,0hd0,00,WISEA
"[3.972, 6.816]",107.0,3.972,1670m591_b0-120738,166.4306763,0.047,-58.7396126,0.0649,J110543.36-584422.6,0.0172,1438.579,1446.378,48.58,40.7,37.29,89.02,45.1,62.34,13.0,13.0,11.0,13.0,57210.75858,166.4306943,0.0512,-58.7396335,0.0696,0.0186,-0.02897,0.0193,0.0019,0.024,55.8,18.6,830.0,20.0,510.0,30.0,15.203,0.019,2.075,15.731,0.058,1.735,1.893,1N000,0.0,-0.015,0.16,0.207,3.742,204.352553,0.054,-56.378154,0.06,-0.045,0.108,0.0,0.12,0.416,0.0,3.0,1.35,3,3,3,3,-0.035,0.059,-0.014,0.058,,,00,WISEA
"[2.417, 3.541, 5.53, 9.624]",108.0,2.417,1670m591_b0-016181,166.4344146,0.0216,-58.8859751,0.0244,J110544.26-585309.5,-0.0049,1434.302,1254.801,-6.95,29.1,17.36,16.37,40.4,33.37,13.0,13.0,13.0,13.0,57006.78951,166.4344411,0.0211,-58.8859895,0.0238,-0.0049,0.01517,0.0036,0.01649,0.004,98.9,105.9,24000.0,200.0,20000.0,200.0,11.551,0.011,17.61,11.773,0.01,7.801,12.62,3N000,0.146,-0.082,12.338,-0.008,0.152,204.540152,0.024,-56.481425,0.023,-0.16,0.047,-0.09,0.045,3.383,1.986,1.84,10.3,3,3,3,3,-0.085,0.023,-0.082,0.023,0.117,0d00,00,WISEA
"[0.793, 6.899, 8.093]",109.0,0.793,1670m591_b0-025722,166.4401775,0.0266,-58.8790424,0.0308,J110545.64-585244.6,0.0145,1430.485,1263.911,-20.13,21.7,12.41,19.64,39.0,16.76,13.0,13.0,13.0,13.0,56998.66057,166.440192,0.0266,-58.8790598,0.0305,0.0143,-0.00187,0.0051,-0.01907,0.0055,67.4,103.1,8400.0,100.0,7500.0,70.0,12.695,0.016,7.057,12.809,0.011,3.828,5.407,3N000,0.309,-0.005,0.023,-0.012,0.299,204.53521,0.025,-56.474391,0.032,-0.106,0.05,0.303,0.065,2.138,4.675,12.4,25.6,3,3,3,3,-0.062,0.025,-0.068,0.025,,,00,WISEA
[1.315],110.0,1.315,1670m591_b0-032449,166.4417258,0.0208,-58.7905417,0.0243,J110546.02-584726.0,0.0051,1430.475,1379.775,18.2,30.4,16.99,65.47,37.8,19.47,13.0,13.0,13.0,13.0,56990.98228,166.4417442,0.0209,-58.790555,0.0244,0.0049,-0.00478,0.0048,0.00477,0.0058,88.7,120.1,5600.0,60.0,5600.0,50.0,13.135,0.012,6.152,13.128,0.009,2.918,4.506,1N000,0.237,-0.023,0.857,0.048,6.817,204.424248,0.022,-56.410589,0.023,0.168,0.044,-0.103,0.046,3.823,2.216,0.654,16.0,3,3,3,3,0.071,0.022,0.076,0.022,0.467,0hO0,00,WISEA
"[4.209, 6.497]",111.0,4.209,1670m591_b0-156689,166.4521061,0.0701,-58.9117626,0.0717,J110548.51-585442.4,0.0171,1422.037,1221.15,-16.81,21.9,7.32,0.65,31.2,7.6,13.0,13.0,12.0,13.0,56929.473647,166.4521313,0.0751,-58.9117762,0.0769,0.0183,0.02749,0.0266,0.00562,0.0272,47.1,21.3,470.0,10.0,510.0,20.0,15.827,0.023,3.276,15.732,0.051,1.267,2.255,1N000,0.0,0.147,10.51,-0.161,2.717,204.584677,0.069,-56.493432,0.073,-0.045,0.138,0.0,0.146,0.326,0.0,0.729,1.23,3,3,3,3,-0.039,0.074,-0.04,0.074,,,00,WISEA
[0.565],112.0,0.565,1670m591_b0-006939,166.4649316,0.0185,-58.7812695,0.0219,J110551.58-584652.6,-0.0059,1414.839,1392.051,25.08,31.1,0.0,103.1,48.8,5.78,13.0,13.0,13.0,13.0,57004.379929,166.4649506,0.0187,-58.7812843,0.0221,-0.0058,-0.01071,0.0034,0.00552,0.004,81.4,129.9,36000.0,400.0,34000.0,300.0,11.11,0.013,0.8708,11.178,0.008,1.113,0.9855,1N000,0.058,0.009,0.112,0.003,0.031,204.428082,0.021,-56.395552,0.019,0.012,0.042,0.009,0.039,0.294,0.226,0.0212,21.4,3,3,3,3,-0.007,0.021,0.001,0.021,0.348,Hh00,00,WISEA
"[0.322, 4.536, 9.126, 9.382]",113.0,0.322,1670m591_b0-032141,166.4662433,0.0548,-58.8515544,0.0548,J110551.90-585105.6,0.0185,1413.158,1300.05,10.91,39.3,22.73,48.84,46.6,24.0,13.0,13.0,13.0,13.0,56941.907728,166.4662556,0.0497,-58.8515591,0.0504,0.0169,-0.00446,0.0088,0.00735,0.0106,48.5,47.4,7200.0,200.0,6200.0,100.0,12.861,0.022,3.593,13.024,0.023,1.4,2.479,3N000,0.178,0.077,1.897,-0.073,2.579,204.517812,0.052,-56.445325,0.058,0.05,0.104,-0.151,0.116,0.483,1.302,15.5,52.7,3,3,3,3,-0.034,0.048,-0.025,0.051,,,00,WISEA
"[0.52, 5.692, 6.509]",114.0,0.52,1670m591_b0-006153,166.4667569,0.0164,-58.7942945,0.0201,J110552.02-584739.5,0.0028,1413.454,1375.011,25.98,33.1,0.0,79.27,50.4,1.99,13.0,13.0,13.0,13.0,57016.601329,166.4667753,0.0165,-58.7943094,0.0202,0.0029,-0.00082,0.0031,0.00041,0.0037,105.9,128.6,45000.0,400.0,37000.0,300.0,10.873,0.01,2.164,11.073,0.008,1.302,1.722,3N000,0.047,0.029,1.869,0.032,3.556,204.445753,0.018,-56.404208,0.019,0.002,0.036,0.005,0.037,0.05,0.147,16.1,35.4,3,3,3,3,-0.011,0.018,-0.009,0.018,0.03,hhd0,00,WISEA
"[0.461, 2.132, 4.82, 7.716, 8.591]",115.0,0.461,1670m591_b0-049523,166.467212,0.0345,-58.8425514,0.0307,J110552.13-585033.2,0.0154,1412.603,1311.841,3.52,38.4,21.52,94.08,37.4,22.76,13.0,13.0,13.0,13.0,56987.02487,166.4672033,0.0333,-58.8425663,0.0289,0.0145,-0.05422,0.0074,0.03338,0.0095,65.0,74.3,4700.0,70.0,5000.0,70.0,13.33,0.017,11.55,13.251,0.015,2.78,7.119,3N000,0.025,-0.421,99.999,-0.098,11.366,204.507066,0.029,-56.438542,0.036,-0.021,0.06,0.007,0.073,0.347,0.096,49.8,6.72,3,3,3,3,-0.045,0.029,-0.013,0.03,,,00,WISEA
"[0.436, 7.682]",116.0,0.436,1670m591_b0-005098,166.4674167,0.0165,-58.9263498,0.0195,J110552.18-585534.9,-0.0032,1411.524,1202.144,-1.77,36.9,16.32,30.11,44.0,37.41,13.0,13.0,13.0,13.0,57016.997574,166.4674336,0.0161,-58.9263665,0.0193,-0.0033,-0.01364,0.0028,-0.00119,0.0033,108.3,142.2,64000.0,600.0,54000.0,400.0,10.477,0.01,16.79,10.671,0.008,6.328,11.48,3N000,0.072,0.193,82.409,0.056,11.834,204.613409,0.018,-56.498303,0.018,0.011,0.037,-0.045,0.036,0.29,1.266,2.84,17.2,3,3,3,3,-0.006,0.018,0.001,0.018,0.191,0000,00,WISEA
[0.54],117.0,0.54,1670m591_b0-046388,166.4715357,0.023,-58.8008978,0.0274,J110553.17-584803.2,-0.0044,1410.139,1366.394,14.9,21.4,0.0,83.81,43.2,4.31,13.0,13.0,13.0,13.0,57010.026657,166.4715539,0.0226,-58.8009122,0.0268,-0.0045,-0.01168,0.0057,-0.00104,0.0067,95.0,101.0,4500.0,50.0,3400.0,30.0,13.368,0.011,18.01,13.682,0.011,3.208,10.54,1N000,0.363,-0.018,0.561,-0.068,9.613,204.457295,0.026,-56.4072,0.025,0.218,0.051,-0.25,0.05,4.252,4.998,0.686,5.94,3,3,3,3,0.098,0.025,0.105,0.026,0.106,hdD0,0H,WISEA
"[3.55, 4.545, 8.534, 8.928]",118.0,3.55,1670m591_b0-025628,166.4736184,0.0323,-58.8415581,0.0422,J110553.67-585029.6,0.0136,1408.275,1313.178,21.59,47.0,12.3,111.06,52.3,21.23,13.0,13.0,13.0,13.0,56782.308116,166.4736274,0.033,-58.8415729,0.0436,0.0123,-0.01646,0.0068,0.01223,0.0078,57.4,67.9,8300.0,100.0,7300.0,100.0,12.708,0.019,4.931,12.843,0.016,3.152,4.017,3N000,1.368,,,,,,,,,,,,,,,,,2,2,2,2,,,,,,,00,WISEA
"[0.168, 6.909]",119.0,0.168,1670m591_b0-023027,166.4720944,0.0269,-58.9062028,0.0288,J110553.30-585422.3,0.0077,1408.587,1228.545,-16.12,25.1,11.27,21.6,46.0,18.09,13.0,13.0,13.0,13.0,57004.945881,166.4721132,0.0272,-58.9062182,0.029,0.0079,-0.01262,0.005,0.00594,0.0059,94.6,84.3,8700.0,90.0,8500.0,100.0,12.646,0.011,2.529,12.674,0.013,1.646,2.074,3N000,0.017,0.021,0.861,0.008,0.098,204.590966,0.027,-56.482234,0.029,-0.051,0.054,0.016,0.058,0.952,0.269,0.0395,7.16,3,3,3,3,-0.039,0.027,-0.03,0.027,0.235,PP00,00,WISEA
[],120.0,,,,,,,,,,,,,,,,,,,,,,,,,,,,,,,,,,,,,,,,,,,,,,,,,,,,,,,,,,,,,,,,,,,,,,,,,
[5.296],121.0,5.296,1670m591_b0-000979,166.4854496,0.0185,-58.880253,0.0199,J110556.51-585248.9,-0.0041,1399.841,1262.591,-35.7,19.7,0.0,4.96,37.3,0.0,13.0,13.0,13.0,13.0,57011.74134,166.4854673,0.0176,-58.8802694,0.019,-0.004,-0.01341,0.003,-0.00324,0.0033,115.2,134.4,370000.0,3000.0,300000.0,2000.0,8.57,0.009,3.168,8.795,0.008,1.197,2.168,3N000,0.038,-0.013,0.401,0.002,0.014,204.566991,0.02,-56.458875,0.019,-0.007,0.039,0.003,0.038,0.185,0.086,2.04,16.6,3,3,3,3,-0.014,0.019,-0.008,0.019,0.163,0d00,0D,WISEA
"[0.539, 7.36]",122.0,0.539,1670m591_b0-049980,166.492164,0.0304,-58.9065307,0.0385,J110558.12-585423.5,-0.0092,1395.016,1228.229,-1.95,36.0,14.72,29.24,36.3,20.45,13.0,13.0,13.0,13.0,56981.003101,166.4921811,0.0332,-58.906539,0.0408,-0.0109,-0.0311,0.0078,0.03178,0.0093,74.3,62.9,3200.0,40.0,2700.0,40.0,13.733,0.015,2.842,13.914,0.017,2.209,2.508,3N000,0.081,0.009,0.092,0.027,0.601,204.60478,0.036,-56.475209,0.034,-0.07,0.073,0.077,0.067,0.96,1.147,1.24,45.5,3,3,3,3,-0.074,0.039,-0.048,0.038,0.265,0h00,0D,WISEA
[],123.0,,,,,,,,,,,,,,,,,,,,,,,,,,,,,,,,,,,,,,,,,,,,,,,,,,,,,,,,,,,,,,,,,,,,,,,,,
"[3.724, 7.772, 8.032]",124.0,3.724,1670m591_b0-003666,166.4979819,0.0177,-58.8880156,0.0207,J110559.52-585316.9,-0.0035,1391.279,1252.498,-11.64,24.7,0.0,33.24,45.8,0.0,13.0,13.0,13.0,13.0,57002.406113,166.4979994,0.0172,-58.888032,0.0202,-0.0039,-0.00797,0.0032,-0.00342,0.0039,112.4,137.1,79000.0,700.0,73000.0,500.0,10.253,0.01,2.611,10.339,0.008,1.67,2.126,3N000,0.171,0.082,14.876,0.015,0.849,204.585196,0.02,-56.459886,0.019,-0.216,0.039,0.011,0.038,5.507,0.298,9.56,17.7,3,3,3,3,-0.119,0.019,-0.115,0.019,,,00,WISEA
"[0.288, 4.783, 8.225]",125.0,0.288,1670m591_b0-005946,166.5049886,0.023,-58.8403652,0.0288,J110601.20-585025.3,0.0027,1387.039,1314.915,24.42,45.9,0.0,73.43,40.5,2.6,13.0,13.0,13.0,13.0,56994.153071,166.5050047,0.0229,-58.8403815,0.0287,0.0022,-0.00498,0.0044,-0.00585,0.0057,70.5,108.9,44000.0,600.0,41000.0,400.0,10.888,0.015,1.1,10.969,0.01,1.095,1.089,3N000,0.004,0.007,0.048,0.008,0.152,204.529564,0.026,-56.423308,0.026,-0.049,0.052,-0.001,0.053,0.949,0.015,12.5,8.3,3,3,3,3,-0.036,0.026,-0.034,0.026,,,00,WISEA
[],126.0,,,,,,,,,,,,,,,,,,,,,,,,,,,,,,,,,,,,,,,,,,,,,,,,,,,,,,,,,,,,,,,,,,,,,,,,,
"[1.05, 8.966, 9.472]",127.0,1.05,1670m591_b0-027380,166.5240732,0.0181,-58.842446,0.0222,J110605.78-585032.8,0.0046,1374.091,1312.292,34.1,46.4,6.86,57.62,53.5,3.71,13.0,13.0,13.0,13.0,57007.143008,166.5240958,0.0183,-58.8424603,0.0224,0.0047,0.00025,0.0043,0.00495,0.0053,95.9,124.7,7100.0,70.0,6600.0,50.0,12.872,0.011,3.284,12.944,0.009,1.656,2.454,3N000,0.095,-0.05,4.864,-0.033,3.781,204.544956,0.02,-56.417889,0.021,-0.122,0.04,0.055,0.042,3.094,1.312,0.106,24.0,3,3,3,3,-0.072,0.02,-0.069,0.02,0.045,0hO0,00,WISEA
[8.764],128.0,8.764,1670m591_b0-042770,166.5406511,0.0601,-58.8661931,0.0725,J110609.76-585158.3,0.0257,1362.63,1281.291,4.87,39.8,5.84,32.79,50.4,13.12,13.0,13.0,13.0,13.0,56988.731378,166.5406624,0.0592,-58.8662051,0.0712,0.0252,-0.00056,0.0112,0.04731,0.0134,45.4,37.5,4600.0,100.0,4000.0,100.0,13.355,0.024,1.715,13.496,0.029,0.8275,1.262,3N000,0.302,0.064,1.514,0.11,2.8,204.58607,0.061,-56.428864,0.072,0.177,0.123,-0.205,0.143,1.443,1.43,9.57,0.349,3,3,3,3,0.061,0.06,0.081,0.062,,,0P,WISEA
"[1.273, 6.493]",129.0,1.273,1670m591_b0-075404,166.5612435,0.0295,-58.8771801,0.0349,J110614.70-585237.9,-0.0092,1348.589,1267.01,-13.97,25.7,0.0,35.82,32.2,2.07,13.0,13.0,13.0,13.0,57037.105953,166.5612781,0.0297,-58.8771897,0.0351,-0.0092,-0.00437,0.0087,0.03354,0.0102,90.1,59.1,1800.0,20.0,1500.0,20.0,14.336,0.012,7.473,14.591,0.018,1.813,4.613,2N000,0.521,-0.066,7.536,-0.052,2.072,204.613726,0.034,-56.429265,0.031,-0.543,0.067,-0.154,0.062,8.081,2.48,14.0,28.7,3,3,3,3,-0.29,0.034,-0.273,0.034,,,00,WISEA
[4.379],130.0,4.379,1670m591_b0-061988,166.5926145,0.0276,-58.8600665,0.0348,J110622.23-585136.3,0.0067,1327.513,1289.56,-16.39,23.5,10.53,18.76,30.4,16.19,13.0,13.0,13.0,13.0,57014.304673,166.592635,0.0288,-58.8600825,0.0364,0.0075,0.00737,0.0078,0.00409,0.0095,86.7,72.6,2400.0,30.0,2000.0,30.0,14.055,0.013,4.228,14.266,0.015,3.473,3.825,1N000,0.319,0.022,0.79,0.016,0.303,204.613037,0.031,-56.40569,0.032,-0.176,0.061,0.291,0.065,2.868,4.483,0.798,8.59,3,3,3,3,-0.098,0.032,-0.097,0.032,0.417,0000,00,WISEA
"[1.125, 8.752]",131.0,1.125,1670m591_b0-006192,166.5933852,0.0181,-58.8309959,0.0209,J110622.41-584951.6,-0.0053,1327.246,1327.619,-7.05,25.1,2.19,15.27,33.8,13.35,13.0,13.0,13.0,13.0,57007.392294,166.593403,0.0179,-58.8310113,0.0206,-0.0054,-0.01265,0.0032,0.00089,0.0037,108.8,129.6,45000.0,400.0,41000.0,300.0,10.871,0.01,4.733,10.975,0.008,2.326,3.506,3N000,0.046,-0.052,6.423,-0.006,0.125,204.576832,0.02,-56.384626,0.019,-0.001,0.041,0.013,0.038,0.021,0.341,0.713,18.8,3,3,3,3,-0.013,0.02,-0.006,0.02,0.097,00d0,00,WISEA
