_rs_allwise,_q,_r_allwise,AllWISE_allwise,RAJ2000_allwise,DEJ2000_allwise,eeMaj_allwise,eeMin_allwise,eePA_allwise,Im_allwise,W1mag_allwise,e_W1mag_allwise,W2mag_allwise,e_W2mag_allwise,W3mag_allwise,e_W3mag_allwise,W4mag_allwise,e_W4mag_allwise,Jmag_allwise,e_Jmag_allwise,Hmag_allwise,e_Hmag_allwise,Kmag_allwise,e_Kmag_allwise,wx_allwise,wy_allwise,ID_allwise,snr1_allwise,chi2W1_allwise,snr2_allwise,chi2W2_allwise,snr3_allwise,chi2W3_allwise,snr4_allwise,chi2W4_allwise,chi2_allwise,nb_allwise,na_allwise,sat1_allwise,sat2_allwise,sat3_allwise,sat4_allwise,ccf_allwise,ex_allwise,var_allwise,nW1_allwise,mW1_allwise,nW2_allwise,mW2_allwise,nW3_allwise,mW3_allwise,nW4_allwise,mW4_allwise,satnum_allwise,RA_pm_allwise,e_RA_pm_allwise,DE_pm_allwise,e_DE_pm_allwise,cosig_pm_allwise,pmRA_allwise,e_pmRA_allwise,pmDE_allwise,e_pmDE_allwise,chi2W1_pm_allwise,chi2W2_pm_allwise,chi2W3_pm_allwise,chi2W4_pm_allwise,chi2pm_allwise,qpm_allwise,qph_allwise,fdet_allwise,fmoon_allwise,covW1_allwise,covW2_allwise,covW3_allwise,covW4_allwise,_2Mkey_allwise,d2M_allwise,_2M_allwise
"[0.109, 8.049]",1.0,0.109,J084233.81-480742.8,130.6409124,-48.1285812,0.0777,0.0733,150.1,Im,13.006,0.038,13.013,0.036,10.902,,8.065,,14.038,0.036,13.276,0.035,13.141,0.038,1801.733,2921.301,1.3040485013510438e+18,28.6,0.756,30.1,1.01,2.0,0.397,0.6,0.788,0.78,2.0,1.0,0.0,0.0,0.0,0.0,hhh0,0.0,nnnn,38.0,38.0,38.0,38.0,0.0,20.0,0.0,20.0,0.0,130.640907,0.0842,-48.1285809,0.0878,0.0225,188,84,-115,90,2.15,1.33,0.421,0.815,1.35,2N001,AAUU,3.0,11.0,39.525,39.271,20.488,20.972,157282501,0.128,2M
"[0.109, 8.049]",2.0,0.109,J084233.81-480742.8,130.6409124,-48.1285812,0.0777,0.0733,150.1,Im,13.006,0.038,13.013,0.036,10.902,,8.065,,14.038,0.036,13.276,0.035,13.141,0.038,1801.733,2921.301,1.3040485013510438e+18,28.6,0.756,30.1,1.01,2.0,0.397,0.6,0.788,0.78,2.0,1.0,0.0,0.0,0.0,0.0,hhh0,0.0,nnnn,38.0,38.0,38.0,38.0,0.0,20.0,0.0,20.0,0.0,130.640907,0.0842,-48.1285809,0.0878,0.0225,188,84,-115,90,2.15,1.33,0.421,0.815,1.35,2N001,AAUU,3.0,11.0,39.525,39.271,20.488,20.972,157282501,0.128,2M
[0.197],3.0,0.197,J084225.10-480539.7,130.6045856,-48.0943794,0.0373,0.0343,119.1,Im,10.278,0.022,10.317,0.019,10.251,0.059,9.195,,10.817,0.026,10.393,0.021,10.302,0.021,1865.094,3010.947,1.3040485013510436e+18,48.3,2.53,56.1,2.17,18.5,0.978,0.3,1.02,1.89,1.0,0.0,0.0,0.0,0.0,0.002,dddD,0.0,011n,39.0,39.0,39.0,39.0,18.0,20.0,0.0,20.0,0.0,130.6045902,0.0367,-48.0943807,0.0354,-0.0095,-133,33,35,32,2.51,2.16,0.977,1.02,1.88,1N000,AAAU,7.0,11.0,40.159,40.177,20.889,20.444,157282789,0.299,2M
[0.197],4.0,0.197,J084225.10-480539.7,130.6045856,-48.0943794,0.0373,0.0343,119.1,Im,10.278,0.022,10.317,0.019,10.251,0.059,9.195,,10.817,0.026,10.393,0.021,10.302,0.021,1865.094,3010.947,1.3040485013510436e+18,48.3,2.53,56.1,2.17,18.5,0.978,0.3,1.02,1.89,1.0,0.0,0.0,0.0,0.0,0.002,dddD,0.0,011n,39.0,39.0,39.0,39.0,18.0,20.0,0.0,20.0,0.0,130.6045902,0.0367,-48.0943807,0.0354,-0.0095,-133,33,35,32,2.51,2.16,0.977,1.02,1.88,1N000,AAAU,7.0,11.0,40.159,40.177,20.889,20.444,157282789,0.299,2M
[0.158],5.0,0.158,J084236.65-480608.1,130.6527199,-48.1022756,0.0408,0.0391,122.4,Im,12.585,0.023,12.567,0.022,12.816,,9.33,,13.53,0.026,12.779,0.022,12.609,0.027,1780.963,2990.133,1.3040485013510433e+18,47.3,1.9,48.3,1.7,-4.1,1.03,-4.5,1.12,1.55,1.0,0.0,0.0,0.0,0.0,0.0,hhH0,0.0,22nn,39.0,39.0,39.0,39.0,0.0,20.0,0.0,20.0,0.0,130.6527198,0.041,-48.1022769,0.0403,-0.0077,-11,49,54,50,1.89,1.7,1.03,1.12,1.55,1N000,AAUU,3.0,11.0,38.2,37.965,20.063,20.578,157282710,0.105,2M
[0.158],6.0,0.158,J084236.65-480608.1,130.6527199,-48.1022756,0.0408,0.0391,122.4,Im,12.585,0.023,12.567,0.022,12.816,,9.33,,13.53,0.026,12.779,0.022,12.609,0.027,1780.963,2990.133,1.3040485013510433e+18,47.3,1.9,48.3,1.7,-4.1,1.03,-4.5,1.12,1.55,1.0,0.0,0.0,0.0,0.0,0.0,hhH0,0.0,22nn,39.0,39.0,39.0,39.0,0.0,20.0,0.0,20.0,0.0,130.6527198,0.041,-48.1022769,0.0403,-0.0077,-11,49,54,50,1.89,1.7,1.03,1.12,1.55,1N000,AAUU,3.0,11.0,38.2,37.965,20.063,20.578,157282710,0.105,2M
[0.152],7.0,0.152,J084237.92-480624.7,130.6580125,-48.1068664,0.0399,0.0376,115.3,Im,11.332,0.023,11.327,0.021,12.709,,9.317,,12.101,0.026,11.539,0.024,11.378,0.021,1771.734,2978.094,1.304048501351043e+18,46.8,1.35,51.5,4.01,-1.4,1.16,-2.7,1.01,2.14,1.0,0.0,0.0,0.0,0.0,0.0,hhH0,1.0,00nn,39.0,39.0,39.0,39.0,0.0,20.0,0.0,20.0,0.0,130.6580115,0.0408,-48.1068649,0.0391,-0.0101,17,38,-52,37,1.35,4.0,1.16,1.01,2.13,1N000,AAUU,3.0,11.0,38.881,39.017,19.972,20.477,157282671,0.069,2M
[0.152],8.0,0.152,J084237.92-480624.7,130.6580125,-48.1068664,0.0399,0.0376,115.3,Im,11.332,0.023,11.327,0.021,12.709,,9.317,,12.101,0.026,11.539,0.024,11.378,0.021,1771.734,2978.094,1.304048501351043e+18,46.8,1.35,51.5,4.01,-1.4,1.16,-2.7,1.01,2.14,1.0,0.0,0.0,0.0,0.0,0.0,hhH0,1.0,00nn,39.0,39.0,39.0,39.0,0.0,20.0,0.0,20.0,0.0,130.6580115,0.0408,-48.1068649,0.0391,-0.0101,17,38,-52,37,1.35,4.0,1.16,1.01,2.13,1N000,AAUU,3.0,11.0,38.881,39.017,19.972,20.477,157282671,0.069,2M
[0.127],9.0,0.127,J084232.11-480827.5,130.6338065,-48.1409885,0.0602,0.0508,105.4,Im,12.541,0.027,12.411,0.031,10.929,0.53,7.49,,13.762,0.032,13.019,0.035,12.693,0.033,1814.208,2888.839,1.304048501351043e+18,39.7,1.52,35.1,1.41,2.0,0.209,1.9,0.653,1.11,2.0,1.0,0.0,0.0,0.0,0.0,hhh0,0.0,nnnn,40.0,40.0,40.0,40.0,2.0,21.0,0.0,21.0,0.0,,,,,,,,,,,,,,,,AACU,7.0,11.0,41.377,41.47,20.862,21.081,157282402,0.091,2M
[0.127],10.0,0.127,J084232.11-480827.5,130.6338065,-48.1409885,0.0602,0.0508,105.4,Im,12.541,0.027,12.411,0.031,10.929,0.53,7.49,,13.762,0.032,13.019,0.035,12.693,0.033,1814.208,2888.839,1.304048501351043e+18,39.7,1.52,35.1,1.41,2.0,0.209,1.9,0.653,1.11,2.0,1.0,0.0,0.0,0.0,0.0,hhh0,0.0,nnnn,40.0,40.0,40.0,40.0,2.0,21.0,0.0,21.0,0.0,,,,,,,,,,,,,,,,AACU,7.0,11.0,41.377,41.47,20.862,21.081,157282402,0.091,2M
[0.234],11.0,0.234,J084236.57-480801.6,130.6523925,-48.1337853,0.045,0.0441,178.8,Im,12.087,0.026,12.136,0.024,10.363,0.236,8.023,0.352,13.126,0.03,12.441,0.026,12.297,0.024,1781.699,2907.637,1.3040485013510438e+18,42.5,4.54,45.8,3.08,4.6,0.292,3.1,0.516,2.86,2.0,0.0,0.0,0.0,0.0,0.0,hhh0,1.0,75nn,38.0,38.0,38.0,38.0,5.0,20.0,1.0,20.0,0.0,130.6523919,0.1009,-48.1337863,0.1037,0.0528,63,94,122,99,4.53,3.08,0.292,0.516,2.86,3Y000,AABB,15.0,11.0,39.414,39.491,20.528,21.05,157282463,0.237,2M
[0.234],12.0,0.234,J084236.57-480801.6,130.6523925,-48.1337853,0.045,0.0441,178.8,Im,12.087,0.026,12.136,0.024,10.363,0.236,8.023,0.352,13.126,0.03,12.441,0.026,12.297,0.024,1781.699,2907.637,1.3040485013510438e+18,42.5,4.54,45.8,3.08,4.6,0.292,3.1,0.516,2.86,2.0,0.0,0.0,0.0,0.0,0.0,hhh0,1.0,75nn,38.0,38.0,38.0,38.0,5.0,20.0,1.0,20.0,0.0,130.6523919,0.1009,-48.1337863,0.1037,0.0528,63,94,122,99,4.53,3.08,0.292,0.516,2.86,3Y000,AABB,15.0,11.0,39.414,39.491,20.528,21.05,157282463,0.237,2M
[0.062],13.0,0.062,J084232.65-480840.1,130.6360832,-48.1444912,0.0494,0.0475,123.9,Im,13.047,0.025,12.946,0.028,10.703,,7.879,,14.089,0.024,13.254,0.028,13.087,0.035,1810.246,2879.661,1.3040485013510438e+18,43.0,1.7,38.6,1.38,0.3,0.234,1.5,0.611,1.17,2.0,0.0,0.0,0.0,0.0,0.0,hhh0,0.0,21nn,37.0,37.0,37.0,37.0,0.0,20.0,0.0,20.0,0.0,130.636083,0.0497,-48.1444895,0.0489,-0.0064,1,52,55,53,1.7,1.38,0.234,0.611,1.17,3Y000,AAUU,3.0,11.0,41.1,41.194,20.922,21.303,157282380,0.155,2M
[0.062],14.0,0.062,J084232.65-480840.1,130.6360832,-48.1444912,0.0494,0.0475,123.9,Im,13.047,0.025,12.946,0.028,10.703,,7.879,,14.089,0.024,13.254,0.028,13.087,0.035,1810.246,2879.661,1.3040485013510438e+18,43.0,1.7,38.6,1.38,0.3,0.234,1.5,0.611,1.17,2.0,0.0,0.0,0.0,0.0,0.0,hhh0,0.0,21nn,37.0,37.0,37.0,37.0,0.0,20.0,0.0,20.0,0.0,130.636083,0.0497,-48.1444895,0.0489,-0.0064,1,52,55,53,1.7,1.38,0.234,0.611,1.17,3Y000,AAUU,3.0,11.0,41.1,41.194,20.922,21.303,157282380,0.155,2M
"[0.235, 8.012]",15.0,0.235,J084218.99-480812.5,130.5791525,-48.1368204,0.0391,0.0343,102.3,Im,10.995,0.021,11.064,0.02,10.197,0.092,8.603,0.423,11.686,0.027,11.216,0.022,11.074,0.019,1909.683,2899.885,1.3040485013510436e+18,51.2,2.99,54.1,1.28,11.8,0.743,2.6,1.13,1.75,2.0,1.0,0.0,0.0,0.0,0.0,hdhH,0.0,nnnn,40.0,40.0,40.0,40.0,18.0,19.0,1.0,19.0,0.0,130.5792075,0.0365,-48.1368201,0.0343,-0.0088,322,34,40,34,7.62,2.86,0.769,1.15,3.87,3N016,AAAC,15.0,11.0,41.859,42.167,21.867,21.326,157282440,0.232,2M
"[0.235, 8.012]",16.0,0.235,J084218.99-480812.5,130.5791525,-48.1368204,0.0391,0.0343,102.3,Im,10.995,0.021,11.064,0.02,10.197,0.092,8.603,0.423,11.686,0.027,11.216,0.022,11.074,0.019,1909.683,2899.885,1.3040485013510436e+18,51.2,2.99,54.1,1.28,11.8,0.743,2.6,1.13,1.75,2.0,1.0,0.0,0.0,0.0,0.0,hdhH,0.0,nnnn,40.0,40.0,40.0,40.0,18.0,19.0,1.0,19.0,0.0,130.5792075,0.0365,-48.1368201,0.0343,-0.0088,322,34,40,34,7.62,2.86,0.769,1.15,3.87,3N016,AAAC,15.0,11.0,41.859,42.167,21.867,21.326,157282440,0.232,2M
[0.152],17.0,0.152,J084222.84-480440.6,130.5952067,-48.0779587,0.0555,0.0546,171.9,Im,13.411,0.028,13.405,0.03,12.201,,9.298,,14.482,0.03,13.639,0.04,13.416,0.044,1881.442,3053.96,1.304048501351045e+18,38.2,1.35,36.1,1.46,1.2,0.843,-0.6,1.07,1.25,1.0,0.0,0.0,0.0,0.0,0.0,hhHH,0.0,00nn,39.0,39.0,39.0,39.0,0.0,20.0,0.0,20.0,0.0,130.5952081,0.0562,-48.0779584,0.0577,-0.0027,-54,74,-11,79,1.34,1.46,0.843,1.07,1.25,1N000,AAUU,3.0,11.0,39.442,39.421,20.97,21.434,157282938,0.152,2M
[0.152],18.0,0.152,J084222.84-480440.6,130.5952067,-48.0779587,0.0555,0.0546,171.9,Im,13.411,0.028,13.405,0.03,12.201,,9.298,,14.482,0.03,13.639,0.04,13.416,0.044,1881.442,3053.96,1.304048501351045e+18,38.2,1.35,36.1,1.46,1.2,0.843,-0.6,1.07,1.25,1.0,0.0,0.0,0.0,0.0,0.0,hhHH,0.0,00nn,39.0,39.0,39.0,39.0,0.0,20.0,0.0,20.0,0.0,130.5952081,0.0562,-48.0779584,0.0577,-0.0027,-54,74,-11,79,1.34,1.46,0.843,1.07,1.25,1N000,AAUU,3.0,11.0,39.442,39.421,20.97,21.434,157282938,0.152,2M
[],19.0,,,,,,,,,,,,,,,,,,,,,,,,,,,,,,,,,,,,,,,,,,,,,,,,,,,,,,,,,,,,,,,,,,,,,,,,,,,,,
[],20.0,,,,,,,,,,,,,,,,,,,,,,,,,,,,,,,,,,,,,,,,,,,,,,,,,,,,,,,,,,,,,,,,,,,,,,,,,,,,,
"[0.133, 7.868]",21.0,0.133,J084214.49-480721.3,130.5603752,-48.1225842,0.0409,0.0367,158.0,Im,10.629,0.023,10.672,0.021,10.95,0.2,8.689,,11.195,0.024,10.756,0.021,10.722,0.021,1942.462,2937.187,1.3040485013510436e+18,47.1,2.22,52.9,1.48,5.4,0.608,0.4,0.919,1.48,2.0,1.0,0.0,0.0,0.0,0.0,hhHH,0.0,nnnn,40.0,40.0,40.0,40.0,4.0,20.0,0.0,20.0,0.0,130.5603676,0.0358,-48.1225305,0.0361,-0.0088,70,33,14,33,4.36,2.36,0.609,0.919,2.48,1N020,AABU,7.0,11.0,40.546,41.195,21.532,22.212,157282548,0.098,2M
"[0.133, 7.868]",22.0,0.133,J084214.49-480721.3,130.5603752,-48.1225842,0.0409,0.0367,158.0,Im,10.629,0.023,10.672,0.021,10.95,0.2,8.689,,11.195,0.024,10.756,0.021,10.722,0.021,1942.462,2937.187,1.3040485013510436e+18,47.1,2.22,52.9,1.48,5.4,0.608,0.4,0.919,1.48,2.0,1.0,0.0,0.0,0.0,0.0,hhHH,0.0,nnnn,40.0,40.0,40.0,40.0,4.0,20.0,0.0,20.0,0.0,130.5603676,0.0358,-48.1225305,0.0361,-0.0088,70,33,14,33,4.36,2.36,0.609,0.919,2.48,1N020,AABU,7.0,11.0,40.546,41.195,21.532,22.212,157282548,0.098,2M
[0.021],23.0,0.021,J084228.69-480919.7,130.6195782,-48.1554982,0.0396,0.0365,123.5,Im,11.947,0.022,12.007,0.021,11.607,,8.891,,12.814,0.026,12.178,0.024,12.027,0.021,1839.125,2850.892,1.3040485013510436e+18,49.5,1.5,50.6,1.7,-0.6,0.642,-0.5,0.692,1.28,1.0,0.0,0.0,0.0,0.0,0.0,hhh0,0.0,00nn,40.0,40.0,40.0,40.0,0.0,20.0,0.0,20.0,0.0,130.6195798,0.0399,-48.1554975,0.0389,-0.0125,-46,42,-31,42,1.5,1.7,0.642,0.692,1.28,1N000,AAUU,3.0,11.0,41.09,41.035,20.942,20.899,157282307,0.086,2M
[0.021],24.0,0.021,J084228.69-480919.7,130.6195782,-48.1554982,0.0396,0.0365,123.5,Im,11.947,0.022,12.007,0.021,11.607,,8.891,,12.814,0.026,12.178,0.024,12.027,0.021,1839.125,2850.892,1.3040485013510436e+18,49.5,1.5,50.6,1.7,-0.6,0.642,-0.5,0.692,1.28,1.0,0.0,0.0,0.0,0.0,0.0,hhh0,0.0,00nn,40.0,40.0,40.0,40.0,0.0,20.0,0.0,20.0,0.0,130.6195798,0.0399,-48.1554975,0.0389,-0.0125,-46,42,-31,42,1.5,1.7,0.642,0.692,1.28,1N000,AAUU,3.0,11.0,41.09,41.035,20.942,20.899,157282307,0.086,2M
"[0.426, 9.019]",25.0,0.426,J084225.94-480922.1,130.6081148,-48.1561489,0.045,0.0441,116.3,Im,13.252,0.024,13.259,0.025,11.308,0.325,8.416,,14.42,0.032,13.583,0.032,13.431,0.04,1859.15,2849.218,1.3040485013510438e+18,45.7,3.41,42.8,1.43,3.3,0.467,-0.3,0.639,1.78,1.0,0.0,0.0,0.0,0.0,0.0,hhh0,1.0,21nn,40.0,40.0,40.0,40.0,1.0,20.0,0.0,20.0,0.0,130.608115,0.0487,-48.1561491,0.0468,0.0044,-14,69,24,72,3.41,1.43,0.467,0.639,1.78,3N000,AABU,7.0,11.0,39.494,40.456,20.629,20.62,157282296,0.305,2M
"[0.426, 9.019]",26.0,0.426,J084225.94-480922.1,130.6081148,-48.1561489,0.045,0.0441,116.3,Im,13.252,0.024,13.259,0.025,11.308,0.325,8.416,,14.42,0.032,13.583,0.032,13.431,0.04,1859.15,2849.218,1.3040485013510438e+18,45.7,3.41,42.8,1.43,3.3,0.467,-0.3,0.639,1.78,1.0,0.0,0.0,0.0,0.0,0.0,hhh0,1.0,21nn,40.0,40.0,40.0,40.0,1.0,20.0,0.0,20.0,0.0,130.608115,0.0487,-48.1561491,0.0468,0.0044,-14,69,24,72,3.41,1.43,0.467,0.639,1.78,3N000,AABU,7.0,11.0,39.494,40.456,20.629,20.62,157282296,0.305,2M
[0.15],27.0,0.15,J084242.09-480516.9,130.6753933,-48.0880447,0.0376,0.0351,129.3,Im,10.229,0.023,10.253,0.02,10.281,0.066,8.936,,10.597,0.032,10.373,0.022,10.296,0.021,1741.235,3027.306,1.3040485013510428e+18,47.8,1.74,54.2,1.71,16.4,0.856,-1.0,0.921,1.44,1.0,0.0,0.0,0.0,0.0,0.0,PPh0,0.0,nn0n,40.0,40.0,40.0,40.0,19.0,20.0,0.0,20.0,0.0,130.6753941,0.0372,-48.0880431,0.0372,-0.0107,-31,32,-46,33,1.73,1.71,0.856,0.921,1.44,1N000,AAAU,7.0,11.0,39.656,39.695,20.107,20.479,157282846,0.058,2M
[0.15],28.0,0.15,J084242.09-480516.9,130.6753933,-48.0880447,0.0376,0.0351,129.3,Im,10.229,0.023,10.253,0.02,10.281,0.066,8.936,,10.597,0.032,10.373,0.022,10.296,0.021,1741.235,3027.306,1.3040485013510428e+18,47.8,1.74,54.2,1.71,16.4,0.856,-1.0,0.921,1.44,1.0,0.0,0.0,0.0,0.0,0.0,PPh0,0.0,nn0n,40.0,40.0,40.0,40.0,19.0,20.0,0.0,20.0,0.0,130.6753941,0.0372,-48.0880431,0.0372,-0.0107,-31,32,-46,33,1.73,1.71,0.856,0.921,1.44,1N000,AAAU,7.0,11.0,39.656,39.695,20.107,20.479,157282846,0.058,2M
[0.001],29.0,0.001,J084211.78-480632.9,130.5490837,-48.1091445,0.0386,0.0354,132.3,Im,10.027,0.023,10.047,0.021,10.656,0.114,9.211,,10.21,0.026,10.067,0.021,10.03,0.021,1962.175,2972.388,1.3040485013510436e+18,47.7,1.52,52.8,1.47,9.5,0.855,-4.5,0.964,1.29,1.0,0.0,0.0,0.0,0.0,0.0,hhHH,0.0,00nn,41.0,41.0,41.0,41.0,15.0,21.0,0.0,21.0,0.0,130.5490858,0.0373,-48.1091442,0.0372,-0.0109,-27,32,5,32,1.51,1.47,0.856,0.964,1.29,1N000,AABU,7.0,11.0,41.476,42.083,21.924,22.432,157282654,0.102,2M
[0.001],30.0,0.001,J084211.78-480632.9,130.5490837,-48.1091445,0.0386,0.0354,132.3,Im,10.027,0.023,10.047,0.021,10.656,0.114,9.211,,10.21,0.026,10.067,0.021,10.03,0.021,1962.175,2972.388,1.3040485013510436e+18,47.7,1.52,52.8,1.47,9.5,0.855,-4.5,0.964,1.29,1.0,0.0,0.0,0.0,0.0,0.0,hhHH,0.0,00nn,41.0,41.0,41.0,41.0,15.0,21.0,0.0,21.0,0.0,130.5490858,0.0373,-48.1091442,0.0372,-0.0109,-27,32,5,32,1.51,1.47,0.856,0.964,1.29,1N000,AABU,7.0,11.0,41.476,42.083,21.924,22.432,157282654,0.102,2M
[],31.0,,,,,,,,,,,,,,,,,,,,,,,,,,,,,,,,,,,,,,,,,,,,,,,,,,,,,,,,,,,,,,,,,,,,,,,,,,,,,
[],32.0,,,,,,,,,,,,,,,,,,,,,,,,,,,,,,,,,,,,,,,,,,,,,,,,,,,,,,,,,,,,,,,,,,,,,,,,,,,,,
[0.14],33.0,0.14,J084212.84-480513.6,130.5535028,-48.0871166,0.0422,0.0394,166.5,Im,11.568,0.025,11.648,0.021,12.205,,9.108,,12.619,0.026,11.967,0.021,11.779,0.019,1954.409,3030.054,1.304048501351044e+18,44.0,1.19,51.0,1.52,1.6,0.986,-0.6,1.04,1.23,2.0,1.0,0.0,0.0,0.0,0.0,ddDD,0.0,nnnn,39.0,39.0,39.0,39.0,1.0,21.0,0.0,21.0,0.0,130.5535001,0.0404,-48.087107,0.0441,0.0016,135,40,121,42,11.6,6.56,0.986,1.06,6.2,1N004,AAUU,3.0,11.0,39.525,40.65,21.782,21.924,157282857,0.066,2M
[0.14],34.0,0.14,J084212.84-480513.6,130.5535028,-48.0871166,0.0422,0.0394,166.5,Im,11.568,0.025,11.648,0.021,12.205,,9.108,,12.619,0.026,11.967,0.021,11.779,0.019,1954.409,3030.054,1.304048501351044e+18,44.0,1.19,51.0,1.52,1.6,0.986,-0.6,1.04,1.23,2.0,1.0,0.0,0.0,0.0,0.0,ddDD,0.0,nnnn,39.0,39.0,39.0,39.0,1.0,21.0,0.0,21.0,0.0,130.5535001,0.0404,-48.087107,0.0441,0.0016,135,40,121,42,11.6,6.56,0.986,1.06,6.2,1N004,AAUU,3.0,11.0,39.525,40.65,21.782,21.924,157282857,0.066,2M
[0.721],35.0,0.721,J084214.96-480901.9,130.562367,-48.1505399,0.0684,0.0654,5.8,Im,13.887,0.031,13.955,0.043,12.73,,9.194,,15.115,0.07,14.37,0.092,14.158,0.073,1939.041,2863.992,1.3040485013510446e+18,35.6,1.74,25.1,1.38,-9.5,1.1,-3.1,0.889,1.37,1.0,0.0,0.0,0.0,0.0,0.0,hhHH,0.0,10nn,40.0,40.0,40.0,40.0,0.0,19.0,0.0,19.0,0.0,130.5623629,0.0696,-48.150541,0.0723,0.0116,75,103,34,112,1.73,1.38,1.11,0.888,1.37,1N000,AAUU,3.0,11.0,40.062,40.821,20.683,20.155,157282338,0.757,2M
[0.721],36.0,0.721,J084214.96-480901.9,130.562367,-48.1505399,0.0684,0.0654,5.8,Im,13.887,0.031,13.955,0.043,12.73,,9.194,,15.115,0.07,14.37,0.092,14.158,0.073,1939.041,2863.992,1.3040485013510446e+18,35.6,1.74,25.1,1.38,-9.5,1.1,-3.1,0.889,1.37,1.0,0.0,0.0,0.0,0.0,0.0,hhHH,0.0,10nn,40.0,40.0,40.0,40.0,0.0,19.0,0.0,19.0,0.0,130.5623629,0.0696,-48.150541,0.0723,0.0116,75,103,34,112,1.73,1.38,1.11,0.888,1.37,1N000,AAUU,3.0,11.0,40.062,40.821,20.683,20.155,157282338,0.757,2M
[8.935],37.0,8.935,J084245.65-480511.7,130.6902117,-48.0865881,0.0381,0.0352,133.1,Im,10.792,0.022,10.849,0.02,10.578,0.085,7.443,0.135,11.075,0.026,11.02,0.022,11.001,0.023,1715.31,3031.057,1.3040485013510428e+18,48.3,13.4,54.0,6.62,12.7,1.46,8.1,2.31,7.34,1.0,0.0,0.0,0.0,0.0,0.0,dd00,1.0,5400,39.0,39.0,39.0,39.0,17.0,19.0,8.0,19.0,0.0,130.6902101,0.0372,-48.0865849,0.0374,-0.0112,37,34,-104,35,13.4,6.61,1.47,2.31,7.33,2N000,AAAB,15.0,11.0,40.31,39.934,19.902,19.896,157286653,0.256,2M
[8.935],38.0,8.935,J084245.65-480511.7,130.6902117,-48.0865881,0.0381,0.0352,133.1,Im,10.792,0.022,10.849,0.02,10.578,0.085,7.443,0.135,11.075,0.026,11.02,0.022,11.001,0.023,1715.31,3031.057,1.3040485013510428e+18,48.3,13.4,54.0,6.62,12.7,1.46,8.1,2.31,7.34,1.0,0.0,0.0,0.0,0.0,0.0,dd00,1.0,5400,39.0,39.0,39.0,39.0,17.0,19.0,8.0,19.0,0.0,130.6902101,0.0372,-48.0865849,0.0374,-0.0112,37,34,-104,35,13.4,6.61,1.47,2.31,7.33,2N000,AAAB,15.0,11.0,40.31,39.934,19.902,19.896,157286653,0.256,2M
[],39.0,,,,,,,,,,,,,,,,,,,,,,,,,,,,,,,,,,,,,,,,,,,,,,,,,,,,,,,,,,,,,,,,,,,,,,,,,,,,,
[],40.0,,,,,,,,,,,,,,,,,,,,,,,,,,,,,,,,,,,,,,,,,,,,,,,,,,,,,,,,,,,,,,,,,,,,,,,,,,,,,
[0.34],41.0,0.34,J084235.69-480343.1,130.6487246,-48.0619995,0.0574,0.0554,176.0,Im,13.522,0.029,13.421,0.03,12.461,,8.918,,14.587,0.04,13.882,0.044,13.662,0.053,1787.745,3095.594,1.3040485013510436e+18,36.9,1.94,36.5,0.981,-0.4,0.777,0.2,0.915,1.26,1.0,0.0,0.0,0.0,0.0,0.002,ddH0,0.0,10nn,39.0,39.0,39.0,39.0,0.0,18.0,0.0,18.0,0.0,130.6487198,0.057,-48.062004,0.0593,-0.0058,128,78,144,84,1.94,0.976,0.777,0.915,1.26,1N000,AAUU,3.0,11.0,39.383,39.495,19.286,19.553,157283076,0.177,2M
[0.34],42.0,0.34,J084235.69-480343.1,130.6487246,-48.0619995,0.0574,0.0554,176.0,Im,13.522,0.029,13.421,0.03,12.461,,8.918,,14.587,0.04,13.882,0.044,13.662,0.053,1787.745,3095.594,1.3040485013510436e+18,36.9,1.94,36.5,0.981,-0.4,0.777,0.2,0.915,1.26,1.0,0.0,0.0,0.0,0.0,0.002,ddH0,0.0,10nn,39.0,39.0,39.0,39.0,0.0,18.0,0.0,18.0,0.0,130.6487198,0.057,-48.062004,0.0593,-0.0058,128,78,144,84,1.94,0.976,0.777,0.915,1.26,1N000,AAUU,3.0,11.0,39.383,39.495,19.286,19.553,157283076,0.177,2M
[0.414],43.0,0.414,J084211.68-480836.0,130.5486737,-48.143359,0.0484,0.047,130.8,Im,12.478,0.027,12.463,0.025,12.602,,8.997,,13.551,0.032,12.837,0.028,12.648,0.031,1962.948,2882.81,1.3040485013510438e+18,40.5,3.14,43.4,1.26,-5.5,0.835,-1.1,0.945,1.75,1.0,0.0,0.0,0.0,0.0,0.0,hhHH,1.0,22nn,40.0,40.0,40.0,40.0,0.0,20.0,0.0,20.0,0.0,130.5486782,0.0482,-48.1433575,0.048,-0.0084,-110,51,-18,53,3.14,1.26,0.835,0.945,1.74,1N000,AAUU,3.0,11.0,38.627,40.407,19.981,20.119,157282383,0.518,2M
[0.414],44.0,0.414,J084211.68-480836.0,130.5486737,-48.143359,0.0484,0.047,130.8,Im,12.478,0.027,12.463,0.025,12.602,,8.997,,13.551,0.032,12.837,0.028,12.648,0.031,1962.948,2882.81,1.3040485013510438e+18,40.5,3.14,43.4,1.26,-5.5,0.835,-1.1,0.945,1.75,1.0,0.0,0.0,0.0,0.0,0.0,hhHH,1.0,22nn,40.0,40.0,40.0,40.0,0.0,20.0,0.0,20.0,0.0,130.5486782,0.0482,-48.1433575,0.048,-0.0084,-110,51,-18,53,3.14,1.26,0.835,0.945,1.74,1N000,AAUU,3.0,11.0,38.627,40.407,19.981,20.119,157282383,0.518,2M
[3.514],45.0,3.514,J084246.43-480525.5,130.6934944,-48.0904282,0.0335,0.0312,126.3,Im,9.066,0.02,9.119,0.018,8.901,0.033,7.197,0.123,9.326,0.03,9.301,0.031,9.266,0.027,1709.594,3020.989,1.3040485013510428e+18,53.1,4.45,58.9,3.49,33.0,0.949,8.8,1.85,3.15,1.0,0.0,0.0,0.0,0.0,0.0,h000,1.0,3100,40.0,40.0,40.0,40.0,19.0,19.0,13.0,19.0,0.0,130.6934874,0.0338,-48.0904298,0.0332,-0.0068,130,30,102,30,4.47,3.52,0.945,1.85,3.17,3N001,AAAB,15.0,11.0,40.206,40.489,19.505,20.147,157286701,0.266,2M
[3.514],46.0,3.514,J084246.43-480525.5,130.6934944,-48.0904282,0.0335,0.0312,126.3,Im,9.066,0.02,9.119,0.018,8.901,0.033,7.197,0.123,9.326,0.03,9.301,0.031,9.266,0.027,1709.594,3020.989,1.3040485013510428e+18,53.1,4.45,58.9,3.49,33.0,0.949,8.8,1.85,3.15,1.0,0.0,0.0,0.0,0.0,0.0,h000,1.0,3100,40.0,40.0,40.0,40.0,19.0,19.0,13.0,19.0,0.0,130.6934874,0.0338,-48.0904298,0.0332,-0.0068,130,30,102,30,4.47,3.52,0.945,1.85,3.17,3N001,AAAB,15.0,11.0,40.206,40.489,19.505,20.147,157286701,0.266,2M
[],47.0,,,,,,,,,,,,,,,,,,,,,,,,,,,,,,,,,,,,,,,,,,,,,,,,,,,,,,,,,,,,,,,,,,,,,,,,,,,,,
[],48.0,,,,,,,,,,,,,,,,,,,,,,,,,,,,,,,,,,,,,,,,,,,,,,,,,,,,,,,,,,,,,,,,,,,,,,,,,,,,,
[0.196],49.0,0.196,J084217.82-480353.0,130.5742595,-48.0647458,0.038,0.035,126.2,Im,10.405,0.023,10.446,0.02,10.55,0.083,9.34,,10.505,0.022,10.432,0.021,10.418,0.019,1918.05,3088.594,1.3040485013510433e+18,48.1,1.7,54.3,1.4,13.0,0.859,-0.1,1.02,1.34,1.0,0.0,0.0,0.0,0.0,0.0,hhhH,0.0,110n,40.0,40.0,40.0,40.0,19.0,21.0,0.0,21.0,0.0,130.5742602,0.0383,-48.0647441,0.0383,-0.0137,-26,33,-78,34,1.69,1.4,0.859,1.02,1.33,1N000,AAAU,7.0,11.0,39.768,40.28,21.216,21.592,157283052,0.055,2M
[0.196],50.0,0.196,J084217.82-480353.0,130.5742595,-48.0647458,0.038,0.035,126.2,Im,10.405,0.023,10.446,0.02,10.55,0.083,9.34,,10.505,0.022,10.432,0.021,10.418,0.019,1918.05,3088.594,1.3040485013510433e+18,48.1,1.7,54.3,1.4,13.0,0.859,-0.1,1.02,1.34,1.0,0.0,0.0,0.0,0.0,0.0,hhhH,0.0,110n,40.0,40.0,40.0,40.0,19.0,21.0,0.0,21.0,0.0,130.5742602,0.0383,-48.0647441,0.0383,-0.0137,-26,33,-78,34,1.69,1.4,0.859,1.02,1.33,1N000,AAAU,7.0,11.0,39.768,40.28,21.216,21.592,157283052,0.055,2M
[6.301],51.0,6.301,J084231.80-481008.2,130.6325253,-48.1689692,0.0878,0.0804,25.2,Im,15.2,0.032,16.119,0.146,10.025,0.054,7.268,0.19,,,,,,,1816.572,2815.585,1.3040485013510449e+18,33.6,2.13,7.4,1.08,20.0,1.8,5.7,0.914,1.52,2.0,0.0,0.0,0.0,0.0,0.0,hHh0,0.0,0n10,39.0,39.0,2.0,39.0,20.0,20.0,10.0,20.0,0.0,130.6325468,0.1266,-48.1689553,0.1274,0.0317,416,299,403,314,2.13,1.08,1.8,0.914,1.51,1N000,ABAB,15.0,11.0,39.046,40.088,21.283,21.282,,,2M
[6.301],52.0,6.301,J084231.80-481008.2,130.6325253,-48.1689692,0.0878,0.0804,25.2,Im,15.2,0.032,16.119,0.146,10.025,0.054,7.268,0.19,,,,,,,1816.572,2815.585,1.3040485013510449e+18,33.6,2.13,7.4,1.08,20.0,1.8,5.7,0.914,1.52,2.0,0.0,0.0,0.0,0.0,0.0,hHh0,0.0,0n10,39.0,39.0,2.0,39.0,20.0,20.0,10.0,20.0,0.0,130.6325468,0.1266,-48.1689553,0.1274,0.0317,416,299,403,314,2.13,1.08,1.8,0.914,1.51,1N000,ABAB,15.0,11.0,39.046,40.088,21.283,21.282,,,2M
[7.861],53.0,7.861,J084230.35-481028.3,130.6264799,-48.1745369,0.0483,0.0479,30.7,Im,13.669,0.024,13.806,0.032,9.928,0.051,7.058,0.159,15.197,0.054,14.437,0.064,14.341,0.101,1827.152,2801.026,1.3040485013510438e+18,45.3,4.26,34.2,1.29,21.4,1.98,6.8,1.04,2.38,2.0,0.0,0.0,0.0,0.0,0.0,ddh0,1.0,2100,39.0,39.0,39.0,39.0,20.0,20.0,14.0,20.0,0.0,130.6264673,0.048,-48.1745389,0.0483,0.0035,15,74,-316,77,4.24,1.29,1.97,1.03,2.37,2Y003,AAAB,15.0,11.0,39.378,40.123,20.872,20.738,157282155,0.775,2M
[7.861],54.0,7.861,J084230.35-481028.3,130.6264799,-48.1745369,0.0483,0.0479,30.7,Im,13.669,0.024,13.806,0.032,9.928,0.051,7.058,0.159,15.197,0.054,14.437,0.064,14.341,0.101,1827.152,2801.026,1.3040485013510438e+18,45.3,4.26,34.2,1.29,21.4,1.98,6.8,1.04,2.38,2.0,0.0,0.0,0.0,0.0,0.0,ddh0,1.0,2100,39.0,39.0,39.0,39.0,20.0,20.0,14.0,20.0,0.0,130.6264673,0.048,-48.1745389,0.0483,0.0035,15,74,-316,77,4.24,1.29,1.97,1.03,2.37,2Y003,AAAB,15.0,11.0,39.378,40.123,20.872,20.738,157282155,0.775,2M
"[0.18, 9.928]",55.0,0.18,J084245.25-480919.4,130.6885649,-48.1553895,0.0542,0.054,10.1,Im,13.407,0.028,13.353,0.029,10.478,,8.116,,14.435,0.035,13.708,0.034,13.426,0.041,1718.631,2850.934,1.304048501351045e+18,38.4,2.23,37.7,1.31,1.8,0.472,1.7,1.05,1.43,1.0,0.0,0.0,0.0,0.0,0.0,hh00,0.0,42nn,39.0,39.0,38.0,39.0,1.0,20.0,0.0,20.0,0.0,130.6885636,0.1646,-48.1553896,0.1176,0.0813,398,215,-190,164,2.23,1.31,0.472,1.05,1.43,2N001,AAUU,3.0,11.0,38.873,38.85,20.247,21.33,157287197,0.099,2M
"[0.18, 9.928]",56.0,0.18,J084245.25-480919.4,130.6885649,-48.1553895,0.0542,0.054,10.1,Im,13.407,0.028,13.353,0.029,10.478,,8.116,,14.435,0.035,13.708,0.034,13.426,0.041,1718.631,2850.934,1.304048501351045e+18,38.4,2.23,37.7,1.31,1.8,0.472,1.7,1.05,1.43,1.0,0.0,0.0,0.0,0.0,0.0,hh00,0.0,42nn,39.0,39.0,38.0,39.0,1.0,20.0,0.0,20.0,0.0,130.6885636,0.1646,-48.1553896,0.1176,0.0813,398,215,-190,164,2.23,1.31,0.472,1.05,1.43,2N001,AAUU,3.0,11.0,38.873,38.85,20.247,21.33,157287197,0.099,2M
[0.606],57.0,0.606,J084250.66-480611.4,130.7110834,-48.1031937,0.0474,0.0467,121.2,Im,12.69,0.026,12.664,0.027,11.231,0.182,9.107,,13.758,0.029,13.058,0.022,12.855,0.037,1678.925,2987.486,1.3040485013510436e+18,42.5,1.47,40.9,1.38,6.0,1.16,-0.8,0.996,1.3,1.0,0.0,0.0,0.0,0.0,0.0,0h00,0.0,21nn,41.0,41.0,41.0,41.0,6.0,21.0,0.0,21.0,0.0,130.7110824,0.0575,-48.1031928,0.0568,-0.0168,37,60,-87,63,1.47,1.37,1.16,0.996,1.3,1N000,AABU,7.0,11.0,40.257,40.32,21.052,22.208,157286788,0.157,2M
[0.606],58.0,0.606,J084250.66-480611.4,130.7110834,-48.1031937,0.0474,0.0467,121.2,Im,12.69,0.026,12.664,0.027,11.231,0.182,9.107,,13.758,0.029,13.058,0.022,12.855,0.037,1678.925,2987.486,1.3040485013510436e+18,42.5,1.47,40.9,1.38,6.0,1.16,-0.8,0.996,1.3,1.0,0.0,0.0,0.0,0.0,0.0,0h00,0.0,21nn,41.0,41.0,41.0,41.0,6.0,21.0,0.0,21.0,0.0,130.7110824,0.0575,-48.1031928,0.0568,-0.0168,37,60,-87,63,1.47,1.37,1.16,0.996,1.3,1N000,AABU,7.0,11.0,40.257,40.32,21.052,22.208,157286788,0.157,2M
[0.062],59.0,0.062,J084208.14-480825.8,130.533953,-48.1405276,0.0538,0.0505,96.3,Im,12.601,0.027,12.611,0.028,11.35,,8.728,,13.657,0.032,12.847,0.021,12.778,0.029,1988.662,2890.237,1.304048501351043e+18,40.5,1.26,38.2,1.15,1.1,0.671,0.6,0.935,1.07,1.0,0.0,0.0,0.0,0.0,0.0,hhHH,0.0,10nn,40.0,40.0,41.0,41.0,0.0,20.0,1.0,21.0,0.0,130.5339527,0.055,-48.140526,0.0511,-0.0023,22,56,-80,56,1.26,1.15,0.671,0.935,1.06,1N000,AAUU,3.0,11.0,39.103,40.627,20.999,20.766,157282409,0.118,2M
[0.062],60.0,0.062,J084208.14-480825.8,130.533953,-48.1405276,0.0538,0.0505,96.3,Im,12.601,0.027,12.611,0.028,11.35,,8.728,,13.657,0.032,12.847,0.021,12.778,0.029,1988.662,2890.237,1.304048501351043e+18,40.5,1.26,38.2,1.15,1.1,0.671,0.6,0.935,1.07,1.0,0.0,0.0,0.0,0.0,0.0,hhHH,0.0,10nn,40.0,40.0,41.0,41.0,0.0,20.0,1.0,21.0,0.0,130.5339527,0.055,-48.140526,0.0511,-0.0023,22,56,-80,56,1.26,1.15,0.671,0.935,1.06,1N000,AAUU,3.0,11.0,39.103,40.627,20.999,20.766,157282409,0.118,2M
[0.098],61.0,0.098,J084214.77-480350.1,130.5615612,-48.063924,0.0337,0.032,115.2,Im,10.604,0.023,10.162,0.019,8.202,0.023,6.312,0.048,13.141,0.024,12.112,0.022,11.437,0.023,1940.267,3090.765,1.304048501351043e+18,48.0,2.61,56.2,3.38,48.2,0.92,22.5,0.981,2.28,1.0,0.0,0.0,0.0,0.0,0.0,hdhh,1.0,9900,40.0,40.0,40.0,40.0,21.0,21.0,21.0,21.0,0.0,130.5615611,0.0334,-48.063924,0.0322,0.0039,28,31,-3,31,2.61,3.37,0.921,0.981,2.28,2N000,AAAA,15.0,11.0,39.293,40.331,20.858,21.356,157283058,0.084,2M
[0.098],62.0,0.098,J084214.77-480350.1,130.5615612,-48.063924,0.0337,0.032,115.2,Im,10.604,0.023,10.162,0.019,8.202,0.023,6.312,0.048,13.141,0.024,12.112,0.022,11.437,0.023,1940.267,3090.765,1.304048501351043e+18,48.0,2.61,56.2,3.38,48.2,0.92,22.5,0.981,2.28,1.0,0.0,0.0,0.0,0.0,0.0,hdhh,1.0,9900,40.0,40.0,40.0,40.0,21.0,21.0,21.0,21.0,0.0,130.5615611,0.0334,-48.063924,0.0322,0.0039,28,31,-3,31,2.61,3.37,0.921,0.981,2.28,2N000,AAAA,15.0,11.0,39.293,40.331,20.858,21.356,157283058,0.084,2M
[0.161],63.0,0.161,J084209.74-480857.8,130.5406086,-48.1493905,0.0462,0.044,132.3,Im,12.611,0.025,12.518,0.025,12.355,,9.029,,13.541,0.026,12.799,0.021,12.613,0.03,1977.046,2867.027,1.3040485013510438e+18,43.3,1.54,44.1,1.01,-5.7,0.817,-2.2,0.894,1.13,1.0,0.0,0.0,0.0,0.0,0.0,ddHH,0.0,21nn,38.0,38.0,38.0,38.0,0.0,19.0,0.0,19.0,0.0,130.5406064,0.0456,-48.1493902,0.0454,-0.0098,54,51,-10,53,1.54,1.01,0.818,0.894,1.13,1N000,AAUU,3.0,11.0,39.441,40.193,19.971,20.244,157282344,0.056,2M
[0.161],64.0,0.161,J084209.74-480857.8,130.5406086,-48.1493905,0.0462,0.044,132.3,Im,12.611,0.025,12.518,0.025,12.355,,9.029,,13.541,0.026,12.799,0.021,12.613,0.03,1977.046,2867.027,1.3040485013510438e+18,43.3,1.54,44.1,1.01,-5.7,0.817,-2.2,0.894,1.13,1.0,0.0,0.0,0.0,0.0,0.0,ddHH,0.0,21nn,38.0,38.0,38.0,38.0,0.0,19.0,0.0,19.0,0.0,130.5406064,0.0456,-48.1493902,0.0454,-0.0098,54,51,-10,53,1.54,1.01,0.818,0.894,1.13,1N000,AAUU,3.0,11.0,39.441,40.193,19.971,20.244,157282344,0.056,2M
[0.105],65.0,0.105,J084227.58-481038.7,130.6149447,-48.1774252,0.0381,0.0351,129.3,Im,10.478,0.022,10.484,0.02,10.374,0.086,8.165,0.217,11.192,0.024,10.632,0.022,10.492,0.021,1847.304,2793.496,1.304048501351043e+18,48.5,1.88,54.1,1.58,12.6,0.811,5.0,1.14,1.47,1.0,0.0,0.0,0.0,0.0,0.0,hhh0,0.0,000n,39.0,39.0,39.0,39.0,19.0,20.0,2.0,20.0,0.0,130.6149415,0.0376,-48.1774245,0.0375,-0.0104,103,34,-36,34,1.88,1.58,0.811,1.14,1.47,1N000,AAAB,15.0,11.0,40.677,41.226,20.113,20.253,157282131,0.131,2M
[0.105],66.0,0.105,J084227.58-481038.7,130.6149447,-48.1774252,0.0381,0.0351,129.3,Im,10.478,0.022,10.484,0.02,10.374,0.086,8.165,0.217,11.192,0.024,10.632,0.022,10.492,0.021,1847.304,2793.496,1.304048501351043e+18,48.5,1.88,54.1,1.58,12.6,0.811,5.0,1.14,1.47,1.0,0.0,0.0,0.0,0.0,0.0,hhh0,0.0,000n,39.0,39.0,39.0,39.0,19.0,20.0,2.0,20.0,0.0,130.6149415,0.0376,-48.1774245,0.0375,-0.0104,103,34,-36,34,1.88,1.58,0.811,1.14,1.47,1N000,AAAB,15.0,11.0,40.677,41.226,20.113,20.253,157282131,0.131,2M
[0.47],67.0,0.47,J084232.29-480303.7,130.6345598,-48.0510287,0.0448,0.0423,160.8,Im,12.793,0.024,12.732,0.024,12.377,,9.211,,13.87,0.026,13.158,0.022,12.865,0.023,1812.48,3124.363,1.304048501351043e+18,45.1,3.95,45.4,1.37,1.0,0.975,-0.4,1.04,2.13,2.0,1.0,0.0,0.0,0.0,0.002,ddH0,1.0,nnnn,39.0,39.0,39.0,39.0,0.0,19.0,0.0,19.0,0.0,130.634536,0.0416,-48.0509678,0.0434,-0.0085,146,50,103,54,8.3,2.37,0.975,1.04,3.93,2N023,AAUU,3.0,11.0,38.619,38.761,19.047,19.356,157283175,0.144,2M
[0.47],68.0,0.47,J084232.29-480303.7,130.6345598,-48.0510287,0.0448,0.0423,160.8,Im,12.793,0.024,12.732,0.024,12.377,,9.211,,13.87,0.026,13.158,0.022,12.865,0.023,1812.48,3124.363,1.304048501351043e+18,45.1,3.95,45.4,1.37,1.0,0.975,-0.4,1.04,2.13,2.0,1.0,0.0,0.0,0.0,0.002,ddH0,1.0,nnnn,39.0,39.0,39.0,39.0,0.0,19.0,0.0,19.0,0.0,130.634536,0.0416,-48.0509678,0.0434,-0.0085,146,50,103,54,8.3,2.37,0.975,1.04,3.93,2N023,AAUU,3.0,11.0,38.619,38.761,19.047,19.356,157283175,0.144,2M
[0.213],69.0,0.213,J084210.65-480912.9,130.5444092,-48.1535895,0.0426,0.0399,128.5,Im,11.832,0.024,11.859,0.023,12.318,,9.107,,12.768,0.027,12.126,0.022,11.938,0.024,1970.414,2856.03,1.3040485013510433e+18,45.9,1.78,47.6,1.42,0.2,0.841,-2.3,0.814,1.34,1.0,0.0,0.0,0.0,0.0,0.0,hhHH,0.0,01nn,38.0,38.0,38.0,38.0,0.0,19.0,0.0,19.0,0.0,130.5444084,0.042,-48.1535891,0.0413,-0.0107,26,42,-11,42,1.78,1.42,0.841,0.814,1.34,1N000,AAUU,3.0,11.0,39.705,39.226,19.944,19.924,157282321,0.167,2M
[0.213],70.0,0.213,J084210.65-480912.9,130.5444092,-48.1535895,0.0426,0.0399,128.5,Im,11.832,0.024,11.859,0.023,12.318,,9.107,,12.768,0.027,12.126,0.022,11.938,0.024,1970.414,2856.03,1.3040485013510433e+18,45.9,1.78,47.6,1.42,0.2,0.841,-2.3,0.814,1.34,1.0,0.0,0.0,0.0,0.0,0.0,hhHH,0.0,01nn,38.0,38.0,38.0,38.0,0.0,19.0,0.0,19.0,0.0,130.5444084,0.042,-48.1535891,0.0413,-0.0107,26,42,-11,42,1.78,1.42,0.841,0.814,1.34,1N000,AAUU,3.0,11.0,39.705,39.226,19.944,19.924,157282321,0.167,2M
[],71.0,,,,,,,,,,,,,,,,,,,,,,,,,,,,,,,,,,,,,,,,,,,,,,,,,,,,,,,,,,,,,,,,,,,,,,,,,,,,,
[],72.0,,,,,,,,,,,,,,,,,,,,,,,,,,,,,,,,,,,,,,,,,,,,,,,,,,,,,,,,,,,,,,,,,,,,,,,,,,,,,
[0.295],73.0,0.295,J084215.98-480328.2,130.5665877,-48.0578348,0.0511,0.0501,122.2,Im,13.638,0.025,13.657,0.032,12.783,,9.282,,14.675,0.037,14.002,0.046,13.76,0.052,1931.458,3106.7,1.3040485013510436e+18,43.3,1.98,33.8,1.32,-3.0,0.896,-1.1,1.02,1.41,1.0,0.0,0.0,0.0,0.0,0.0,hhHH,0.0,00nn,40.0,40.0,40.0,40.0,0.0,21.0,0.0,21.0,0.0,130.5665823,0.0525,-48.0578399,0.0522,-0.0063,166,78,174,84,1.97,1.31,0.895,1.02,1.4,1N000,AAUU,3.0,11.0,41.001,41.204,21.688,21.911,157283108,0.232,2M
[0.295],74.0,0.295,J084215.98-480328.2,130.5665877,-48.0578348,0.0511,0.0501,122.2,Im,13.638,0.025,13.657,0.032,12.783,,9.282,,14.675,0.037,14.002,0.046,13.76,0.052,1931.458,3106.7,1.3040485013510436e+18,43.3,1.98,33.8,1.32,-3.0,0.896,-1.1,1.02,1.41,1.0,0.0,0.0,0.0,0.0,0.0,hhHH,0.0,00nn,40.0,40.0,40.0,40.0,0.0,21.0,0.0,21.0,0.0,130.5665823,0.0525,-48.0578399,0.0522,-0.0063,166,78,174,84,1.97,1.31,0.895,1.02,1.4,1N000,AAUU,3.0,11.0,41.001,41.204,21.688,21.911,157283108,0.232,2M
[0.176],75.0,0.176,J084218.11-480313.6,130.5754688,-48.053796,0.0548,0.0539,144.2,Im,13.595,0.028,13.503,0.029,12.783,,9.074,,14.624,0.035,13.913,0.043,13.767,0.05,1915.906,3117.26,1.3040485013510436e+18,38.3,1.23,36.8,1.18,-1.5,1.02,-0.9,0.95,1.13,1.0,0.0,0.0,0.0,0.0,0.0,hhHH,0.0,10nn,41.0,41.0,41.0,41.0,0.0,21.0,0.0,21.0,0.0,130.5754647,0.0553,-48.0537945,0.0557,-0.0072,120,76,-67,82,1.23,1.18,1.02,0.95,1.13,1N000,AAUU,3.0,11.0,41.177,42.016,21.934,21.801,157283149,0.079,2M
[0.176],76.0,0.176,J084218.11-480313.6,130.5754688,-48.053796,0.0548,0.0539,144.2,Im,13.595,0.028,13.503,0.029,12.783,,9.074,,14.624,0.035,13.913,0.043,13.767,0.05,1915.906,3117.26,1.3040485013510436e+18,38.3,1.23,36.8,1.18,-1.5,1.02,-0.9,0.95,1.13,1.0,0.0,0.0,0.0,0.0,0.0,hhHH,0.0,10nn,41.0,41.0,41.0,41.0,0.0,21.0,0.0,21.0,0.0,130.5754647,0.0553,-48.0537945,0.0557,-0.0072,120,76,-67,82,1.23,1.18,1.02,0.95,1.13,1N000,AAUU,3.0,11.0,41.177,42.016,21.934,21.801,157283149,0.079,2M
[],77.0,,,,,,,,,,,,,,,,,,,,,,,,,,,,,,,,,,,,,,,,,,,,,,,,,,,,,,,,,,,,,,,,,,,,,,,,,,,,,
[],78.0,,,,,,,,,,,,,,,,,,,,,,,,,,,,,,,,,,,,,,,,,,,,,,,,,,,,,,,,,,,,,,,,,,,,,,,,,,,,,
[0.332],79.0,0.332,J084238.77-480303.6,130.661557,-48.0510188,0.1198,0.0806,103.9,Im,12.913,0.056,12.79,0.05,12.467,,8.602,,14.012,0.029,13.255,0.03,13.012,0.03,1765.23,3124.297,1.3040485013510428e+18,19.5,1.04,21.6,1.25,-0.1,0.925,0.9,0.908,1.07,2.0,1.0,0.0,0.0,0.0,0.0,00H0,0.0,nnnn,38.0,38.0,38.0,38.0,0.0,17.0,0.0,17.0,0.0,,,,,,,,,,,,,,,,AAUU,3.0,11.0,39.9,40.044,19.1,18.955,157283174,0.213,2M
[0.332],80.0,0.332,J084238.77-480303.6,130.661557,-48.0510188,0.1198,0.0806,103.9,Im,12.913,0.056,12.79,0.05,12.467,,8.602,,14.012,0.029,13.255,0.03,13.012,0.03,1765.23,3124.297,1.3040485013510428e+18,19.5,1.04,21.6,1.25,-0.1,0.925,0.9,0.908,1.07,2.0,1.0,0.0,0.0,0.0,0.0,00H0,0.0,nnnn,38.0,38.0,38.0,38.0,0.0,17.0,0.0,17.0,0.0,,,,,,,,,,,,,,,,AAUU,3.0,11.0,39.9,40.044,19.1,18.955,157283174,0.213,2M
[1.605],81.0,1.605,J084253.05-480741.0,130.7210727,-48.128078,0.0369,0.0347,128.5,Im,8.364,0.022,8.371,0.02,7.899,0.048,5.808,0.056,8.524,0.019,8.491,0.036,8.458,0.021,1661.647,2922.287,1.3040485013510428e+18,48.4,2.16,55.1,2.42,22.5,1.01,19.3,3.74,2.31,1.0,0.0,0.0,0.0,0.0,0.0,hh00,1.0,0200,41.0,41.0,41.0,41.0,20.0,20.0,20.0,20.0,0.0,130.7210753,0.0386,-48.1280757,0.0387,0.0082,-48,31,-99,31,2.15,2.4,1.01,3.74,2.29,3N000,AAAA,15.0,11.0,41.145,41.125,20.78,20.88,157286982,0.119,2M
[1.605],82.0,1.605,J084253.05-480741.0,130.7210727,-48.128078,0.0369,0.0347,128.5,Im,8.364,0.022,8.371,0.02,7.899,0.048,5.808,0.056,8.524,0.019,8.491,0.036,8.458,0.021,1661.647,2922.287,1.3040485013510428e+18,48.4,2.16,55.1,2.42,22.5,1.01,19.3,3.74,2.31,1.0,0.0,0.0,0.0,0.0,0.0,hh00,1.0,0200,41.0,41.0,41.0,41.0,20.0,20.0,20.0,20.0,0.0,130.7210753,0.0386,-48.1280757,0.0387,0.0082,-48,31,-99,31,2.15,2.4,1.01,3.74,2.29,3N000,AAAA,15.0,11.0,41.145,41.125,20.78,20.88,157286982,0.119,2M
[6.911],83.0,6.911,J084251.95-480457.2,130.7164679,-48.0825705,0.0458,0.0443,133.0,Im,13.225,0.023,13.343,0.028,12.617,,9.109,,13.758,0.024,13.515,0.029,13.417,0.046,1669.359,3041.454,1.3040485013510438e+18,46.4,2.0,39.4,1.11,-0.7,0.781,-1.2,1.01,1.33,1.0,0.0,0.0,0.0,0.0,0.0,0000,0.0,00nn,39.0,39.0,39.0,39.0,0.0,19.0,0.0,19.0,0.0,130.7164656,0.0458,-48.082573,0.0457,-0.0081,65,62,89,65,2.0,1.11,0.781,1.01,1.33,1N000,AAUU,3.0,11.0,40.199,40.293,20.477,20.176,157286624,0.065,2M
[6.911],84.0,6.911,J084251.95-480457.2,130.7164679,-48.0825705,0.0458,0.0443,133.0,Im,13.225,0.023,13.343,0.028,12.617,,9.109,,13.758,0.024,13.515,0.029,13.417,0.046,1669.359,3041.454,1.3040485013510438e+18,46.4,2.0,39.4,1.11,-0.7,0.781,-1.2,1.01,1.33,1.0,0.0,0.0,0.0,0.0,0.0,0000,0.0,00nn,39.0,39.0,39.0,39.0,0.0,19.0,0.0,19.0,0.0,130.7164656,0.0458,-48.082573,0.0457,-0.0081,65,62,89,65,2.0,1.11,0.781,1.01,1.33,1N000,AAUU,3.0,11.0,40.199,40.293,20.477,20.176,157286624,0.065,2M
[0.241],85.0,0.241,J084230.43-481108.3,130.6267918,-48.1856502,0.0494,0.048,147.8,Im,12.881,0.025,12.877,0.028,12.392,,8.996,,13.848,0.029,13.025,0.022,12.909,0.039,1826.656,2771.929,1.3040485013510436e+18,43.2,1.21,38.7,1.18,-3.6,0.993,-1.1,1.03,1.13,1.0,0.0,0.0,0.0,0.0,0.0,hhH0,0.0,11nn,39.0,39.0,38.0,38.0,0.0,20.0,0.0,20.0,0.0,130.6267905,0.0538,-48.1856515,0.0524,-0.0098,28,62,47,62,1.22,1.18,0.993,1.03,1.13,1N000,AAUU,3.0,11.0,39.231,39.361,20.974,20.931,157282084,0.172,2M
[0.241],86.0,0.241,J084230.43-481108.3,130.6267918,-48.1856502,0.0494,0.048,147.8,Im,12.881,0.025,12.877,0.028,12.392,,8.996,,13.848,0.029,13.025,0.022,12.909,0.039,1826.656,2771.929,1.3040485013510436e+18,43.2,1.21,38.7,1.18,-3.6,0.993,-1.1,1.03,1.13,1.0,0.0,0.0,0.0,0.0,0.0,hhH0,0.0,11nn,39.0,39.0,38.0,38.0,0.0,20.0,0.0,20.0,0.0,130.6267905,0.0538,-48.1856515,0.0524,-0.0098,28,62,47,62,1.22,1.18,0.993,1.03,1.13,1N000,AAUU,3.0,11.0,39.231,39.361,20.974,20.931,157282084,0.172,2M
[0.414],87.0,0.414,J084254.52-480630.4,130.7271903,-48.1084719,0.0413,0.0388,135.0,Im,12.149,0.024,12.195,0.022,12.579,,8.783,,13.108,0.023,12.469,0.022,12.27,0.024,1650.805,2973.587,1.3040485013510436e+18,46.1,1.42,49.3,1.5,-0.6,0.962,-2.7,0.909,1.28,1.0,0.0,0.0,0.0,0.0,0.0,0h00,0.0,10nn,41.0,41.0,40.0,40.0,0.0,19.0,0.0,20.0,0.0,130.7271894,0.0406,-48.1084727,0.0405,-0.0099,16,43,22,44,1.42,1.5,0.962,0.909,1.28,1N000,AAUU,3.0,11.0,42.069,42.325,21.153,21.799,157286827,0.066,2M
[0.414],88.0,0.414,J084254.52-480630.4,130.7271903,-48.1084719,0.0413,0.0388,135.0,Im,12.149,0.024,12.195,0.022,12.579,,8.783,,13.108,0.023,12.469,0.022,12.27,0.024,1650.805,2973.587,1.3040485013510436e+18,46.1,1.42,49.3,1.5,-0.6,0.962,-2.7,0.909,1.28,1.0,0.0,0.0,0.0,0.0,0.0,0h00,0.0,10nn,41.0,41.0,40.0,40.0,0.0,19.0,0.0,20.0,0.0,130.7271894,0.0406,-48.1084727,0.0405,-0.0099,16,43,22,44,1.42,1.5,0.962,0.909,1.28,1N000,AAUU,3.0,11.0,42.069,42.325,21.153,21.799,157286827,0.066,2M
[0.352],89.0,0.352,J084223.49-481115.0,130.5979159,-48.1875115,0.0447,0.0424,141.3,Im,12.938,0.023,12.961,0.026,10.222,0.176,7.948,0.248,14.006,0.034,13.217,0.035,13.031,0.04,1877.068,2767.13,1.3040485013510433e+18,46.3,2.49,42.6,1.17,6.2,0.93,4.4,0.881,1.52,1.0,0.0,0.0,0.0,0.0,0.0,ddh0,0.0,000n,38.0,38.0,38.0,38.0,17.0,19.0,2.0,19.0,0.0,130.5979152,0.0733,-48.1875114,0.0644,-0.0156,108,90,-24,83,2.48,1.17,0.93,0.881,1.52,3N000,AABB,15.0,11.0,38.792,39.138,19.067,19.375,157282063,0.139,2M
[0.352],90.0,0.352,J084223.49-481115.0,130.5979159,-48.1875115,0.0447,0.0424,141.3,Im,12.938,0.023,12.961,0.026,10.222,0.176,7.948,0.248,14.006,0.034,13.217,0.035,13.031,0.04,1877.068,2767.13,1.3040485013510433e+18,46.3,2.49,42.6,1.17,6.2,0.93,4.4,0.881,1.52,1.0,0.0,0.0,0.0,0.0,0.0,ddh0,0.0,000n,38.0,38.0,38.0,38.0,17.0,19.0,2.0,19.0,0.0,130.5979152,0.0733,-48.1875114,0.0644,-0.0156,108,90,-24,83,2.48,1.17,0.93,0.881,1.52,3N000,AABB,15.0,11.0,38.792,39.138,19.067,19.375,157282063,0.139,2M
[0.362],91.0,0.362,J084205.37-480917.8,130.5223993,-48.1549685,0.0384,0.0359,145.4,Im,11.258,0.024,10.841,0.021,9.115,0.036,7.455,0.119,13.347,0.055,12.419,0.05,11.932,0.033,2008.859,2852.436,1.3040485013510428e+18,45.8,4.12,52.7,5.37,30.6,0.932,9.1,0.84,3.49,1.0,0.0,0.0,0.0,0.0,0.0,hOdH,1.0,2n1n,38.0,38.0,38.0,38.0,18.0,18.0,11.0,18.0,0.0,130.5224019,0.0521,-48.15497,0.051,-0.017,-128,46,64,46,4.15,5.31,0.931,0.84,3.48,1N000,AAAB,15.0,11.0,38.885,39.376,18.982,19.957,157282312,0.502,2M
[0.362],92.0,0.362,J084205.37-480917.8,130.5223993,-48.1549685,0.0384,0.0359,145.4,Im,11.258,0.024,10.841,0.021,9.115,0.036,7.455,0.119,13.347,0.055,12.419,0.05,11.932,0.033,2008.859,2852.436,1.3040485013510428e+18,45.8,4.12,52.7,5.37,30.6,0.932,9.1,0.84,3.49,1.0,0.0,0.0,0.0,0.0,0.0,hOdH,1.0,2n1n,38.0,38.0,38.0,38.0,18.0,18.0,11.0,18.0,0.0,130.5224019,0.0521,-48.15497,0.051,-0.017,-128,46,64,46,4.15,5.31,0.931,0.84,3.48,1N000,AAAB,15.0,11.0,38.885,39.376,18.982,19.957,157282312,0.502,2M
[0.597],93.0,0.597,J084225.93-481131.2,130.6080576,-48.1920007,0.3106,0.1937,145.4,Im,13.526,0.206,13.565,0.183,10.06,0.244,8.248,,14.477,0.034,13.722,0.073,13.428,0.057,1859.381,2755.353,1.304048501351045e+18,5.3,1.39,5.9,1.14,4.4,0.972,2.0,0.87,1.15,1.0,0.0,0.0,0.0,0.0,0.0,hhh0,0.0,1nnn,17.0,37.0,7.0,37.0,0.0,19.0,1.0,19.0,0.0,130.6080593,0.155,-48.192003,0.0996,-0.0877,87,224,-203,152,1.39,1.14,0.972,0.87,1.14,1N000,BBBU,7.0,11.0,38.911,39.593,20.037,19.875,157282023,0.711,2M
[0.597],94.0,0.597,J084225.93-481131.2,130.6080576,-48.1920007,0.3106,0.1937,145.4,Im,13.526,0.206,13.565,0.183,10.06,0.244,8.248,,14.477,0.034,13.722,0.073,13.428,0.057,1859.381,2755.353,1.304048501351045e+18,5.3,1.39,5.9,1.14,4.4,0.972,2.0,0.87,1.15,1.0,0.0,0.0,0.0,0.0,0.0,hhh0,0.0,1nnn,17.0,37.0,7.0,37.0,0.0,19.0,1.0,19.0,0.0,130.6080593,0.155,-48.192003,0.0996,-0.0877,87,224,-203,152,1.39,1.14,0.972,0.87,1.14,1N000,BBBU,7.0,11.0,38.911,39.593,20.037,19.875,157282023,0.711,2M
"[4.83, 8.097]",95.0,4.83,J084245.04-480253.7,130.6876841,-48.0482584,0.0824,0.079,8.5,Im,14.625,0.034,14.797,0.057,12.679,,8.63,,15.43,0.051,14.92,0.089,14.658,0.106,1719.486,3131.42,1.3040485013510444e+18,31.9,2.47,19.1,0.961,-1.1,0.862,0.8,0.865,1.44,1.0,0.0,0.0,0.0,0.0,0.0,0000,0.0,11nn,39.0,39.0,31.0,39.0,0.0,18.0,0.0,18.0,0.0,130.6876789,0.0842,-48.0482596,0.0876,-0.0106,154,158,61,172,2.47,0.962,0.862,0.865,1.44,1N000,AAUU,3.0,11.0,38.921,39.043,18.008,18.186,157286352,0.264,2M
"[4.83, 8.097]",96.0,4.83,J084245.04-480253.7,130.6876841,-48.0482584,0.0824,0.079,8.5,Im,14.625,0.034,14.797,0.057,12.679,,8.63,,15.43,0.051,14.92,0.089,14.658,0.106,1719.486,3131.42,1.3040485013510444e+18,31.9,2.47,19.1,0.961,-1.1,0.862,0.8,0.865,1.44,1.0,0.0,0.0,0.0,0.0,0.0,0000,0.0,11nn,39.0,39.0,31.0,39.0,0.0,18.0,0.0,18.0,0.0,130.6876789,0.0842,-48.0482596,0.0876,-0.0106,154,158,61,172,2.47,0.962,0.862,0.865,1.44,1N000,AAUU,3.0,11.0,38.921,39.043,18.008,18.186,157286352,0.264,2M
[],97.0,,,,,,,,,,,,,,,,,,,,,,,,,,,,,,,,,,,,,,,,,,,,,,,,,,,,,,,,,,,,,,,,,,,,,,,,,,,,,
[],98.0,,,,,,,,,,,,,,,,,,,,,,,,,,,,,,,,,,,,,,,,,,,,,,,,,,,,,,,,,,,,,,,,,,,,,,,,,,,,,
[9.331],99.0,9.331,J084227.28-481133.7,130.6136991,-48.1927051,0.0397,0.0368,132.0,Im,10.93,0.023,11.008,0.021,10.713,0.115,8.514,,12.291,0.027,11.397,0.022,11.153,0.023,1849.538,2753.494,1.3040485013510428e+18,48.2,6.65,51.2,3.39,9.5,0.909,1.4,0.905,3.62,1.0,0.0,0.0,0.0,0.0,0.002,hhh0,1.0,220n,38.0,38.0,38.0,38.0,13.0,19.0,0.0,20.0,0.0,130.6136984,0.0389,-48.1927054,0.0406,-0.0098,21,36,18,37,6.65,3.39,0.909,0.905,3.62,1N000,AABU,7.0,11.0,38.031,38.198,20.319,20.124,157282020,0.15,2M
[9.331],100.0,9.331,J084227.28-481133.7,130.6136991,-48.1927051,0.0397,0.0368,132.0,Im,10.93,0.023,11.008,0.021,10.713,0.115,8.514,,12.291,0.027,11.397,0.022,11.153,0.023,1849.538,2753.494,1.3040485013510428e+18,48.2,6.65,51.2,3.39,9.5,0.909,1.4,0.905,3.62,1.0,0.0,0.0,0.0,0.0,0.002,hhh0,1.0,220n,38.0,38.0,38.0,38.0,13.0,19.0,0.0,20.0,0.0,130.6136984,0.0389,-48.1927054,0.0406,-0.0098,21,36,18,37,6.65,3.39,0.909,0.905,3.62,1N000,AABU,7.0,11.0,38.031,38.198,20.319,20.124,157282020,0.15,2M
[0.056],101.0,0.056,J084246.63-481035.2,130.694311,-48.1764608,0.0512,0.0503,170.8,Im,12.582,0.029,12.535,0.027,9.586,0.058,7.518,0.221,13.671,0.028,13.008,0.03,12.774,0.035,1708.735,2795.741,1.3040485013510449e+18,37.5,2.15,40.5,1.48,18.7,2.31,4.9,0.834,1.74,1.0,0.0,0.0,0.0,0.0,0.0,hh00,0.0,210n,39.0,39.0,39.0,39.0,20.0,20.0,5.0,20.0,0.0,130.694311,0.0502,-48.1764608,0.0512,0.0078,0,52,0,54,2.15,1.48,2.31,0.834,1.74,1N000,AAAB,15.0,11.0,39.232,39.492,21.151,21.63,157287361,0.196,2M
[0.056],102.0,0.056,J084246.63-481035.2,130.694311,-48.1764608,0.0512,0.0503,170.8,Im,12.582,0.029,12.535,0.027,9.586,0.058,7.518,0.221,13.671,0.028,13.008,0.03,12.774,0.035,1708.735,2795.741,1.3040485013510449e+18,37.5,2.15,40.5,1.48,18.7,2.31,4.9,0.834,1.74,1.0,0.0,0.0,0.0,0.0,0.0,hh00,0.0,210n,39.0,39.0,39.0,39.0,20.0,20.0,5.0,20.0,0.0,130.694311,0.0502,-48.1764608,0.0512,0.0078,0,52,0,54,2.15,1.48,2.31,0.834,1.74,1N000,AAAB,15.0,11.0,39.232,39.492,21.151,21.63,157287361,0.196,2M
[0.415],103.0,0.415,J084204.85-480403.9,130.5202483,-48.0677751,0.0784,0.0744,36.3,Im,13.602,0.035,13.539,0.044,12.484,,9.157,,14.59,0.036,13.832,0.026,13.658,0.047,2012.556,3080.721,1.304048501351043e+18,30.7,1.42,24.7,1.01,-3.0,0.836,-1.0,0.925,1.09,2.0,1.0,0.0,0.0,0.0,0.003,hhHH,0.0,nnnn,38.0,38.0,40.0,40.0,0.0,21.0,0.0,21.0,0.0,,,,,,,,,,,,,,,,AAUU,3.0,11.0,39.086,40.997,21.978,21.815,157283030,0.108,2M
[0.415],104.0,0.415,J084204.85-480403.9,130.5202483,-48.0677751,0.0784,0.0744,36.3,Im,13.602,0.035,13.539,0.044,12.484,,9.157,,14.59,0.036,13.832,0.026,13.658,0.047,2012.556,3080.721,1.304048501351043e+18,30.7,1.42,24.7,1.01,-3.0,0.836,-1.0,0.925,1.09,2.0,1.0,0.0,0.0,0.0,0.003,hhHH,0.0,nnnn,38.0,38.0,40.0,40.0,0.0,21.0,0.0,21.0,0.0,,,,,,,,,,,,,,,,AAUU,3.0,11.0,39.086,40.997,21.978,21.815,157283030,0.108,2M
[0.447],105.0,0.447,J084226.02-480155.0,130.6084306,-48.0319626,0.0397,0.0366,130.4,Im,11.276,0.023,11.332,0.021,11.52,0.166,9.295,,12.039,0.024,11.529,0.021,11.432,0.023,1858.14,3174.352,1.3040485013510428e+18,46.8,13.9,52.4,4.52,6.6,0.938,-1.5,0.91,6.44,1.0,0.0,0.0,0.0,0.0,0.0,hhh0,1.0,00nn,40.0,40.0,40.0,40.0,5.0,20.0,0.0,20.0,0.0,130.6084296,0.0389,-48.0319593,0.0382,-0.0108,19,37,-81,37,13.9,4.51,0.938,0.91,6.43,1N000,AABU,7.0,11.0,39.612,39.537,19.95,19.812,157283328,0.318,2M
[0.447],106.0,0.447,J084226.02-480155.0,130.6084306,-48.0319626,0.0397,0.0366,130.4,Im,11.276,0.023,11.332,0.021,11.52,0.166,9.295,,12.039,0.024,11.529,0.021,11.432,0.023,1858.14,3174.352,1.3040485013510428e+18,46.8,13.9,52.4,4.52,6.6,0.938,-1.5,0.91,6.44,1.0,0.0,0.0,0.0,0.0,0.0,hhh0,1.0,00nn,40.0,40.0,40.0,40.0,5.0,20.0,0.0,20.0,0.0,130.6084296,0.0389,-48.0319593,0.0382,-0.0108,19,37,-81,37,13.9,4.51,0.938,0.91,6.43,1N000,AABU,7.0,11.0,39.612,39.537,19.95,19.812,157283328,0.318,2M
[0.066],107.0,0.066,J084203.79-480406.8,130.5158153,-48.0685732,0.0572,0.0566,79.6,Im,12.927,0.028,12.878,0.034,12.505,,9.171,,13.975,0.032,13.265,0.032,13.002,0.029,2020.312,3078.633,1.304048501351043e+18,38.8,1.42,32.4,1.01,-3.1,0.836,-0.7,0.925,1.09,2.0,1.0,0.0,0.0,0.0,0.003,hhHH,0.0,nnnn,38.0,38.0,40.0,40.0,0.0,21.0,0.0,21.0,0.0,130.5158151,0.056,-48.0685691,0.0556,-0.0048,222,59,-164,62,6.21,2.34,0.845,0.926,3.05,2N002,AAUU,3.0,11.0,39.085,40.908,21.901,21.832,157283022,0.107,2M
[0.066],108.0,0.066,J084203.79-480406.8,130.5158153,-48.0685732,0.0572,0.0566,79.6,Im,12.927,0.028,12.878,0.034,12.505,,9.171,,13.975,0.032,13.265,0.032,13.002,0.029,2020.312,3078.633,1.304048501351043e+18,38.8,1.42,32.4,1.01,-3.1,0.836,-0.7,0.925,1.09,2.0,1.0,0.0,0.0,0.0,0.003,hhHH,0.0,nnnn,38.0,38.0,40.0,40.0,0.0,21.0,0.0,21.0,0.0,130.5158151,0.056,-48.0685691,0.0556,-0.0048,222,59,-164,62,6.21,2.34,0.845,0.926,3.05,2N002,AAUU,3.0,11.0,39.085,40.908,21.901,21.832,157283022,0.107,2M
[0.279],109.0,0.279,J084250.31-481018.8,130.7096398,-48.171908,0.1006,0.0969,29.5,Im,14.023,0.06,13.758,0.039,10.092,,6.843,,14.924,0.039,14.146,0.04,13.888,0.051,1681.94,2807.59,1.3040485013510449e+18,18.0,0.928,27.9,1.39,0.1,0.125,-0.3,0.23,0.818,1.0,0.0,0.0,0.0,0.0,0.0,0h00,0.0,11nn,38.0,38.0,38.0,38.0,0.0,20.0,0.0,20.0,0.0,130.7096364,0.12,-48.1719077,0.1175,0.0186,136,168,-19,171,0.927,1.39,0.125,0.23,0.818,1N000,AAUU,3.0,11.0,39.466,39.344,20.948,20.891,157287333,0.269,2M
[0.279],110.0,0.279,J084250.31-481018.8,130.7096398,-48.171908,0.1006,0.0969,29.5,Im,14.023,0.06,13.758,0.039,10.092,,6.843,,14.924,0.039,14.146,0.04,13.888,0.051,1681.94,2807.59,1.3040485013510449e+18,18.0,0.928,27.9,1.39,0.1,0.125,-0.3,0.23,0.818,1.0,0.0,0.0,0.0,0.0,0.0,0h00,0.0,11nn,38.0,38.0,38.0,38.0,0.0,20.0,0.0,20.0,0.0,130.7096364,0.12,-48.1719077,0.1175,0.0186,136,168,-19,171,0.927,1.39,0.125,0.23,0.818,1N000,AAUU,3.0,11.0,39.466,39.344,20.948,20.891,157287333,0.269,2M
[0.224],111.0,0.224,J084258.74-480726.5,130.7447717,-48.1240533,0.0386,0.0356,127.2,Im,10.5,0.023,10.483,0.02,11.125,0.192,8.878,,11.359,0.024,10.884,0.024,10.773,0.023,1620.199,2932.698,1.3040485013510461e+18,47.4,18.2,53.5,15.2,5.6,0.835,-0.5,1.23,11.6,1.0,0.0,0.0,0.0,0.0,0.0,dd00,1.0,99nn,41.0,41.0,41.0,41.0,2.0,20.0,0.0,20.0,0.0,130.744758,0.0382,-48.1240471,0.0369,-0.0095,357,33,-233,33,18.1,15.1,0.832,1.23,11.5,1N000,AABU,7.0,11.0,40.902,41.429,20.845,21.145,157286958,0.415,2M
[0.224],112.0,0.224,J084258.74-480726.5,130.7447717,-48.1240533,0.0386,0.0356,127.2,Im,10.5,0.023,10.483,0.02,11.125,0.192,8.878,,11.359,0.024,10.884,0.024,10.773,0.023,1620.199,2932.698,1.3040485013510461e+18,47.4,18.2,53.5,15.2,5.6,0.835,-0.5,1.23,11.6,1.0,0.0,0.0,0.0,0.0,0.0,dd00,1.0,99nn,41.0,41.0,41.0,41.0,2.0,20.0,0.0,20.0,0.0,130.744758,0.0382,-48.1240471,0.0369,-0.0095,357,33,-233,33,18.1,15.1,0.832,1.23,11.5,1N000,AABU,7.0,11.0,40.902,41.429,20.845,21.145,157286958,0.415,2M
[0.226],113.0,0.226,J084244.46-481115.7,130.6852674,-48.1877038,0.05,0.0492,148.6,Im,12.826,0.026,12.788,0.028,12.152,,8.82,,13.804,0.026,13.121,0.028,12.912,0.031,1724.595,2766.344,1.3040485013510449e+18,41.7,1.16,38.8,1.1,-7.2,0.894,-4.2,0.927,1.05,1.0,0.0,0.0,0.0,0.0,0.0,0h00,0.0,00nn,39.0,39.0,39.0,39.0,0.0,16.0,0.0,20.0,0.0,130.6852646,0.0502,-48.1877021,0.0508,-0.003,66,57,-61,60,1.16,1.1,0.893,0.927,1.05,1N000,AAUU,3.0,11.0,38.755,38.947,20.992,20.728,157287436,0.096,2M
[0.226],114.0,0.226,J084244.46-481115.7,130.6852674,-48.1877038,0.05,0.0492,148.6,Im,12.826,0.026,12.788,0.028,12.152,,8.82,,13.804,0.026,13.121,0.028,12.912,0.031,1724.595,2766.344,1.3040485013510449e+18,41.7,1.16,38.8,1.1,-7.2,0.894,-4.2,0.927,1.05,1.0,0.0,0.0,0.0,0.0,0.0,0h00,0.0,00nn,39.0,39.0,39.0,39.0,0.0,16.0,0.0,20.0,0.0,130.6852646,0.0502,-48.1877021,0.0508,-0.003,66,57,-61,60,1.16,1.1,0.893,0.927,1.05,1N000,AAUU,3.0,11.0,38.755,38.947,20.992,20.728,157287436,0.096,2M
[],115.0,,,,,,,,,,,,,,,,,,,,,,,,,,,,,,,,,,,,,,,,,,,,,,,,,,,,,,,,,,,,,,,,,,,,,,,,,,,,,
[],116.0,,,,,,,,,,,,,,,,,,,,,,,,,,,,,,,,,,,,,,,,,,,,,,,,,,,,,,,,,,,,,,,,,,,,,,,,,,,,,
[0.434],117.0,0.434,J084155.76-480653.0,130.4823374,-48.1147322,0.0529,0.0491,83.9,Im,12.412,0.026,12.465,0.028,10.835,0.24,8.381,,13.614,0.023,12.871,0.022,12.705,0.026,2078.857,2957.782,1.304048501351043e+18,41.3,6.67,38.2,2.37,4.5,0.814,1.9,0.95,3.27,1.0,0.0,0.0,0.0,0.0,0.0,hhHH,1.0,44nn,39.0,39.0,40.0,40.0,8.0,20.0,0.0,20.0,0.0,130.4823506,0.0609,-48.1147291,0.0546,-0.0114,292,60,30,59,6.55,2.4,0.814,0.95,3.24,1N006,AABU,7.0,11.0,39.43,40.851,21.334,21.087,157209125,0.028,2M
[0.434],118.0,0.434,J084155.76-480653.0,130.4823374,-48.1147322,0.0529,0.0491,83.9,Im,12.412,0.026,12.465,0.028,10.835,0.24,8.381,,13.614,0.023,12.871,0.022,12.705,0.026,2078.857,2957.782,1.304048501351043e+18,41.3,6.67,38.2,2.37,4.5,0.814,1.9,0.95,3.27,1.0,0.0,0.0,0.0,0.0,0.0,hhHH,1.0,44nn,39.0,39.0,40.0,40.0,8.0,20.0,0.0,20.0,0.0,130.4823506,0.0609,-48.1147291,0.0546,-0.0114,292,60,30,59,6.55,2.4,0.814,0.95,3.24,1N006,AABU,7.0,11.0,39.43,40.851,21.334,21.087,157209125,0.028,2M
[],119.0,,,,,,,,,,,,,,,,,,,,,,,,,,,,,,,,,,,,,,,,,,,,,,,,,,,,,,,,,,,,,,,,,,,,,,,,,,,,,
[],120.0,,,,,,,,,,,,,,,,,,,,,,,,,,,,,,,,,,,,,,,,,,,,,,,,,,,,,,,,,,,,,,,,,,,,,,,,,,,,,
[6.207],121.0,6.207,J084247.46-481121.7,130.6977912,-48.1893866,0.0585,0.0544,12.3,Im,12.904,0.03,12.957,0.029,10.433,0.159,6.975,,14.56,0.046,13.648,0.055,13.377,0.055,1702.746,2761.884,1.3040485013510446e+18,35.8,3.9,37.9,1.36,6.8,1.05,1.9,1.01,2.12,2.0,0.0,0.0,0.0,0.0,0.0,0h00,1.0,221n,39.0,39.0,39.0,39.0,8.0,20.0,0.0,20.0,0.0,130.6978238,0.0547,-48.1893956,0.0584,0.01,-103,61,-58,64,3.94,1.36,1.05,1.01,2.14,3Y008,AABU,7.0,11.0,39.749,39.999,20.992,20.906,157287451,1.021,2M
[6.207],122.0,6.207,J084247.46-481121.7,130.6977912,-48.1893866,0.0585,0.0544,12.3,Im,12.904,0.03,12.957,0.029,10.433,0.159,6.975,,14.56,0.046,13.648,0.055,13.377,0.055,1702.746,2761.884,1.3040485013510446e+18,35.8,3.9,37.9,1.36,6.8,1.05,1.9,1.01,2.12,2.0,0.0,0.0,0.0,0.0,0.0,0h00,1.0,221n,39.0,39.0,39.0,39.0,8.0,20.0,0.0,20.0,0.0,130.6978238,0.0547,-48.1893956,0.0584,0.01,-103,61,-58,64,3.94,1.36,1.05,1.01,2.14,3Y008,AABU,7.0,11.0,39.749,39.999,20.992,20.906,157287451,1.021,2M
[9.102],123.0,9.102,J084256.52-481013.1,130.7355307,-48.1703101,0.0379,0.0356,128.9,Im,9.609,0.023,9.636,0.02,9.172,0.07,7.109,0.15,11.192,0.023,10.188,0.021,9.862,0.021,1636.72,2811.642,1.3040485013510454e+18,47.9,2.16,53.5,1.87,15.5,0.787,7.2,1.06,1.64,1.0,0.0,0.0,0.0,0.0,0.0,dd00,0.0,0100,39.0,39.0,39.0,39.0,20.0,20.0,14.0,20.0,0.0,130.7355324,0.0384,-48.1703094,0.0384,-0.0063,-48,32,-28,32,2.15,1.87,0.787,1.06,1.64,3N000,AAAB,15.0,11.0,40.057,40.115,20.734,21.38,157287323,0.105,2M
[9.102],124.0,9.102,J084256.52-481013.1,130.7355307,-48.1703101,0.0379,0.0356,128.9,Im,9.609,0.023,9.636,0.02,9.172,0.07,7.109,0.15,11.192,0.023,10.188,0.021,9.862,0.021,1636.72,2811.642,1.3040485013510454e+18,47.9,2.16,53.5,1.87,15.5,0.787,7.2,1.06,1.64,1.0,0.0,0.0,0.0,0.0,0.0,dd00,0.0,0100,39.0,39.0,39.0,39.0,20.0,20.0,14.0,20.0,0.0,130.7355324,0.0384,-48.1703094,0.0384,-0.0063,-48,32,-28,32,2.15,1.87,0.787,1.06,1.64,3N000,AAAB,15.0,11.0,40.057,40.115,20.734,21.38,157287323,0.105,2M
[],125.0,,,,,,,,,,,,,,,,,,,,,,,,,,,,,,,,,,,,,,,,,,,,,,,,,,,,,,,,,,,,,,,,,,,,,,,,,,,,,
[],126.0,,,,,,,,,,,,,,,,,,,,,,,,,,,,,,,,,,,,,,,,,,,,,,,,,,,,,,,,,,,,,,,,,,,,,,,,,,,,,
[0.331],127.0,0.331,J084257.23-480335.3,130.7384721,-48.0598267,0.0387,0.0356,128.5,Im,11.137,0.022,11.175,0.02,10.966,0.101,8.676,,11.845,0.024,11.435,0.027,11.298,0.024,1630.688,3100.885,1.3040485013510454e+18,48.9,3.1,53.1,1.75,10.8,1.1,1.3,0.96,1.98,1.0,0.0,0.0,0.0,0.0,0.0,ddd0,1.0,000n,39.0,39.0,39.0,39.0,12.0,18.0,1.0,18.0,0.0,130.7384706,0.0376,-48.0598244,0.0373,-0.0105,39,35,-73,36,3.09,1.75,1.1,0.96,1.98,1N000,AAAU,7.0,11.0,40.226,40.447,19.352,19.242,157286451,0.232,2M
[0.331],128.0,0.331,J084257.23-480335.3,130.7384721,-48.0598267,0.0387,0.0356,128.5,Im,11.137,0.022,11.175,0.02,10.966,0.101,8.676,,11.845,0.024,11.435,0.027,11.298,0.024,1630.688,3100.885,1.3040485013510454e+18,48.9,3.1,53.1,1.75,10.8,1.1,1.3,0.96,1.98,1.0,0.0,0.0,0.0,0.0,0.0,ddd0,1.0,000n,39.0,39.0,39.0,39.0,12.0,18.0,1.0,18.0,0.0,130.7384706,0.0376,-48.0598244,0.0373,-0.0105,39,35,-73,36,3.09,1.75,1.1,0.96,1.98,1N000,AAAU,7.0,11.0,40.226,40.447,19.352,19.242,157286451,0.232,2M
[0.467],129.0,0.467,J084220.80-481230.9,130.5866945,-48.2085908,0.0467,0.0451,145.4,Im,12.27,0.026,12.311,0.025,11.164,,8.202,,13.25,0.024,12.517,0.03,12.388,0.026,1896.717,2711.965,1.304048501351043e+18,42.5,1.47,44.0,1.06,1.5,0.447,1.9,0.928,1.07,1.0,0.0,0.0,0.0,0.0,0.0,hhh0,0.0,00nn,36.0,36.0,36.0,36.0,1.0,18.0,0.0,18.0,0.0,130.5866953,0.0474,-48.2085919,0.0486,-0.0083,-25,49,49,52,1.46,1.06,0.447,0.928,1.07,3N000,AAUU,3.0,11.0,36.763,37.118,19.025,19.067,157281903,0.109,2M
[0.467],130.0,0.467,J084220.80-481230.9,130.5866945,-48.2085908,0.0467,0.0451,145.4,Im,12.27,0.026,12.311,0.025,11.164,,8.202,,13.25,0.024,12.517,0.03,12.388,0.026,1896.717,2711.965,1.304048501351043e+18,42.5,1.47,44.0,1.06,1.5,0.447,1.9,0.928,1.07,1.0,0.0,0.0,0.0,0.0,0.0,hhh0,0.0,00nn,36.0,36.0,36.0,36.0,1.0,18.0,0.0,18.0,0.0,130.5866953,0.0474,-48.2085919,0.0486,-0.0083,-25,49,49,52,1.46,1.06,0.447,0.928,1.07,3N000,AAUU,3.0,11.0,36.763,37.118,19.025,19.067,157281903,0.109,2M
"[5.414, 8.426]",131.0,5.414,J084216.70-480112.5,130.5696024,-48.0201459,0.0546,0.0527,132.0,Im,13.403,0.027,13.341,0.031,12.582,,9.354,,14.369,0.026,13.651,0.028,13.412,0.043,1926.093,3205.369,1.3040485013510436e+18,40.2,1.38,34.7,1.03,0.6,0.996,-0.6,0.956,1.13,2.0,1.0,0.0,0.0,0.0,0.0,hhH0,0.0,nnnn,40.0,40.0,40.0,40.0,0.0,20.0,0.0,20.0,0.0,130.5695936,0.0538,-48.0201473,0.0545,-0.0112,213,68,58,73,4.03,1.39,0.999,0.956,2.12,1N000,AAUU,3.0,11.0,39.777,40.078,19.994,19.941,157283431,0.174,2M
"[5.414, 8.426]",132.0,5.414,J084216.70-480112.5,130.5696024,-48.0201459,0.0546,0.0527,132.0,Im,13.403,0.027,13.341,0.031,12.582,,9.354,,14.369,0.026,13.651,0.028,13.412,0.043,1926.093,3205.369,1.3040485013510436e+18,40.2,1.38,34.7,1.03,0.6,0.996,-0.6,0.956,1.13,2.0,1.0,0.0,0.0,0.0,0.0,hhH0,0.0,nnnn,40.0,40.0,40.0,40.0,0.0,20.0,0.0,20.0,0.0,130.5695936,0.0538,-48.0201473,0.0545,-0.0112,213,68,58,73,4.03,1.39,0.999,0.956,2.12,1N000,AAUU,3.0,11.0,39.777,40.078,19.994,19.941,157283431,0.174,2M
[0.255],133.0,0.255,J084241.64-481217.2,130.6735371,-48.2047917,0.0429,0.0405,129.0,Im,11.933,0.024,11.937,0.023,11.587,,8.083,,12.834,0.027,12.137,0.021,11.96,0.024,1745.171,2721.654,1.3040485013510433e+18,45.2,2.31,47.9,1.21,0.2,0.458,-2.3,0.559,1.33,1.0,0.0,0.0,0.0,0.0,0.0,hh00,0.0,22nn,39.0,39.0,39.0,39.0,0.0,20.0,0.0,20.0,0.0,130.6735366,0.0422,-48.204793,0.0417,-0.01,17,42,52,43,2.3,1.22,0.458,0.559,1.33,1N000,AAUU,3.0,11.0,38.435,38.61,19.855,19.85,157281929,0.093,2M
[0.255],134.0,0.255,J084241.64-481217.2,130.6735371,-48.2047917,0.0429,0.0405,129.0,Im,11.933,0.024,11.937,0.023,11.587,,8.083,,12.834,0.027,12.137,0.021,11.96,0.024,1745.171,2721.654,1.3040485013510433e+18,45.2,2.31,47.9,1.21,0.2,0.458,-2.3,0.559,1.33,1.0,0.0,0.0,0.0,0.0,0.0,hh00,0.0,22nn,39.0,39.0,39.0,39.0,0.0,20.0,0.0,20.0,0.0,130.6735366,0.0422,-48.204793,0.0417,-0.01,17,42,52,43,2.3,1.22,0.458,0.559,1.33,1N000,AAUU,3.0,11.0,38.435,38.61,19.855,19.85,157281929,0.093,2M
[4.53],135.0,4.53,J084251.18-481123.1,130.7132725,-48.1897629,0.0671,0.0656,7.9,Im,13.338,0.034,13.403,0.034,10.133,0.251,7.156,0.264,14.377,0.032,13.78,0.037,13.572,0.044,1675.726,2760.826,1.304048501351043e+18,31.7,1.19,31.6,1.03,4.3,0.589,4.1,0.965,0.998,2.0,0.0,0.0,0.0,0.0,0.0,0000,0.0,000n,39.0,39.0,39.0,39.0,18.0,19.0,7.0,20.0,0.0,130.7132924,0.0663,-48.1897692,0.0677,0.0053,152,65,-67,69,1.2,1.03,0.589,0.965,0.999,3Y004,AABB,15.0,11.0,40.224,40.193,21.318,21.712,157287453,0.149,2M
[4.53],136.0,4.53,J084251.18-481123.1,130.7132725,-48.1897629,0.0671,0.0656,7.9,Im,13.338,0.034,13.403,0.034,10.133,0.251,7.156,0.264,14.377,0.032,13.78,0.037,13.572,0.044,1675.726,2760.826,1.304048501351043e+18,31.7,1.19,31.6,1.03,4.3,0.589,4.1,0.965,0.998,2.0,0.0,0.0,0.0,0.0,0.0,0000,0.0,000n,39.0,39.0,39.0,39.0,18.0,19.0,7.0,20.0,0.0,130.7132924,0.0663,-48.1897692,0.0677,0.0053,152,65,-67,69,1.2,1.03,0.589,0.965,0.999,3Y004,AABB,15.0,11.0,40.224,40.193,21.318,21.712,157287453,0.149,2M
[1.358],137.0,1.358,J084223.83-480055.4,130.5993224,-48.0153913,0.0436,0.0411,129.2,Im,12.365,0.024,12.421,0.023,12.134,,8.652,,13.694,0.06,12.952,0.065,12.727,0.047,1874.031,3217.759,1.304048501351043e+18,45.4,9.84,46.4,2.42,1.4,0.952,1.6,0.946,4.5,1.0,0.0,0.0,0.0,0.0,0.0,hhH0,1.0,10nn,41.0,41.0,41.0,41.0,0.0,19.0,0.0,18.0,0.0,130.5993249,0.0428,-48.0153953,0.0422,-0.0101,-47,46,130,46,9.83,2.42,0.952,0.946,4.5,1N000,AAUU,3.0,11.0,41.169,41.664,19.951,19.802,157283482,1.177,2M
[1.358],138.0,1.358,J084223.83-480055.4,130.5993224,-48.0153913,0.0436,0.0411,129.2,Im,12.365,0.024,12.421,0.023,12.134,,8.652,,13.694,0.06,12.952,0.065,12.727,0.047,1874.031,3217.759,1.304048501351043e+18,45.4,9.84,46.4,2.42,1.4,0.952,1.6,0.946,4.5,1.0,0.0,0.0,0.0,0.0,0.0,hhH0,1.0,10nn,41.0,41.0,41.0,41.0,0.0,19.0,0.0,18.0,0.0,130.5993249,0.0428,-48.0153953,0.0422,-0.0101,-47,46,130,46,9.83,2.42,0.952,0.946,4.5,1N000,AAUU,3.0,11.0,41.169,41.664,19.951,19.802,157283482,1.177,2M
[0.077],139.0,0.077,J084237.74-481241.1,130.6572728,-48.211429,0.0478,0.0465,137.1,Im,12.607,0.025,12.61,0.027,10.322,0.112,8.757,,13.745,0.026,13.001,0.022,12.817,0.029,1773.587,2704.338,1.3040485013510436e+18,43.4,3.79,40.3,1.45,9.7,1.1,1.2,1.42,2.15,1.0,0.0,0.0,0.0,0.0,0.0,dd00,1.0,210n,37.0,37.0,37.0,37.0,19.0,19.0,0.0,19.0,0.0,130.6572724,0.0692,-48.2114283,0.0753,-0.0062,33,74,-76,82,3.78,1.45,1.1,1.42,2.15,1N000,AABU,7.0,11.0,37.174,37.739,19.466,19.388,157281888,0.072,2M
[0.077],140.0,0.077,J084237.74-481241.1,130.6572728,-48.211429,0.0478,0.0465,137.1,Im,12.607,0.025,12.61,0.027,10.322,0.112,8.757,,13.745,0.026,13.001,0.022,12.817,0.029,1773.587,2704.338,1.3040485013510436e+18,43.4,3.79,40.3,1.45,9.7,1.1,1.2,1.42,2.15,1.0,0.0,0.0,0.0,0.0,0.0,dd00,1.0,210n,37.0,37.0,37.0,37.0,19.0,19.0,0.0,19.0,0.0,130.6572724,0.0692,-48.2114283,0.0753,-0.0062,33,74,-76,82,3.78,1.45,1.1,1.42,2.15,1N000,AABU,7.0,11.0,37.174,37.739,19.466,19.388,157281888,0.072,2M
[3.978],141.0,3.978,J084232.40-480049.7,130.6350315,-48.0138118,0.0382,0.0348,125.5,Im,10.046,0.023,10.108,0.02,10.134,0.054,8.872,,11.003,0.028,10.41,0.028,10.27,0.029,1811.484,3221.799,1.3040485013510428e+18,46.8,3.3,54.8,3.18,20.2,0.92,0.7,0.925,2.48,1.0,0.0,0.0,0.001,0.0,0.0,00h0,1.0,110n,40.0,40.0,40.0,40.0,19.0,19.0,0.0,19.0,900.0,130.6350376,0.0383,-48.0138085,0.0368,-0.0124,-67,33,-124,32,3.25,3.19,0.921,0.925,2.47,1N001,AAAU,7.0,11.0,39.956,40.22,18.961,18.869,157283490,0.324,2M
[3.978],142.0,3.978,J084232.40-480049.7,130.6350315,-48.0138118,0.0382,0.0348,125.5,Im,10.046,0.023,10.108,0.02,10.134,0.054,8.872,,11.003,0.028,10.41,0.028,10.27,0.029,1811.484,3221.799,1.3040485013510428e+18,46.8,3.3,54.8,3.18,20.2,0.92,0.7,0.925,2.48,1.0,0.0,0.0,0.001,0.0,0.0,00h0,1.0,110n,40.0,40.0,40.0,40.0,19.0,19.0,0.0,19.0,900.0,130.6350376,0.0383,-48.0138085,0.0368,-0.0124,-67,33,-124,32,3.25,3.19,0.921,0.925,2.47,1N001,AAAU,7.0,11.0,39.956,40.22,18.961,18.869,157283490,0.324,2M
[0.189],143.0,0.189,J084152.42-480745.4,130.4684215,-48.12929,0.0433,0.042,142.1,Im,12.207,0.025,12.208,0.024,8.925,0.046,7.784,0.208,13.978,0.026,13.278,0.038,13.015,0.044,2103.167,2919.66,1.3040485013510436e+18,43.2,35.9,45.7,7.32,23.8,11.3,5.2,1.1,16.9,2.0,0.0,0.0,0.0,0.0,0.0,hHDH,1.0,7nnn,38.0,38.0,38.0,38.0,19.0,19.0,2.0,18.0,0.0,130.4684302,0.0448,-48.1293301,0.0449,-0.0067,33,49,467,50,36.0,7.41,11.1,1.1,16.9,3Y014,AAAB,15.0,11.0,39.471,40.154,20.719,20.105,157209266,0.705,2M
[0.189],144.0,0.189,J084152.42-480745.4,130.4684215,-48.12929,0.0433,0.042,142.1,Im,12.207,0.025,12.208,0.024,8.925,0.046,7.784,0.208,13.978,0.026,13.278,0.038,13.015,0.044,2103.167,2919.66,1.3040485013510436e+18,43.2,35.9,45.7,7.32,23.8,11.3,5.2,1.1,16.9,2.0,0.0,0.0,0.0,0.0,0.0,hHDH,1.0,7nnn,38.0,38.0,38.0,38.0,19.0,19.0,2.0,18.0,0.0,130.4684302,0.0448,-48.1293301,0.0449,-0.0067,33,49,467,50,36.0,7.41,11.1,1.1,16.9,3Y014,AAAB,15.0,11.0,39.471,40.154,20.719,20.105,157209266,0.705,2M
[0.594],145.0,0.594,J084152.68-480825.8,130.469507,-48.1405159,0.0493,0.0473,150.1,Im,12.575,0.026,12.764,0.028,10.791,0.123,8.853,,14.118,0.024,13.406,0.027,13.298,0.036,2101.258,2890.27,1.304048501351043e+18,42.4,23.4,38.8,4.29,8.8,0.956,-1.1,0.858,9.82,2.0,0.0,0.0,0.0,0.0,0.0,hHDH,1.0,5nnn,39.0,39.0,39.0,39.0,12.0,19.0,0.0,19.0,0.0,130.4695092,0.0494,-48.1405232,0.0492,-0.0082,-134,55,333,57,23.4,4.28,0.957,0.858,9.81,2N001,AABU,7.0,11.0,41.056,40.955,21.357,20.489,157209369,0.477,2M
[0.594],146.0,0.594,J084152.68-480825.8,130.469507,-48.1405159,0.0493,0.0473,150.1,Im,12.575,0.026,12.764,0.028,10.791,0.123,8.853,,14.118,0.024,13.406,0.027,13.298,0.036,2101.258,2890.27,1.304048501351043e+18,42.4,23.4,38.8,4.29,8.8,0.956,-1.1,0.858,9.82,2.0,0.0,0.0,0.0,0.0,0.0,hHDH,1.0,5nnn,39.0,39.0,39.0,39.0,12.0,19.0,0.0,19.0,0.0,130.4695092,0.0494,-48.1405232,0.0492,-0.0082,-134,55,333,57,23.4,4.28,0.957,0.858,9.81,2N001,AABU,7.0,11.0,41.056,40.955,21.357,20.489,157209369,0.477,2M
[],147.0,,,,,,,,,,,,,,,,,,,,,,,,,,,,,,,,,,,,,,,,,,,,,,,,,,,,,,,,,,,,,,,,,,,,,,,,,,,,,
[],148.0,,,,,,,,,,,,,,,,,,,,,,,,,,,,,,,,,,,,,,,,,,,,,,,,,,,,,,,,,,,,,,,,,,,,,,,,,,,,,
"[0.813, 7.973]",149.0,0.813,J084301.17-481011.5,130.7548909,-48.169876,0.0526,0.0514,125.3,Im,11.805,0.032,11.791,0.025,10.341,0.255,7.763,0.424,12.89,0.026,12.15,0.026,11.993,0.023,1602.911,2812.671,1.3040485013510464e+18,34.4,17.1,43.5,10.1,4.3,0.895,2.6,0.735,10.1,3.0,0.0,0.0,0.0,0.0,0.0,dd00,1.0,011n,40.0,40.0,40.0,40.0,11.0,21.0,0.0,21.0,0.0,130.754892,0.0526,-48.1698401,0.0522,-0.0076,80,149,-232,106,17.1,10.2,0.909,0.736,10.1,3Y012,AABC,15.0,11.0,41.047,41.234,21.894,21.77,157287315,0.431,2M
"[0.813, 7.973]",150.0,0.813,J084301.17-481011.5,130.7548909,-48.169876,0.0526,0.0514,125.3,Im,11.805,0.032,11.791,0.025,10.341,0.255,7.763,0.424,12.89,0.026,12.15,0.026,11.993,0.023,1602.911,2812.671,1.3040485013510464e+18,34.4,17.1,43.5,10.1,4.3,0.895,2.6,0.735,10.1,3.0,0.0,0.0,0.0,0.0,0.0,dd00,1.0,011n,40.0,40.0,40.0,40.0,11.0,21.0,0.0,21.0,0.0,130.754892,0.0526,-48.1698401,0.0522,-0.0076,80,149,-232,106,17.1,10.2,0.909,0.736,10.1,3Y012,AABC,15.0,11.0,41.047,41.234,21.894,21.77,157287315,0.431,2M
[0.847],151.0,0.847,J084233.13-481314.2,130.6380678,-48.2206319,0.0564,0.0548,173.6,Im,13.298,0.028,13.234,0.032,11.996,,9.284,,14.493,0.029,13.773,0.042,13.572,0.049,1807.137,2680.308,1.3040485013510438e+18,39.0,2.66,33.9,1.03,-3.5,0.727,-4.2,1.44,1.59,1.0,0.0,0.0,0.0,0.0,0.0,0000,0.0,21nn,36.0,36.0,36.0,36.0,0.0,18.0,0.0,18.0,0.0,130.6380694,0.056,-48.2206299,0.0576,-0.0055,-75,75,-34,78,2.66,1.03,0.727,1.44,1.59,1N001,AAUU,3.0,11.0,38.103,38.056,18.66,18.899,157281814,0.298,2M
[0.847],152.0,0.847,J084233.13-481314.2,130.6380678,-48.2206319,0.0564,0.0548,173.6,Im,13.298,0.028,13.234,0.032,11.996,,9.284,,14.493,0.029,13.773,0.042,13.572,0.049,1807.137,2680.308,1.3040485013510438e+18,39.0,2.66,33.9,1.03,-3.5,0.727,-4.2,1.44,1.59,1.0,0.0,0.0,0.0,0.0,0.0,0000,0.0,21nn,36.0,36.0,36.0,36.0,0.0,18.0,0.0,18.0,0.0,130.6380694,0.056,-48.2206299,0.0576,-0.0055,-75,75,-34,78,2.66,1.03,0.727,1.44,1.59,1N001,AAUU,3.0,11.0,38.103,38.056,18.66,18.899,157281814,0.298,2M
[0.496],153.0,0.496,J084244.95-481242.9,130.6873291,-48.2119231,0.0444,0.0428,119.8,Im,12.508,0.024,12.615,0.025,10.389,,7.057,,13.389,0.028,12.758,0.028,12.664,0.031,1721.151,2702.926,1.3040485013510433e+18,46.0,3.54,43.4,1.48,-2.2,0.31,-1.9,0.314,1.79,2.0,1.0,0.0,0.0,0.0,0.0,0h00,1.0,nnnn,39.0,39.0,39.0,39.0,0.0,4.0,0.0,19.0,0.0,130.6873241,0.0437,-48.2119245,0.0431,-0.0075,191,50,22,51,6.15,2.13,0.358,0.336,2.9,1N001,AAUU,3.0,11.0,39.331,38.973,19.995,20.041,157287602,0.26,2M
[0.496],154.0,0.496,J084244.95-481242.9,130.6873291,-48.2119231,0.0444,0.0428,119.8,Im,12.508,0.024,12.615,0.025,10.389,,7.057,,13.389,0.028,12.758,0.028,12.664,0.031,1721.151,2702.926,1.3040485013510433e+18,46.0,3.54,43.4,1.48,-2.2,0.31,-1.9,0.314,1.79,2.0,1.0,0.0,0.0,0.0,0.0,0h00,1.0,nnnn,39.0,39.0,39.0,39.0,0.0,4.0,0.0,19.0,0.0,130.6873241,0.0437,-48.2119245,0.0431,-0.0075,191,50,22,51,6.15,2.13,0.358,0.336,2.9,1N001,AAUU,3.0,11.0,39.331,38.973,19.995,20.041,157287602,0.26,2M
[0.346],155.0,0.346,J084208.79-480104.7,130.5366372,-48.0179829,0.0396,0.0362,124.7,Im,10.971,0.023,11.008,0.021,11.122,0.133,9.029,,11.425,0.024,11.146,0.024,11.087,0.024,1983.82,3211.072,1.3040485013510428e+18,47.3,4.42,52.3,2.06,8.1,0.885,0.7,1.02,2.49,1.0,0.0,0.0,0.0,0.0,0.0,ddhH,1.0,001n,38.0,38.0,39.0,39.0,7.0,18.0,0.0,19.0,0.0,130.536636,0.039,-48.0179822,0.0374,-0.0114,43,35,-35,35,4.41,2.06,0.885,1.02,2.48,1N000,AABU,7.0,11.0,38.279,39.254,20.167,20.128,157283453,0.085,2M
[0.346],156.0,0.346,J084208.79-480104.7,130.5366372,-48.0179829,0.0396,0.0362,124.7,Im,10.971,0.023,11.008,0.021,11.122,0.133,9.029,,11.425,0.024,11.146,0.024,11.087,0.024,1983.82,3211.072,1.3040485013510428e+18,47.3,4.42,52.3,2.06,8.1,0.885,0.7,1.02,2.49,1.0,0.0,0.0,0.0,0.0,0.0,ddhH,1.0,001n,38.0,38.0,39.0,39.0,7.0,18.0,0.0,19.0,0.0,130.536636,0.039,-48.0179822,0.0374,-0.0114,43,35,-35,35,4.41,2.06,0.885,1.02,2.48,1N000,AABU,7.0,11.0,38.279,39.254,20.167,20.128,157283453,0.085,2M
[],157.0,,,,,,,,,,,,,,,,,,,,,,,,,,,,,,,,,,,,,,,,,,,,,,,,,,,,,,,,,,,,,,,,,,,,,,,,,,,,,
[],158.0,,,,,,,,,,,,,,,,,,,,,,,,,,,,,,,,,,,,,,,,,,,,,,,,,,,,,,,,,,,,,,,,,,,,,,,,,,,,,
[0.112],159.0,0.112,J084246.50-481303.2,130.6937562,-48.2175575,0.0447,0.0424,141.1,Im,12.2,0.025,12.132,0.023,10.566,,7.597,,13.129,0.024,12.429,0.021,12.224,0.026,1709.975,2688.146,1.3040485013510433e+18,43.3,1.44,46.4,1.38,-5.7,0.874,-4.4,0.914,1.23,1.0,0.0,0.0,0.0,0.0,0.0,dd00,0.0,67nn,38.0,38.0,38.0,38.0,0.0,0.0,0.0,19.0,0.0,130.6937582,0.0444,-48.2175588,0.0457,-0.0092,-51,46,21,49,1.44,1.37,0.874,0.915,1.23,1N000,AAUU,3.0,11.0,40.05,40.195,20.519,20.598,157287643,0.083,2M
[0.112],160.0,0.112,J084246.50-481303.2,130.6937562,-48.2175575,0.0447,0.0424,141.1,Im,12.2,0.025,12.132,0.023,10.566,,7.597,,13.129,0.024,12.429,0.021,12.224,0.026,1709.975,2688.146,1.3040485013510433e+18,43.3,1.44,46.4,1.38,-5.7,0.874,-4.4,0.914,1.23,1.0,0.0,0.0,0.0,0.0,0.0,dd00,0.0,67nn,38.0,38.0,38.0,38.0,0.0,0.0,0.0,19.0,0.0,130.6937582,0.0444,-48.2175588,0.0457,-0.0092,-51,46,21,49,1.44,1.37,0.874,0.915,1.23,1N000,AAUU,3.0,11.0,40.05,40.195,20.519,20.598,157287643,0.083,2M
"[3.643, 3.791, 5.615]",161.0,3.643,J084151.96-480958.3,130.4665272,-48.1662143,0.0482,0.0458,117.0,Im,12.377,0.025,12.621,0.027,12.199,,9.087,,13.55,0.024,12.777,0.022,12.624,0.027,2106.435,2822.986,1.304048501351043e+18,43.3,1.55,40.7,1.66,-3.4,0.89,-3.4,0.996,1.38,2.0,1.0,0.0,0.0,0.0,0.0,hhHH,0.0,nnnn,37.0,37.0,37.0,37.0,0.0,18.0,0.0,19.0,0.0,130.4664544,0.0457,-48.1661966,0.0454,-0.0064,217,50,-110,51,3.92,1.74,0.917,0.998,2.2,2N016,AAUU,3.0,11.0,37.553,38.127,19.186,19.829,157209590,0.03,2M
"[3.643, 3.791, 5.615]",162.0,3.643,J084151.96-480958.3,130.4665272,-48.1662143,0.0482,0.0458,117.0,Im,12.377,0.025,12.621,0.027,12.199,,9.087,,13.55,0.024,12.777,0.022,12.624,0.027,2106.435,2822.986,1.304048501351043e+18,43.3,1.55,40.7,1.66,-3.4,0.89,-3.4,0.996,1.38,2.0,1.0,0.0,0.0,0.0,0.0,hhHH,0.0,nnnn,37.0,37.0,37.0,37.0,0.0,18.0,0.0,19.0,0.0,130.4664544,0.0457,-48.1661966,0.0454,-0.0064,217,50,-110,51,3.92,1.74,0.917,0.998,2.2,2N016,AAUU,3.0,11.0,37.553,38.127,19.186,19.829,157209590,0.03,2M
[9.238],163.0,9.238,J084252.71-481240.6,130.7196666,-48.2112911,0.0869,0.0816,15.1,Im,14.777,0.034,14.962,0.064,11.515,0.429,8.941,,16.006,0.084,15.27,0.125,15.281,0.196,1664.727,2704.431,1.304048501351045e+18,31.7,1.58,17.1,1.01,2.5,0.644,-0.6,0.817,1.1,2.0,0.0,0.0,0.0,0.0,0.0,0000,0.0,11nn,41.0,41.0,26.0,41.0,1.0,21.0,0.0,21.0,0.0,130.7196686,0.1065,-48.2112915,0.1141,0.0155,159,229,-44,246,1.58,1.01,0.644,0.817,1.1,1N000,AACU,7.0,11.0,40.156,39.95,20.986,20.994,157287598,0.455,2M
[9.238],164.0,9.238,J084252.71-481240.6,130.7196666,-48.2112911,0.0869,0.0816,15.1,Im,14.777,0.034,14.962,0.064,11.515,0.429,8.941,,16.006,0.084,15.27,0.125,15.281,0.196,1664.727,2704.431,1.304048501351045e+18,31.7,1.58,17.1,1.01,2.5,0.644,-0.6,0.817,1.1,2.0,0.0,0.0,0.0,0.0,0.0,0000,0.0,11nn,41.0,41.0,26.0,41.0,1.0,21.0,0.0,21.0,0.0,130.7196686,0.1065,-48.2112915,0.1141,0.0155,159,229,-44,246,1.58,1.01,0.644,0.817,1.1,1N000,AACU,7.0,11.0,40.156,39.95,20.986,20.994,157287598,0.455,2M
[7.215],165.0,7.215,J084153.75-481050.0,130.4739621,-48.1805823,0.0458,0.044,138.1,Im,12.772,0.024,12.91,0.026,12.587,,9.055,,13.561,0.026,12.974,0.025,12.876,0.024,2093.438,2785.373,1.3040485013510433e+18,44.7,1.45,42.0,1.4,-1.7,0.956,-1.6,1.01,1.27,1.0,0.0,0.0,0.001,0.0,0.0,hhHH,0.0,10nn,38.0,38.0,38.0,38.0,0.0,19.0,1.0,19.0,900.0,130.4739597,0.0457,-48.1805802,0.0459,-0.0094,8,55,-73,57,1.44,1.4,0.956,1.01,1.27,1N001,AAUU,3.0,11.0,38.241,38.09,18.976,18.976,157209708,0.157,2M
[7.215],166.0,7.215,J084153.75-481050.0,130.4739621,-48.1805823,0.0458,0.044,138.1,Im,12.772,0.024,12.91,0.026,12.587,,9.055,,13.561,0.026,12.974,0.025,12.876,0.024,2093.438,2785.373,1.3040485013510433e+18,44.7,1.45,42.0,1.4,-1.7,0.956,-1.6,1.01,1.27,1.0,0.0,0.0,0.001,0.0,0.0,hhHH,0.0,10nn,38.0,38.0,38.0,38.0,0.0,19.0,1.0,19.0,900.0,130.4739597,0.0457,-48.1805802,0.0459,-0.0094,8,55,-73,57,1.44,1.4,0.956,1.01,1.27,1N001,AAUU,3.0,11.0,38.241,38.09,18.976,18.976,157209708,0.157,2M
[5.076],167.0,5.076,J084312.69-480559.6,130.8029077,-48.09989,0.0326,0.0312,139.3,Im,7.795,0.023,7.894,0.019,7.836,0.021,7.41,0.11,8.231,0.023,8.049,0.038,8.002,0.031,1518.348,2995.597,1.3040485013510454e+18,46.4,2.01,56.5,2.05,52.3,0.992,9.9,1.13,1.72,1.0,0.0,0.036,0.0,0.0,0.0,hh00,0.0,0310,42.0,42.0,42.0,42.0,19.0,19.0,8.0,19.0,9000.0,130.8029023,0.045,-48.099892,0.0384,-0.0148,133,35,36,32,2.03,2.08,1.01,1.13,1.74,2N000,AAAB,15.0,11.0,39.698,41.355,19.136,19.223,157286764,0.292,2M
[5.076],168.0,5.076,J084312.69-480559.6,130.8029077,-48.09989,0.0326,0.0312,139.3,Im,7.795,0.023,7.894,0.019,7.836,0.021,7.41,0.11,8.231,0.023,8.049,0.038,8.002,0.031,1518.348,2995.597,1.3040485013510454e+18,46.4,2.01,56.5,2.05,52.3,0.992,9.9,1.13,1.72,1.0,0.0,0.036,0.0,0.0,0.0,hh00,0.0,0310,42.0,42.0,42.0,42.0,19.0,19.0,8.0,19.0,9000.0,130.8029023,0.045,-48.099892,0.0384,-0.0148,133,35,36,32,2.03,2.08,1.01,1.13,1.74,2N000,AAAB,15.0,11.0,39.698,41.355,19.136,19.223,157286764,0.292,2M
[1.167],169.0,1.167,J084205.83-480023.0,130.5243242,-48.0063926,0.0439,0.042,128.9,Im,12.669,0.023,12.571,0.025,12.734,,9.291,,13.69,0.026,13.052,0.032,12.802,0.037,2005.374,3241.425,1.304048501351043e+18,46.3,1.65,43.4,1.15,-2.2,0.972,0.1,1.08,1.27,2.0,1.0,0.0,0.0,0.0,0.0,hhHH,0.0,nnnn,39.0,39.0,40.0,40.0,0.0,19.0,0.0,19.0,0.0,130.5243218,0.0436,-48.0063949,0.0438,-0.0095,72,49,84,52,2.52,1.24,0.976,1.09,1.59,1N000,AAUU,3.0,11.0,37.784,39.303,19.441,19.602,157283560,0.051,2M
[1.167],170.0,1.167,J084205.83-480023.0,130.5243242,-48.0063926,0.0439,0.042,128.9,Im,12.669,0.023,12.571,0.025,12.734,,9.291,,13.69,0.026,13.052,0.032,12.802,0.037,2005.374,3241.425,1.304048501351043e+18,46.3,1.65,43.4,1.15,-2.2,0.972,0.1,1.08,1.27,2.0,1.0,0.0,0.0,0.0,0.0,hhHH,0.0,nnnn,39.0,39.0,40.0,40.0,0.0,19.0,0.0,19.0,0.0,130.5243218,0.0436,-48.0063949,0.0438,-0.0095,72,49,84,52,2.52,1.24,0.976,1.09,1.59,1N000,AAUU,3.0,11.0,37.784,39.303,19.441,19.602,157283560,0.051,2M
[4.703],171.0,4.703,J084313.39-480717.7,130.8057941,-48.1216014,0.0405,0.0376,126.0,Im,11.247,0.023,11.331,0.022,12.158,0.435,9.104,,13.17,0.03,12.262,0.08,11.977,0.053,1513.527,2938.734,1.304048501351046e+18,47.3,19.2,50.1,7.17,2.5,0.585,0.1,1.05,9.11,1.0,0.0,0.0,0.0,0.0,0.0,0h00,1.0,22nn,43.0,43.0,43.0,43.0,1.0,21.0,0.0,21.0,0.0,130.8059037,0.0397,-48.1216172,0.0392,-0.0113,-551,36,95,36,18.9,6.97,0.586,1.05,8.93,1N021,AACU,7.0,11.0,42.235,42.1,20.919,21.14,157286942,1.618,2M
[4.703],172.0,4.703,J084313.39-480717.7,130.8057941,-48.1216014,0.0405,0.0376,126.0,Im,11.247,0.023,11.331,0.022,12.158,0.435,9.104,,13.17,0.03,12.262,0.08,11.977,0.053,1513.527,2938.734,1.304048501351046e+18,47.3,19.2,50.1,7.17,2.5,0.585,0.1,1.05,9.11,1.0,0.0,0.0,0.0,0.0,0.0,0h00,1.0,22nn,43.0,43.0,43.0,43.0,1.0,21.0,0.0,21.0,0.0,130.8059037,0.0397,-48.1216172,0.0392,-0.0113,-551,36,95,36,18.9,6.97,0.586,1.05,8.93,1N021,AACU,7.0,11.0,42.235,42.1,20.919,21.14,157286942,1.618,2M
[5.106],173.0,5.106,J084221.86-475916.4,130.5910894,-47.9879158,0.0372,0.0348,130.3,Im,9.508,0.024,9.563,0.02,9.384,0.037,9.239,,10.323,0.023,9.737,0.021,9.593,0.023,1888.365,3289.711,1.304048501351055e+18,46.1,1.68,54.6,1.41,29.7,0.929,-0.1,0.945,1.35,1.0,0.0,0.0,0.0,0.0,0.0,hhh0,0.0,011n,41.0,41.0,41.0,41.0,19.0,19.0,0.0,19.0,0.0,130.5910915,0.0388,-47.9879134,0.0384,-0.0082,-24,32,-50,32,1.68,1.42,0.928,0.945,1.35,1N000,AAAU,7.0,11.0,40.649,41.256,18.928,18.814,157283720,0.139,2M
[5.106],174.0,5.106,J084221.86-475916.4,130.5910894,-47.9879158,0.0372,0.0348,130.3,Im,9.508,0.024,9.563,0.02,9.384,0.037,9.239,,10.323,0.023,9.737,0.021,9.593,0.023,1888.365,3289.711,1.304048501351055e+18,46.1,1.68,54.6,1.41,29.7,0.929,-0.1,0.945,1.35,1.0,0.0,0.0,0.0,0.0,0.0,hhh0,0.0,011n,41.0,41.0,41.0,41.0,19.0,19.0,0.0,19.0,0.0,130.5910915,0.0388,-47.9879134,0.0384,-0.0082,-24,32,-50,32,1.68,1.42,0.928,0.945,1.35,1N000,AAAU,7.0,11.0,40.649,41.256,18.928,18.814,157283720,0.139,2M
[0.322],175.0,0.322,J084152.43-481125.8,130.4684905,-48.1905243,0.0407,0.0373,128.1,Im,11.854,0.023,11.801,0.021,11.168,0.2,9.195,,13.066,0.026,12.341,0.031,12.1,0.027,2102.98,2759.34,1.304048501351043e+18,47.4,7.21,50.9,2.33,5.4,0.762,-1.9,0.851,3.41,1.0,0.0,0.0,0.0,0.0,0.0,hhHH,1.0,11nn,37.0,37.0,37.0,37.0,5.0,19.0,0.0,19.0,0.0,130.468483,0.04,-48.1905285,0.039,-0.0121,189,41,40,42,7.2,2.34,0.763,0.851,3.41,2N001,AABU,7.0,11.0,38.166,38.195,18.93,18.887,157209788,0.091,2M
[0.322],176.0,0.322,J084152.43-481125.8,130.4684905,-48.1905243,0.0407,0.0373,128.1,Im,11.854,0.023,11.801,0.021,11.168,0.2,9.195,,13.066,0.026,12.341,0.031,12.1,0.027,2102.98,2759.34,1.304048501351043e+18,47.4,7.21,50.9,2.33,5.4,0.762,-1.9,0.851,3.41,1.0,0.0,0.0,0.0,0.0,0.0,hhHH,1.0,11nn,37.0,37.0,37.0,37.0,5.0,19.0,0.0,19.0,0.0,130.468483,0.04,-48.1905285,0.039,-0.0121,189,41,40,42,7.2,2.34,0.763,0.851,3.41,2N001,AABU,7.0,11.0,38.166,38.195,18.93,18.887,157209788,0.091,2M
[8.919],177.0,8.919,J084216.39-475903.7,130.5683215,-47.9843729,0.0332,0.0321,103.1,Im,11.83,0.024,11.942,0.022,6.776,0.016,6.3,0.055,12.918,0.024,12.139,0.028,11.963,0.024,1928.253,3299.028,1.3040485013510554e+18,45.7,1.57,49.8,1.32,68.9,59.2,19.6,3.74,10.5,2.0,0.0,0.0,0.001,0.0,0.0,hhOO,1.0,01nn,40.0,40.0,40.0,40.0,17.0,17.0,18.0,18.0,900.0,130.568327,0.0333,-47.9843735,0.0323,0.0043,137,34,-19,34,1.57,1.31,59.1,3.74,10.5,1N000,AAAA,15.0,11.0,38.41,39.072,17.983,17.779,157283755,0.115,2M
[8.919],178.0,8.919,J084216.39-475903.7,130.5683215,-47.9843729,0.0332,0.0321,103.1,Im,11.83,0.024,11.942,0.022,6.776,0.016,6.3,0.055,12.918,0.024,12.139,0.028,11.963,0.024,1928.253,3299.028,1.3040485013510554e+18,45.7,1.57,49.8,1.32,68.9,59.2,19.6,3.74,10.5,2.0,0.0,0.0,0.001,0.0,0.0,hhOO,1.0,01nn,40.0,40.0,40.0,40.0,17.0,17.0,18.0,18.0,900.0,130.568327,0.0333,-47.9843735,0.0323,0.0043,137,34,-19,34,1.57,1.31,59.1,3.74,10.5,1N000,AAAA,15.0,11.0,38.41,39.072,17.983,17.779,157283755,0.115,2M
"[4.029, 8.566]",179.0,4.029,J084311.81-481011.9,130.7992212,-48.1699997,0.0624,0.0608,153.3,Im,12.936,0.036,12.78,0.028,10.289,,7.099,,14.231,0.041,13.542,0.04,13.43,0.053,1525.507,2812.066,1.3040485013510472e+18,29.8,2.98,38.8,1.63,-1.1,0.187,-1.5,0.397,1.63,2.0,1.0,0.0,0.0,0.0,0.0,dd0d,0.0,nnnn,42.0,42.0,42.0,42.0,0.0,8.0,0.0,21.0,0.0,130.7992258,0.0624,-48.1700034,0.0632,0.0051,-208,68,136,70,3.85,1.86,0.188,0.397,2.0,1N001,AAUU,3.0,11.0,42.231,42.05,21.023,21.558,157287317,1.432,2M
"[4.029, 8.566]",180.0,4.029,J084311.81-481011.9,130.7992212,-48.1699997,0.0624,0.0608,153.3,Im,12.936,0.036,12.78,0.028,10.289,,7.099,,14.231,0.041,13.542,0.04,13.43,0.053,1525.507,2812.066,1.3040485013510472e+18,29.8,2.98,38.8,1.63,-1.1,0.187,-1.5,0.397,1.63,2.0,1.0,0.0,0.0,0.0,0.0,dd0d,0.0,nnnn,42.0,42.0,42.0,42.0,0.0,8.0,0.0,21.0,0.0,130.7992258,0.0624,-48.1700034,0.0632,0.0051,-208,68,136,70,3.85,1.86,0.188,0.397,2.0,1N001,AAUU,3.0,11.0,42.231,42.05,21.023,21.558,157287317,1.432,2M
[],181.0,,,,,,,,,,,,,,,,,,,,,,,,,,,,,,,,,,,,,,,,,,,,,,,,,,,,,,,,,,,,,,,,,,,,,,,,,,,,,
[],182.0,,,,,,,,,,,,,,,,,,,,,,,,,,,,,,,,,,,,,,,,,,,,,,,,,,,,,,,,,,,,,,,,,,,,,,,,,,,,,
[],183.0,,,,,,,,,,,,,,,,,,,,,,,,,,,,,,,,,,,,,,,,,,,,,,,,,,,,,,,,,,,,,,,,,,,,,,,,,,,,,
[],184.0,,,,,,,,,,,,,,,,,,,,,,,,,,,,,,,,,,,,,,,,,,,,,,,,,,,,,,,,,,,,,,,,,,,,,,,,,,,,,
[],185.0,,,,,,,,,,,,,,,,,,,,,,,,,,,,,,,,,,,,,,,,,,,,,,,,,,,,,,,,,,,,,,,,,,,,,,,,,,,,,
[],186.0,,,,,,,,,,,,,,,,,,,,,,,,,,,,,,,,,,,,,,,,,,,,,,,,,,,,,,,,,,,,,,,,,,,,,,,,,,,,,
[0.882],187.0,0.882,J084300.23-481306.5,130.7509691,-48.2184754,0.0398,0.0364,135.9,Im,10.129,0.023,10.156,0.021,10.59,0.25,9.161,,10.208,0.023,10.174,0.022,10.139,0.019,1610.175,2685.453,1.3040485013510454e+18,47.0,1.56,51.9,1.31,4.3,0.621,-3.0,1.04,1.23,1.0,0.0,0.0,0.0,0.0,0.0,0h00,0.0,000n,42.0,42.0,42.0,42.0,13.0,21.0,0.0,21.0,0.0,130.7509714,0.0382,-48.2184739,0.0383,-0.0113,-57,32,-60,32,1.55,1.3,0.622,1.04,1.23,1N000,AABU,7.0,11.0,41.448,41.524,21.881,21.639,157287647,0.1,2M
[0.882],188.0,0.882,J084300.23-481306.5,130.7509691,-48.2184754,0.0398,0.0364,135.9,Im,10.129,0.023,10.156,0.021,10.59,0.25,9.161,,10.208,0.023,10.174,0.022,10.139,0.019,1610.175,2685.453,1.3040485013510454e+18,47.0,1.56,51.9,1.31,4.3,0.621,-3.0,1.04,1.23,1.0,0.0,0.0,0.0,0.0,0.0,0h00,0.0,000n,42.0,42.0,42.0,42.0,13.0,21.0,0.0,21.0,0.0,130.7509714,0.0382,-48.2184739,0.0383,-0.0113,-57,32,-60,32,1.55,1.3,0.622,1.04,1.23,1N000,AABU,7.0,11.0,41.448,41.524,21.881,21.639,157287647,0.1,2M
[8.881],189.0,8.881,J084214.04-475857.9,130.5585074,-47.9827507,0.0927,0.0858,28.4,Im,15.172,0.043,15.272,0.084,9.472,0.042,7.202,0.107,16.391,0.119,15.689,0.143,16.217,,1945.448,3303.289,1.3040485013510574e+18,25.4,1.68,12.9,1.01,25.9,4.76,10.1,2.32,2.02,1.0,0.0,0.0,0.0,0.0,0.0,hhOO,1.0,10nn,39.0,40.0,16.0,40.0,18.0,18.0,13.0,18.0,0.0,130.5584837,0.1938,-47.9827587,0.1823,0.0703,-562,380,-281,368,1.67,1.01,4.75,2.32,2.02,1N001,AAAA,15.0,11.0,39.366,40.041,17.921,17.828,157283773,1.73,2M
[8.881],190.0,8.881,J084214.04-475857.9,130.5585074,-47.9827507,0.0927,0.0858,28.4,Im,15.172,0.043,15.272,0.084,9.472,0.042,7.202,0.107,16.391,0.119,15.689,0.143,16.217,,1945.448,3303.289,1.3040485013510574e+18,25.4,1.68,12.9,1.01,25.9,4.76,10.1,2.32,2.02,1.0,0.0,0.0,0.0,0.0,0.0,hhOO,1.0,10nn,39.0,40.0,16.0,40.0,18.0,18.0,13.0,18.0,0.0,130.5584837,0.1938,-47.9827587,0.1823,0.0703,-562,380,-281,368,1.67,1.01,4.75,2.32,2.02,1N001,AAAA,15.0,11.0,39.366,40.041,17.921,17.828,157283773,1.73,2M
[],191.0,,,,,,,,,,,,,,,,,,,,,,,,,,,,,,,,,,,,,,,,,,,,,,,,,,,,,,,,,,,,,,,,,,,,,,,,,,,,,
[],192.0,,,,,,,,,,,,,,,,,,,,,,,,,,,,,,,,,,,,,,,,,,,,,,,,,,,,,,,,,,,,,,,,,,,,,,,,,,,,,
[0.686],193.0,0.686,J084136.71-480936.2,130.4029735,-48.16007,0.0483,0.0467,146.2,Im,12.684,0.025,12.816,0.027,12.718,,8.733,,13.762,0.022,12.991,0.027,12.853,0.03,2217.436,2838.978,1.3040485013510433e+18,43.1,2.38,39.8,1.54,-2.7,1.05,-2.4,0.72,1.6,1.0,0.0,0.0,0.0,0.0,0.0,hhHH,0.0,22nn,37.0,37.0,36.0,36.0,0.0,18.0,0.0,18.0,0.0,130.4029664,0.0478,-48.1600696,0.0484,-0.008,190,55,21,58,2.37,1.54,1.05,0.72,1.6,1N000,AAUU,3.0,11.0,39.008,39.217,20.469,19.898,157209536,0.091,2M
[0.686],194.0,0.686,J084136.71-480936.2,130.4029735,-48.16007,0.0483,0.0467,146.2,Im,12.684,0.025,12.816,0.027,12.718,,8.733,,13.762,0.022,12.991,0.027,12.853,0.03,2217.436,2838.978,1.3040485013510433e+18,43.1,2.38,39.8,1.54,-2.7,1.05,-2.4,0.72,1.6,1.0,0.0,0.0,0.0,0.0,0.0,hhHH,0.0,22nn,37.0,37.0,36.0,36.0,0.0,18.0,0.0,18.0,0.0,130.4029664,0.0478,-48.1600696,0.0484,-0.008,190,55,21,58,2.37,1.54,1.05,0.72,1.6,1N000,AAUU,3.0,11.0,39.008,39.217,20.469,19.898,157209536,0.091,2M
[6.314],195.0,6.314,J084220.06-475751.8,130.5836058,-47.9644117,0.0439,0.042,146.1,Im,12.936,0.024,13.006,0.024,12.232,0.401,9.114,,14.019,0.028,13.373,0.035,13.148,0.035,1901.412,3351.261,1.304048501351056e+18,46.0,2.68,44.9,1.4,2.7,0.878,0.3,0.904,1.68,1.0,0.0,0.0,0.0,0.0,0.0,0h00,0.0,01nn,40.0,40.0,40.0,40.0,0.0,18.0,0.0,18.0,0.0,130.5836039,0.0429,-47.9644124,0.0439,-0.0087,50,54,24,57,2.68,1.4,0.878,0.904,1.68,1N000,AACU,7.0,11.0,38.921,39.405,17.776,17.864,157283917,0.059,2M
[6.314],196.0,6.314,J084220.06-475751.8,130.5836058,-47.9644117,0.0439,0.042,146.1,Im,12.936,0.024,13.006,0.024,12.232,0.401,9.114,,14.019,0.028,13.373,0.035,13.148,0.035,1901.412,3351.261,1.304048501351056e+18,46.0,2.68,44.9,1.4,2.7,0.878,0.3,0.904,1.68,1.0,0.0,0.0,0.0,0.0,0.0,0h00,0.0,01nn,40.0,40.0,40.0,40.0,0.0,18.0,0.0,18.0,0.0,130.5836039,0.0429,-47.9644124,0.0439,-0.0087,50,54,24,57,2.68,1.4,0.878,0.904,1.68,1N000,AACU,7.0,11.0,38.921,39.405,17.776,17.864,157283917,0.059,2M
[0.386],197.0,0.386,J084153.27-475911.5,130.4719589,-47.9865442,0.0404,0.0378,130.6,Im,12.017,0.023,12.019,0.021,12.035,0.305,8.77,,12.826,0.024,12.224,0.025,12.101,0.029,2097.121,3293.388,1.3040485013510554e+18,47.2,2.11,50.7,1.32,3.6,0.762,1.0,0.99,1.45,1.0,0.0,0.0,0.0,0.0,0.0,hhH0,0.0,22nn,37.0,37.0,37.0,37.0,1.0,16.0,0.0,17.0,0.0,130.4719584,0.0409,-47.9865415,0.041,-0.0122,33,43,-76,45,2.1,1.31,0.762,0.99,1.44,1N000,AABU,7.0,11.0,38.266,38.74,18.887,18.585,157208014,0.068,2M
[0.386],198.0,0.386,J084153.27-475911.5,130.4719589,-47.9865442,0.0404,0.0378,130.6,Im,12.017,0.023,12.019,0.021,12.035,0.305,8.77,,12.826,0.024,12.224,0.025,12.101,0.029,2097.121,3293.388,1.3040485013510554e+18,47.2,2.11,50.7,1.32,3.6,0.762,1.0,0.99,1.45,1.0,0.0,0.0,0.0,0.0,0.0,hhH0,0.0,22nn,37.0,37.0,37.0,37.0,1.0,16.0,0.0,17.0,0.0,130.4719584,0.0409,-47.9865415,0.041,-0.0122,33,43,-76,45,2.1,1.31,0.762,0.99,1.44,1N000,AABU,7.0,11.0,38.266,38.74,18.887,18.585,157208014,0.068,2M
[0.929],199.0,0.929,J084131.54-481003.8,130.3814496,-48.167727,0.0473,0.0449,142.3,Im,12.471,0.025,12.389,0.026,11.865,,8.7,,13.504,0.024,12.792,0.022,12.552,0.026,2254.995,2818.878,1.304048501351043e+18,43.0,1.37,42.4,1.25,-0.3,0.679,-2.6,0.844,1.12,1.0,0.0,0.0,0.0,0.0,0.0,hhDH,0.0,00nn,38.0,38.0,38.0,38.0,0.0,20.0,0.0,19.0,0.0,130.3814481,0.0463,-48.1677264,0.0468,-0.0104,46,50,-31,51,1.37,1.25,0.679,0.844,1.12,1N000,AAUU,3.0,11.0,37.905,38.161,19.964,18.837,157209605,0.19,2M
[0.929],200.0,0.929,J084131.54-481003.8,130.3814496,-48.167727,0.0473,0.0449,142.3,Im,12.471,0.025,12.389,0.026,11.865,,8.7,,13.504,0.024,12.792,0.022,12.552,0.026,2254.995,2818.878,1.304048501351043e+18,43.0,1.37,42.4,1.25,-0.3,0.679,-2.6,0.844,1.12,1.0,0.0,0.0,0.0,0.0,0.0,hhDH,0.0,00nn,38.0,38.0,38.0,38.0,0.0,20.0,0.0,19.0,0.0,130.3814481,0.0463,-48.1677264,0.0468,-0.0104,46,50,-31,51,1.37,1.25,0.679,0.844,1.12,1N000,AAUU,3.0,11.0,37.905,38.161,19.964,18.837,157209605,0.19,2M
