name,usrid,ra_pnt,dec_pnt,ra,dec,err_ellipse_r0,err_ellipse_r1,err_ellipse_ang,significance,extent_flag,pileup_flag,sat_src_flag,streak_src_flag,conf_flag,flux_aper90_mean_b,e_flux_aper90_mean_b,flux_aper90_mean_h,e_flux_aper90_mean_h,flux_aper90_mean_m,e_flux_aper90_mean_m,flux_aper90_mean_s,e_flux_aper90_mean_s,kp_intra_prob_b,ks_intra_prob_b,var_inter_prob_b,nh_gal,flux_powlaw_mean,e_flux_powlaw_mean,powlaw_gamma_mean,e_powlaw_gamma_mean,powlaw_nh_mean,e_powlaw_nh_mean,powlaw_ampl_mean,e_powlaw_ampl_mean,powlaw_stat,remove_code,flux_significance_b_max,flux_aper90_ave_s,e_flux_aper90_ave_s,flux_aper90_ave_m,e_flux_aper90_ave_m,flux_aper90_ave_h,e_flux_aper90_ave_h,chisqr,dof,kp_prob_b_max,var_inter_prob,significance_max,flux_flag,flux_aper90_ave_b,e_flux_aper90_ave_b
2CXO J084229.2-480705,1.0, 08 42 26.84,-48 07 04.72,130.62174999999996,-48.11833333333333,0.87,0.78,47.8,2.26,False,False,False,False,False,1.2666269218449942e-15,5.854955588067394e-16,5.848103474528918e-16,4.7116815798198845e-16,3.546839044629276e-16,2.443796227619365e-16,3.271326699291748e-16,2.4715221274552564e-16,,,0.462,,,,,,,,,,,0,1.37,3.271326699291748e-16,2.4715221274552564e-16,6.740176770220973e-16,3.931008152155485e-16,1.4207035128782935e-15,8.65889777868e-16,,0.0,,,1.37,0,2.4218538598295656e-15,9.825362968381538e-16
2CXO J084225.2-480704,2.0, 08 42 26.66,-48 07 04.90,130.6053333333333,-48.11784166666667,0.79,0.75,144.5,2.15,False,False,False,False,False,3.268823978429293e-15,1.3550157130894028e-15,1.2862975399461623e-15,5.706734996717577e-16,9.829455923074516e-16,8.687443993204992e-16,9.99580846175679e-16,8.693000104341633e-16,0.676,0.692,0.212,,,,,,,,,,,0,1.76,9.99580846175679e-16,8.693000104341633e-16,9.829455923074516e-16,8.687443993204992e-16,1.3313877811342044e-15,6.479812287978799e-16,,-1.0,,,,0,3.313914219617335e-15,1.3893448140638025e-15
2CXO J084232.9-480634,3.0, 08 42 26.84,-48 07 04.72,130.637375,-48.109572222222226,0.92,0.79,35.9,1.91,False,False,False,False,False,8.127910366339422e-15,4.6126315570424026e-15,1.9271161194127486e-15,1.6550865622700787e-15,5.206540585710739e-16,3.476922659318217e-16,5.6801401883556e-15,4.291406347647311e-15,,,0.714,,,,,,,,,,,0,1.56,5.6801401883556e-15,4.291406347647311e-15,7.410345223886507e-16,4.62030755672199e-16,2.383901822515992e-15,1.4482693178019254e-15,,0.0,,,1.56,0,8.805076533260243e-15,4.552705226203549e-15
2CXO J084227.5-480737,4.0, 08 42 26.66,-48 07 04.90,130.61462499999996,-48.12695277777778,0.86,0.79,84.6,2.92,False,False,False,False,False,2.0561175649915063e-15,7.147771099691862e-16,4.0732342794723385e-16,3.406706098255065e-16,1.0046806164325849e-15,3.8265461775224195e-16,6.441135206116875e-16,4.98422808516931e-16,0.705,0.353,0.554,,,,,,,,,,,0,2.67,6.99383263905039e-16,5.014812231509608e-16,9.136035622560028e-16,4.1979184239093744e-16,7.560144340160268e-16,4.665499499664502e-16,0.23296078596737238,1.0,0.705,0.371,2.67,0,2.3690012601770687e-15,8.033538846141584e-16
2CXO J084229.4-480540,5.0, 08 42 26.84,-48 07 04.72,130.6227083333333,-48.094633333333334,0.92,0.87,153.0,2.85,False,False,False,False,True,2.1225806358014272e-15,7.997280728804641e-16,9.807191538243212e-16,5.884000154153945e-16,6.513202115439197e-16,3.5665000158951675e-16,4.905412704331864e-16,4.0761647265347614e-16,0.704,0.629,0.823,,,,,,,,,,,0,2.16,8.245095181780128e-16,5.031437015665518e-16,6.071396130851678e-16,3.490923606423659e-16,7.44928895462035e-16,5.110256282218012e-16,0.0012613716272793357,1.0,0.704,0.028,2.16,0,2.1765780267252154e-15,7.976003092930929e-16
2CXO J084229.2-480540,6.0, 08 42 26.66,-48 07 04.90,130.62191666666664,-48.09451388888889,0.83,0.81,166.2,2.49,False,False,False,False,True,7.513740974921947e-15,3.0249434564712287e-15,9.38419153824321e-16,6.857000132279687e-16,3.1852393653682413e-16,2.388850002135802e-16,6.256797884560802e-15,2.9365000193053337e-15,0.468,0.429,0.148,,,,,,,,,,,0,1.95,5.318128249664847e-15,2.440744619265772e-15,3.2181950464579545e-16,2.3423259885068497e-16,1.4953159817457742e-15,8.013869239411996e-16,0.40670070325944496,1.0,0.468,0.476,1.95,0,7.135263736056416e-15,2.5795969081821877e-15
2CXO J084234.9-480614,7.0, 08 42 26.84,-48 07 04.72,130.64583333333331,-48.10409722222222,0.83,0.8,36.0,2.15,False,False,False,False,False,1.5207748638415706e-15,6.487818483705928e-16,7.916606346317592e-16,5.442500093745709e-16,4.1259342393931473e-16,2.59854467423645e-16,3.165208052704967e-16,2.3913483608817083e-16,,,0.362,,,,,,,,,,,0,1.62,8.560695156953431e-16,4.793024060125662e-16,6.784074423025297e-16,3.819607434907286e-16,6.175304368701487e-16,4.264266871631725e-16,1.1963375758527584,1.0,,0.726,1.62,0,2.1520073948680217e-15,7.466354702948307e-16
2CXO J084233.8-480742,8.0, 08 42 26.84,-48 07 04.72,130.64087499999997,-48.12856388888889,0.74,0.73,39.1,3.94,False,False,False,False,False,3.3697414808074385e-15,9.433708949189952e-16,1.0758404230878397e-15,7.061000032114496e-16,1.653e-15,4.76e-16,6.409010577195986e-16,4.0595003491200357e-16,0.209,0.418,0.206,,,,,,,,,,,0,3.31,1.0573793609828404e-15,6.089399306157529e-16,1.7544313710914e-15,5.497609668048656e-16,1.1806804626940618e-15,7.406874178699905e-16,0.1308449347265071,1.0,0.209,0.282,3.31,0,3.992491194768302e-15,1.1052885644533976e-15
2CXO J084221.4-480711,9.0, 08 42 26.84,-48 07 04.72,130.58949999999996,-48.11994722222222,0.88,0.83,154.0,2.0,False,False,False,False,False,2.8466856707806498e-15,1.4992192374147723e-15,4.741000000000001e-16,3.879e-16,1.0489055138342528e-15,9.270341741321813e-16,1.3236801569463972e-15,1.112564403450693e-15,0.826,0.801,0.952,,,,,,,,,,,0,1.95,1.3236801569463972e-15,1.112564403450693e-15,1.0489055138342528e-15,9.270341741321813e-16,4.872906596758552e-16,3.2780930922595136e-16,,0.0,0.826,,1.95,0,2.8598763304565052e-15,1.4848066726175927e-15
2CXO J084224.5-480545,10.0, 08 42 26.84,-48 07 04.72,130.6020833333333,-48.09603333333334,0.86,0.8,168.2,2.44,False,False,False,False,False,1.9811827751163005e-15,9.048774924475819e-16,4.035874654808826e-16,3.3375347604621486e-16,4.43e-16,2.8059999999999996e-16,1.1345953096354179e-15,7.928906189161858e-16,0.111,0.037,0.47,,,,,,,,,,,0,1.74,1.0134618213433037e-15,5.915117111798259e-16,3.0130336615334513e-16,2.3671930340675874e-16,6.718115999198172e-16,4.344112736627145e-16,2.0993576519691293,1.0,0.111,0.853,1.74,0,1.986576787416466e-15,7.711259869525399e-16
2CXO J084225.0-480539,11.0, 08 42 26.84,-48 07 04.72,130.60454166666662,-48.09433333333334,0.71,0.71,0.0,21.95,True,False,False,False,False,8.356158657939784e-14,7.57871294135218e-15,1.7018401933447457e-14,3.3056191592828012e-15,2.238435962466351e-14,2.3656926445712627e-15,4.415882502128688e-14,6.396348187256765e-15,0.998,1.0,1.0,,,,,,,,,,,0,17.65,5.6309201652915547e-14,5.6659662075751346e-15,2.8717564241576346e-14,2.1360529586141153e-15,2.469101627567026e-14,3.1240168064309874e-15,81.87979479517537,1.0,0.998,1.0,17.65,0,1.0971778217016215e-13,6.81361697736604e-15
2CXO J084236.6-480608,12.0, 08 42 26.84,-48 07 04.72,130.65266666666662,-48.10225,0.74,0.73,171.2,8.17,False,False,False,False,False,1.9614689815170006e-14,2.9831392873808547e-15,5.0485628888181795e-15,1.4107382752905063e-15,5.132733272669419e-15,9.057484507982737e-16,9.433393653682409e-15,2.467500206772443e-15,0.994,0.992,0.871,,,,,,,,,,,0,7.12,8.72259621304362e-15,2.474802981516816e-15,5.169834190274794e-15,9.182134427425398e-16,5.082026768395826e-15,1.4034213908881795e-15,4.739975906075536,1.0,0.994,0.971,7.12,0,1.8974457171714243e-14,2.9895413233738956e-15
2CXO J084220.3-480609,13.0, 08 42 26.66,-48 07 04.90,130.58474999999996,-48.10274166666667,0.9,0.81,139.1,2.49,False,False,False,False,False,1.4152239730693231e-15,6.998763237286646e-16,2.92185343329666e-16,2.3143290281920173e-16,4.2337427011499357e-16,2.6665579968742446e-16,6.996643596246635e-16,6.042850027112113e-16,0.989,0.721,0.932,,,,,,,,,,,0,2.49,6.996643596246635e-16,6.042850027112113e-16,5.816281837915431e-16,3.104698126917003e-16,4.790586048388013e-16,2.9904519708388393e-16,,0.0,0.989,,2.49,0,1.7603511482550078e-15,7.422802024797962e-16
2CXO J084237.9-480624,14.0, 08 42 26.84,-48 07 04.72,130.65799999999996,-48.106825,0.72,0.72,0.0,13.5,False,False,False,False,False,3.8658507705407316e-14,4.7150208599552965e-15,1.0225212692635183e-14,2.4530008319786995e-15,1.1516808461756788e-14,1.7720005118745425e-15,1.691648655101534e-14,3.615829478009403e-15,0.475,0.807,0.997,,,,,,,,,,,0,9.93,1.962965612600615e-14,3.0230338661183577e-15,1.3160765150927912e-14,1.4642657524590625e-15,1.3037844465959491e-14,2.2354781204396414e-15,10.672604540793028,1.0,0.475,0.999,9.93,0,4.582826574289355e-14,4.034869313433505e-15
2CXO J084231.2-480823,15.0, 08 42 26.66,-48 07 04.90,130.62999999999997,-48.139919444444445,0.82,0.77,114.6,2.67,False,False,False,False,False,2.4282048678494896e-15,9.082245114467482e-16,1.0893134057401404e-15,7.274438414738899e-16,7.848404230878394e-16,3.471000065330007e-16,5.540510390215098e-16,4.1859145495242197e-16,0.77,0.568,0.043,,,,,,,,,,,0,2.32,5.540510390215098e-16,4.1859145495242197e-16,4.487117825965856e-16,2.2968755465086396e-16,1.0612848167853597e-15,6.9341827424111645e-16,,0.0,0.77,,2.32,0,2.064047638403455e-15,8.419050314448817e-16
2CXO J084229.8-480508,16.0, 08 42 26.84,-48 07 04.72,130.6242083333333,-48.08582777777778,0.89,0.86,84.5,1.79,False,False,False,False,False,,,1.1348404230878395e-15,6.111000037106931e-16,5.831181393492411e-16,5.118732481921239e-16,,,,,0.426,,,,,,,,,,,0,1.15,7.978845608028655e-18,6.028102749890869e-18,5.831181393492411e-16,5.118732481921239e-16,1.0281285619268723e-15,6.233991503244461e-16,,-1.0,,,,1,1.619225546884142e-15,8.066455608647208e-16
2CXO J084232.1-480827,17.0, 08 42 26.84,-48 07 04.72,130.63379166666664,-48.14102222222222,0.75,0.72,152.5,4.82,False,False,False,False,False,6.915727984071427e-15,1.7233698451129872e-15,2.976126926351828e-15,1.2401645732802872e-15,1.5623989422804015e-15,5.857500241955241e-16,2.377202115439197e-15,1.0435000543268927e-15,0.809,0.921,0.891,,,,,,,,,,,0,3.59,1.959968113934608e-15,1.0147262949515986e-15,1.3536813542504181e-15,5.578570856930097e-16,3.261866337245825e-15,1.245077297279379e-15,2.002080349117166,1.0,0.809,0.843,3.59,0,6.575515805430851e-15,1.7003209867329815e-15
2CXO J084236.5-480801,18.0, 08 42 26.84,-48 07 04.72,130.65241666666665,-48.133722222222225,0.75,0.73,155.3,6.37,False,False,False,False,False,2.2755954245069648e-14,5.702860267457761e-15,4.2152021154391975e-15,1.4595000388421468e-15,2.808202115439197e-15,8.895000637325596e-16,1.5732550014191255e-14,5.440704412425652e-15,0.988,0.998,0.566,,,,,,,,,,,0,5.0,2.052269753074823e-15,1.0930519699414278e-15,2.566235045794582e-15,6.790164607916936e-16,4.4941619307218e-15,1.2617581310494392e-15,4.579200973021958,1.0,0.988,0.968,5.0,0,9.112666729591206e-15,1.802181884352489e-15
2CXO J084232.6-480840,19.0, 08 42 26.84,-48 07 04.72,130.63608333333332,-48.144508333333334,0.72,0.71,174.8,14.56,False,False,False,False,False,8.366307887399054e-14,8.090408927348008e-15,3.5100000000000003e-14,4.379999999999999e-15,2.0712338470271543e-14,2.230650697403649e-15,2.7850740403718998e-14,6.426080771192109e-15,1.0,1.0,1.0,,,,,,,,,,,0,13.06,1.5945784432107872e-14,3.4205353544637854e-15,1.6195468248253393e-14,1.614072166858333e-15,2.6891478705056682e-14,3.194732873643579e-15,17.456696359720823,1.0,1.0,1.0,13.06,0,5.903273138541795e-14,4.9509200362056354e-15
2CXO J084219.0-480812,20.0, 08 42 26.84,-48 07 04.72,130.57924999999997,-48.13681666666667,0.72,0.72,0.0,17.16,False,False,False,False,False,9.387435962466351e-14,8.66048721908012e-15,2.7762021154391968e-14,4.26500132919355e-15,2.1972338470271542e-14,2.5305735582723904e-15,4.4139999999999995e-14,7.0999999999999994e-15,0.948,0.993,0.46,,,,,,,,,,,0,13.27,4.8493595078084336e-14,5.960916792094134e-15,2.236153650350183e-14,1.982524953121293e-15,2.8353411746256858e-14,3.4733168666733495e-15,1.2708482007438133,1.0,0.948,0.74,13.27,0,9.920854332784302e-14,7.17822152405009e-15
2CXO J084215.7-480606,21.0, 08 42 26.84,-48 07 04.72,130.5658333333333,-48.10192777777778,0.97,0.83,85.5,2.5,False,False,False,False,False,2.5249557338929255e-15,1.0170392420088108e-15,1.5469202115439198e-15,9.280500006108522e-16,7.289359624663512e-16,3.710441575955425e-16,2.490995598826546e-16,1.8819736785159295e-16,,,0.324,,,,,,,,,,,0,2.32,4.3233869963896674e-16,2.6622575658426286e-16,6.417594429477532e-16,3.6412186469462164e-16,1.731323973578902e-15,9.370492792776744e-16,1.458214095229083,1.0,,0.773,2.32,0,2.805422116165622e-15,1.0399626135647188e-15
2CXO J084240.6-480549,22.0, 08 42 26.66,-48 07 04.90,130.66941666666665,-48.097033333333336,0.87,0.78,32.6,2.45,False,False,False,False,False,4.242039860437329e-15,1.7569153132885331e-15,2.9331798123317566e-15,1.5867581485987853e-15,4.096441480807438e-16,3.2773500084757976e-16,8.992159000248292e-16,6.79367179912701e-16,0.126,0.221,0.074,,,,,,,,,,,0,2.05,8.992159000248292e-16,6.79367179912701e-16,4.744051859966903e-16,2.8073979457816954e-16,2.1692062382070642e-15,1.0274205255474085e-15,,0.0,0.126,,2.05,0,3.5428273242285837e-15,1.2633081705262743e-15
2CXO J084222.8-480440,23.0, 08 42 26.84,-48 07 04.72,130.59524999999996,-48.07792777777778,0.74,0.72,167.7,6.74,False,False,False,False,False,1.1297398942280402e-14,1.92011391699172e-15,6.003797884560803e-15,1.6305000347685456e-15,3.744e-15,7.880000000000002e-16,1.5496010577195985e-15,6.38250022205293e-16,0.32,0.368,0.86,,,,,,,,,,,0,5.55,1.7046898986040082e-15,6.84301028858865e-16,4.120863959513254e-15,8.360154963007581e-16,5.996309180971016e-15,1.6265606026507226e-15,1.038766672349247,1.0,0.32,0.692,5.55,0,1.1821863039088278e-14,1.9526620809161492e-15
2CXO J084236.6-480848,24.0, 08 42 26.84,-48 07 04.72,130.6527083333333,-48.14677777777778,0.77,0.75,86.2,3.71,False,False,False,False,False,5.555839041023808e-15,1.423046951269662e-15,4.9509999999999994e-15,1.371e-15,4.054476892791731e-16,3.503263145532074e-16,1.9939135174463605e-16,1.5064228771977283e-16,0.786,0.928,0.931,,,,,,,,,,,0,2.89,7.475652543825596e-16,4.330850084029189e-16,4.3076485138144556e-16,2.613202520183151e-16,3.2632605813003666e-15,1.1875031099734841e-15,5.18944767765755,1.0,0.786,0.977,2.89,0,4.441590687064371e-15,1.290741854444555e-15
2CXO J084214.4-480721,25.0, 08 42 26.84,-48 07 04.72,130.560375,-48.122547222222224,0.72,0.72,0.0,14.46,False,False,False,False,False,5.906164865510153e-14,6.113196050059867e-15,1.1327606346317592e-14,2.5315002015449357e-15,1.7502021154391972e-14,2.045002772130825e-15,3.023202115439197e-14,5.1750010954610195e-15,0.305,0.704,0.694,,,,,,,,,,,0,11.05,3.097388781532447e-14,4.090991418498352e-15,1.7799030001839875e-14,1.6411421573925265e-15,1.1877799576937084e-14,2.075653559454119e-15,0.1963952839788533,1.0,0.305,0.342,11.05,0,6.065071739410142e-14,4.872155176702884e-15
2CXO J084241.9-480553,26.0, 08 42 26.84,-48 07 04.72,130.67466666666664,-48.098194444444445,1.15,0.84,31.2,2.67,False,False,False,False,False,1.6938679386594106e-15,6.40564650439609e-16,5.313522161194891e-16,4.603582391259134e-16,7.60860634631759e-16,3.2605001564824447e-16,4.016550879081624e-16,3.034546924295064e-16,0.552,0.507,0.894,,,,,,,,,,,0,2.26,7.611099464930286e-16,4.1046907656856216e-16,6.332765321945251e-16,3.300015823174315e-16,9.042671361766246e-16,5.321810343935404e-16,0.7004664148257727,1.0,0.552,0.597,2.26,0,2.2986536148641784e-15,7.487339717945455e-16
2CXO J084237.0-480449,27.0, 08 42 26.84,-48 07 04.72,130.65425,-48.08045277777778,0.87,0.82,157.1,2.84,False,False,False,False,False,1.779647953886183e-15,5.493020339261078e-16,2.7359461589930255e-16,2.0670364329375793e-16,1.1841273858380157e-15,4.422643210377894e-16,3.2192595214886472e-16,2.5181064048492643e-16,0.626,0.299,0.622,,,,,,,,,,,0,2.1,6.480814005292455e-16,3.4675848949362773e-16,1.3250275736232583e-15,4.794465092680934e-16,5.72981070162587e-16,3.3789035804045343e-16,0.7301529250005582,1.0,0.626,0.607,2.1,0,2.5460900443150908e-15,6.813811703752667e-16
2CXO J084214.0-480714,28.0, 08 42 26.66,-48 07 04.90,130.55874999999997,-48.12059444444444,0.88,0.78,143.9,2.28,False,False,False,False,False,1.6123205516517267e-15,6.545994976450394e-16,5.927103474528918e-16,4.822665892389189e-16,6.19231731587957e-16,3.231394753836449e-16,4.0037847261087784e-16,3.024901959895238e-16,0.358,0.671,0.124,,,,,,,,,,,0,1.83,6.550256791367707e-16,3.786656449802197e-16,6.066495776024651e-16,3.7581226645907395e-16,6.631312899720333e-16,4.410487872563554e-16,1.20151125130359,1.0,0.358,0.727,1.83,0,1.9248065467112693e-15,6.922041339443832e-16
2CXO J084228.7-480919,29.0, 08 42 26.84,-48 07 04.72,130.6195833333333,-48.15550277777778,0.71,0.71,0.0,15.91,False,False,False,False,False,1.5765072891656432e-13,1.7687660190787995e-14,2.582797884560803e-14,4.085001387762649e-15,1.6348296161487598e-14,2.070536706378711e-15,1.1547445390946869e-13,1.7084465588197425e-14,1.0,1.0,0.924,,,,,,,,,,,0,12.9,2.0314657655187555e-14,4.1569032739747e-15,1.6924108978746415e-14,1.6821523596811189e-15,2.286977011651972e-14,3.0902254603434994e-15,31.267133615633675,1.0,1.0,1.0,12.9,0,6.01085367504537e-14,5.446005397180352e-15
2CXO J084225.9-480922,30.0, 08 42 26.66,-48 07 04.90,130.60829166666664,-48.15614166666666,0.86,0.75,85.9,3.11,False,False,False,False,False,2.9198532544702453e-15,1.0645321677299517e-15,9.099358475948044e-16,6.25263193769992e-16,1.336744309351593e-15,6.962752483545346e-16,6.73173097523848e-16,5.07420390974989e-16,0.859,0.808,0.982,,,,,,,,,,,0,3.11,1.3802185375999103e-15,7.915315432873104e-16,1.336744309351593e-15,6.962752483545346e-16,1.314800092545168e-15,6.517824812287518e-16,,0.0,0.859,,3.11,0,4.031762939496671e-15,1.2394118800167554e-15
2CXO J084213.6-480555,31.0, 08 42 26.84,-48 07 04.72,130.55704166666666,-48.098819444444445,0.98,0.8,147.6,2.38,False,False,False,False,False,,,6.023012635870163e-16,5.725595702689334e-16,,,2.561209440177198e-16,1.935020982714969e-16,0.021,0.275,0.864,,,,,,,,,,,0,2.1,2.7075892261710574e-16,1.9337761585566577e-16,1.0670425385270364e-15,7.906001032554496e-16,7.753275233772384e-16,4.87932162037711e-16,,0.0,0.021,,2.1,0,2.1131289845213806e-15,9.489579655244715e-16
2CXO J084240.3-480836,32.0, 08 42 26.66,-48 07 04.90,130.66791666666663,-48.14353055555556,1.28,0.96,58.4,2.43,False,False,False,False,False,2.104241710550532e-15,8.853915516163296e-16,7.898989422804014e-16,6.222500227762608e-16,9.868797884560803e-16,5.411500010475859e-16,3.2746297981405016e-16,3.2230387089625907e-16,0.988,0.984,0.989,,,,,,,,,,,0,2.43,7.123821615392073e-16,4.769193692691548e-16,9.868797884560803e-16,5.411500010475859e-16,1.27466099645789e-15,6.791586678135786e-16,,0.0,0.988,,2.43,0,2.9739229464531775e-15,9.907330137247903e-16
2CXO J084235.6-480912,33.0, 08 42 26.66,-48 07 04.90,130.64862499999998,-48.15334722222222,1.05,0.94,23.0,1.95,False,False,False,False,False,2.196958707032644e-15,9.301266864812167e-16,5.321890020555113e-16,4.0207445341772097e-16,7.065103474528917e-16,4.234758353154759e-16,9.582593575242413e-16,7.239751402618934e-16,0.493,0.471,0.083,,,,,,,,,,,0,1.76,9.582593575242413e-16,7.239751402618934e-16,5.455872720532082e-16,2.63100030776353e-16,6.188423193199967e-16,3.9079318810982153e-16,,0.0,0.493,,1.76,0,2.122688948897446e-15,8.637597731920516e-16
2CXO J084232.2-480924,34.0, 08 42 26.66,-48 07 04.90,130.6344583333333,-48.156869444444446,1.26,0.9,149.2,2.51,False,False,False,False,False,1.720222714842276e-15,7.342767112767416e-16,2.566794632102818e-16,1.9392406546398926e-16,5.263e-16,2.9040000000000004e-16,9.372432516319943e-16,6.459284678331694e-16,0.04,0.012,0.07,,,,,,,,,,,0,2.05,1.0891106414481975e-15,6.284409522586096e-16,8.015232094234323e-16,3.9318625242687266e-16,5.625794185499837e-16,3.238296984687209e-16,0.4559941771008631,1.0,0.04,0.5,2.05,0,2.453213269421613e-15,8.089494008796465e-16
2CXO J084242.0-480516,35.0, 08 42 26.84,-48 07 04.72,130.6753333333333,-48.088033333333335,0.72,0.72,39.4,13.13,False,False,False,False,False,8.117116349155844e-14,1.0267842772213858e-14,1.8637978845608032e-14,3.3850016747444545e-15,1.406202115439197e-14,1.8950029915603725e-15,4.847116349155843e-14,9.506804011804328e-15,0.992,0.968,0.774,,,,,,,,,,,0,10.48,4.78445357572977e-14,7.992777121921037e-15,1.2775315170311579e-14,1.4841464985882775e-15,1.626696249566769e-14,2.4806446221209223e-15,0.327417737808496,1.0,0.992,0.433,10.48,0,7.688681342327698e-14,8.499457317454663e-15
2CXO J084230.1-480936,36.0, 08 42 26.84,-48 07 04.72,130.6257083333333,-48.16023055555556,1.07,0.92,175.9,2.05,False,False,False,False,False,1.7556013410623857e-15,7.855582276068195e-16,9.143757066800839e-16,6.908205751374937e-16,5.414604048886653e-16,2.976194965738007e-16,2.9976522949363655e-16,2.264758203134e-16,0.574,0.224,0.523,,,,,,,,,,,0,1.68,7.410638025281526e-16,4.444495970652867e-16,5.068445898438179e-16,3.1335489431100086e-16,1.1092677625670895e-15,6.915224023604439e-16,0.256084392503134,1.0,0.574,0.387,1.68,0,2.3571761549390598e-15,8.797328953077257e-16
2CXO J084220.6-480917,37.0, 08 42 26.84,-48 07 04.72,130.5859583333333,-48.15495,0.96,0.81,107.2,2.4,False,False,False,False,False,2.3951062224323764e-15,8.869408219977761e-16,6.848243185370993e-16,5.173920590231333e-16,9.335010577195985e-16,3.733500379604332e-16,7.767808461756788e-16,6.161000147223147e-16,0.37,0.201,0.77,,,,,,,,,,,0,1.95,9.513598547808303e-16,5.685621200072072e-16,6.611798673076337e-16,3.4867218312234785e-16,1.7414477505524617e-15,9.43577400018632e-16,0.9299928036130717,1.0,0.37,0.665,1.95,0,3.3539874726409256e-15,1.1554970728722403e-15
2CXO J084211.7-480632,38.0, 08 42 26.84,-48 07 04.72,130.5490833333333,-48.109144444444446,0.71,0.71,0.0,27.69,True,False,False,False,False,2.8192306738683586e-13,1.584378789578653e-14,1.2570105771959858e-13,9.35151565559872e-15,5.745255001419126e-14,3.751021794576509e-15,9.876945965304601e-14,1.2227207584987499e-14,1.0,1.0,0.851,,,,,,,,,,,0,22.07,6.678792080109588e-14,6.717816591065429e-15,5.3995007342845677e-14,2.89171073951991e-15,1.1873867045399476e-13,6.964904710080612e-15,10.995651023930918,1.0,1.0,0.999,22.07,0,2.395215985979363e-13,1.0099551889700444e-14
2CXO J084235.3-480925,39.0, 08 42 26.84,-48 07 04.72,130.64749999999998,-48.15707222222222,0.73,0.73,39.4,7.9,False,False,False,False,False,2.3863567479173224e-14,3.45677765716612e-15,2.0040000000000002e-14,3.34e-15,3.2052867330070824e-15,7.586256271459923e-16,6.182807461661405e-16,4.671176820890435e-16,0.039,0.102,0.532,,,,,,,,,,,0,6.02,5.889740879690661e-16,4.3520971013261963e-16,3.3616163537909814e-15,7.466705288942886e-16,2.0952377435440895e-14,3.313631937326481e-15,1.3646801148212777,1.0,0.039,0.757,6.02,0,2.490296787720094e-14,3.424482586695842e-15
2CXO J084212.8-480513,40.0, 08 42 26.84,-48 07 04.72,130.5534583333333,-48.087091666666666,0.79,0.79,0.0,8.14,False,False,False,False,False,2.6398212692635185e-14,4.658013855892681e-15,8.040000000000001e-15,1.904e-15,5.0230000000000006e-15,9.080000000000002e-16,1.3335212692635182e-14,4.153000491414394e-15,0.738,0.355,0.648,,,,,,,,,,,0,6.09,8.595058467679694e-15,3.33920575283351e-15,5.275796534453347e-15,9.487601436023773e-16,8.411271310670356e-15,2.059279289686814e-15,4.651204628392818,1.0,0.738,0.969,6.09,0,2.2282126312803395e-14,4.036220021601627e-15
2CXO J084214.9-480902,41.0, 08 42 26.84,-48 07 04.72,130.56249999999997,-48.15071944444444,1.06,0.99,121.5,3.84,False,False,False,False,False,3.5963604048886655e-15,1.1357103322200609e-15,1.1393989422804016e-15,7.037500201385838e-16,9.388816741521835e-16,3.9930510168609396e-16,1.5180797884560803e-15,7.969500007113383e-16,0.749,0.913,0.863,,,,,,,,,,,0,3.0,8.031432227294594e-16,4.483059997392158e-16,8.98877025244277e-16,4.2386122133166517e-16,1.2628481121347954e-15,6.988126504313148e-16,2.0393502526778873,1.0,0.749,0.847,3.0,0,2.9648683601085318e-15,9.321886744397765e-16
2CXO J084216.6-480918,42.0, 08 42 26.66,-48 07 04.90,130.5693333333333,-48.155163888888886,1.13,0.98,102.9,1.95,False,False,False,False,False,1.5284006369710954e-15,5.673438992524332e-16,2.9896734493283366e-16,2.258730100384109e-16,8.530379630340015e-16,4.239004144132172e-16,3.763953290042603e-16,3.0194191828139013e-16,0.483,0.481,0.059,,,,,,,,,,,0,1.64,3.763953290042603e-16,3.0194191828139013e-16,9.878603041976748e-16,4.729771225446631e-16,6.695901008973401e-16,3.8168976281787795e-16,,0.0,0.483,,1.64,0,2.033845734099275e-15,6.786481824230011e-16
2CXO J084245.5-480520,43.0, 08 42 26.84,-48 07 04.72,130.6897083333333,-48.08904722222223,0.88,0.74,28.5,5.16,False,False,False,False,False,2.596470154108146e-14,7.565829217548367e-15,2.2917226954734337e-15,1.0231864009484077e-15,1.9950000000000003e-15,5.650000000000001e-16,2.1677978845608028e-14,7.475000758396133e-15,0.349,0.623,0.944,,,,,,,,,,,0,3.76,9.504093694917683e-15,5.0914846611447875e-15,1.9393403279171765e-15,6.117558673517031e-16,1.826998214509496e-15,9.329079231107367e-16,2.8813270712981325,1.0,0.349,0.91,3.76,0,1.3270432237344356e-14,5.21227191241158e-15
2CXO J084210.3-480749,44.0, 08 42 26.84,-48 07 04.72,130.54291666666663,-48.1305,0.83,0.8,120.3,3.03,False,False,False,False,False,3.8569325550576275e-15,1.3024369418895669e-15,2.6519248109126306e-15,1.0856817796078133e-15,8.160390207536e-16,6.567171984979466e-16,3.889687233913969e-16,2.938700090571799e-16,0.881,0.96,0.648,,,,,,,,,,,0,2.32,9.26548769577878e-16,5.192197486684749e-16,8.160390207536e-16,6.567171984979466e-16,2.9168152865993074e-15,1.0988247143468385e-15,,0.0,0.881,,2.32,0,4.659403076930785e-15,1.3814059428964957e-15
2CXO J084209.8-480754,45.0, 08 42 26.84,-48 07 04.72,130.54091666666665,-48.13186388888889,1.61,1.0,38.8,2.15,False,False,False,False,False,4.287576222931291e-15,1.5872994337048319e-15,1.0454888484462798e-15,8.091236016342273e-16,1.4808737448501182e-16,1.1188158703797454e-16,3.0939999999999998e-15,1.361e-15,,,0.454,,,,,,,,,,,0,1.64,3.02313142854168e-15,1.6111689256437554e-15,2.778289745623078e-16,1.516767401383751e-16,1.3673658810836199e-15,7.768895782389879e-16,0.20668066703245652,1.0,,0.351,1.64,0,4.668326284187608e-15,1.7951124079665344e-15
2CXO J084235.6-480343,46.0, 08 42 26.84,-48 07 04.72,130.6485833333333,-48.062,0.82,0.76,28.8,5.29,False,False,False,False,False,8.160339618987012e-15,1.889298516453016e-15,3.108e-15,1.255e-15,1.6740000000000002e-15,5.810000000000001e-16,3.378339618987011e-15,1.2871918599305883e-15,0.74,0.894,0.07,,,,,,,,,,,0,4.26,3.4351607370350863e-15,1.2968991666536418e-15,1.6986702943881664e-15,5.679691197772148e-16,3.163763448305898e-15,1.2380659588958887e-15,0.6540500480438641,1.0,0.74,0.581,4.26,0,8.29759447972915e-15,1.880782732817433e-15
2CXO J084211.6-480836,47.0, 08 42 26.84,-48 07 04.72,130.54862499999996,-48.14346944444444,1.13,0.79,122.7,5.14,False,False,False,False,False,5.9479988512845304e-15,1.4743676457009551e-15,1.8758930793246736e-15,8.471295674928932e-16,1.455e-15,5.419999999999999e-16,2.6171057719598567e-15,1.078131462563393e-15,0.385,0.293,0.211,,,,,,,,,,,0,4.19,2.935304308281102e-15,1.1714980264069596e-15,1.4987520561647801e-15,5.599312670019249e-16,1.4353688212064946e-15,6.730978281018066e-16,0.0012658086619451359,1.0,0.385,0.028,4.19,0,5.869425185652377e-15,1.462529088885808e-15
2CXO J084246.7-480526,48.0, 08 42 26.84,-48 07 04.72,130.69491666666664,-48.09065277777778,0.73,0.72,36.1,10.88,False,False,False,False,False,3.755719866929279e-14,5.508436150737114e-15,7.728202115439197e-15,2.189500025891808e-15,8.802404230878394e-15,1.4870001524952545e-15,2.10265923229752e-14,4.830920099716655e-15,0.657,0.869,0.995,,,,,,,,,,,0,8.06,1.5901333072107668e-14,3.4574790287234094e-15,1.0843555140057408e-14,1.3030859275279477e-15,9.366560988955649e-15,1.9979892739779097e-15,0.7592506140737745,1.0,0.657,0.616,8.06,0,3.6111449201120726e-14,4.200494650337543e-15
2CXO J084238.0-480947,49.0, 08 42 26.84,-48 07 04.72,130.65854166666665,-48.16320277777778,1.05,0.92,170.3,1.9,False,False,False,False,False,2.287056013190105e-15,1.438003796761651e-15,6.644560131901053e-16,6.436106583183062e-16,3.636e-16,2.618e-16,1.259e-15,1.259e-15,,,0.238,,,,,,,,,,,0,1.78,1.456957598564562e-15,1.0410387676220197e-15,4.782799553591936e-16,3.153965865335992e-16,1.3076924567595603e-15,7.14127133625625e-16,1.5233709488736231,1.0,,0.783,1.78,0,3.2429300106833157e-15,1.3012356763743342e-15
2CXO J084239.2-480355,50.0, 08 42 26.84,-48 07 04.72,130.66374999999996,-48.06554444444444,0.79,0.73,26.3,7.42,False,False,False,False,False,2.3630949071343207e-14,3.663031692520309e-15,1.914446539662337e-14,3.5207794027768074e-15,3.819202115439197e-15,8.595000659570815e-16,6.672815592806365e-16,5.321402202526711e-16,0.773,0.397,0.022,,,,,,,,,,,0,6.06,9.69588404576022e-16,5.698749784357469e-16,3.661267234426431e-15,8.404082110639568e-16,1.9740008239509898e-14,3.584986871275643e-15,0.4167769082451499,1.0,0.773,0.481,6.06,0,2.437086387851235e-14,3.7260131936816306e-15
2CXO J084217.8-480352,51.0, 08 42 26.84,-48 07 04.72,130.57424999999995,-48.06469166666666,0.84,0.77,167.1,4.55,False,False,False,False,False,5.2890413898115666e-15,1.4499897111536623e-15,1.2681165788989362e-15,8.341890600969893e-16,1.4382021154391973e-15,4.875001162873991e-16,2.5827226954734335e-15,1.0811764014654385e-15,0.932,0.954,0.673,,,,,,,,,,,0,3.82,2.6920773143364913e-15,1.1445099077550345e-15,1.4128358068874036e-15,5.312441583730197e-16,1.357736756205981e-15,8.39051084583528e-16,0.03306670939424764,1.0,0.932,0.144,3.82,0,5.462649877429876e-15,1.5152986528390008e-15
2CXO J084247.0-480516,52.0, 08 42 26.84,-48 07 04.72,130.69608333333332,-48.08785833333334,1.14,0.89,32.6,2.05,False,False,False,False,False,2.409562879804512e-15,9.584157296353572e-16,1.741015406307791e-15,8.886797617909427e-16,3.012014217030817e-16,2.2756087880838033e-16,3.6734605179363927e-16,2.7753385060497565e-16,,,0.288,,,,,,,,,,,0,1.58,8.62805170946314e-16,4.946990007460144e-16,2.202503234713134e-16,1.2520003761611898e-16,1.6636944985607615e-15,8.622823919202147e-16,1.217421403452978,1.0,,0.73,1.58,0,2.746749992978389e-15,1.001964607246099e-15
2CXO J084232.0-481014,53.0, 08 42 26.84,-48 07 04.72,130.633625,-48.17055833333333,0.85,0.77,97.3,4.06,False,False,False,False,False,6.8103884993248046e-15,1.8214289711018796e-15,5.903e-15,1.7709999999999998e-15,6.030753278345921e-16,3.581941416490287e-16,3.0431317149021286e-16,2.2991183888083775e-16,0.635,0.647,0.088,,,,,,,,,,,0,3.28,7.318159362020187e-16,4.053575925579966e-16,4.58125026922705e-16,2.378511293335895e-16,5.798236873389586e-15,1.8042822684249684e-15,0.5879719793353896,1.0,0.635,0.557,3.28,0,6.9881778365143095e-15,1.86448986098676e-15
2CXO J084212.1-480914,54.0, 08 42 26.84,-48 07 04.72,130.55075,-48.15405,2.0,1.27,20.0,2.2,False,False,False,False,False,2.4079577299537418e-15,9.190472850456984e-16,6.008868627406379e-16,4.539764180942813e-16,1.0857180961047226e-15,5.685500807650848e-16,7.213527711083814e-16,5.61519482855378e-16,,,0.449,,,,,,,,,,,0,2.05,8.31116636747329e-16,4.773091354802246e-16,1.0857180961047226e-15,5.685500807650848e-16,1.0009898793354978e-15,5.911275236545536e-16,,0.0,,,2.05,0,2.9178246121875497e-15,9.48949395053724e-16
2CXO J084231.0-481030,55.0, 08 42 26.84,-48 07 04.72,130.6295833333333,-48.17523333333333,0.73,0.73,93.6,9.94,False,False,False,False,False,3.8771894921776264e-14,4.464477380293602e-15,3.0594465396623375e-14,3.71073949543988e-15,5.166202115439197e-15,9.435000600849095e-16,3.011227409713692e-15,2.2960353465823597e-15,0.858,0.516,0.879,,,,,,,,,,,0,8.73,1.7403299996688656e-15,1.2004594899029919e-15,5.718358481176714e-15,1.0188548631050846e-15,3.0384251697390183e-14,3.725212699006237e-15,3.960028119092005,1.0,0.858,0.953,8.73,0,3.7842940178235763e-14,4.044301901664658e-15
2CXO J084245.2-480919,56.0, 08 42 26.84,-48 07 04.72,130.68862499999997,-48.15541944444444,0.87,0.79,118.4,4.0,False,False,False,False,False,5.320819723675222e-15,1.5756217727950525e-15,4.0588387608041763e-16,3.066495868869485e-16,1.2127337321556072e-15,4.907745290738501e-16,3.702202115439197e-15,1.4655000386831208e-15,0.713,0.916,0.646,,,,,,,,,,,0,2.86,2.548493724936863e-15,1.258510791803612e-15,1.1141662844049279e-15,4.475206973030245e-16,7.097085912558278e-16,3.8996057186810385e-16,3.186855248535876,1.0,0.713,0.926,2.86,0,4.372368600597619e-15,1.3914716796300376e-15
2CXO J084250.6-480610,57.0, 08 42 26.84,-48 07 04.72,130.71112499999998,-48.10302777777778,0.86,0.75,43.2,5.85,False,False,False,False,False,7.439881123670125e-15,2.2756932673470264e-15,3.2969999999999997e-15,1.333e-15,2.309095194763871e-15,8.186402414742117e-16,1.833785928906254e-15,1.6527912760199425e-15,0.911,0.746,0.926,,,,,,,,,,,0,4.32,2.1379013623719904e-15,1.2547633281005889e-15,2.68781249971448e-15,7.000868549243535e-16,3.956938503351566e-15,1.1704724561251257e-15,1.5024798900571195,1.0,0.911,0.78,4.32,0,8.782652365438035e-15,1.8532561572895216e-15
2CXO J084208.1-480825,58.0, 08 42 26.84,-48 07 04.72,130.53395833333332,-48.140544444444444,0.75,0.74,139.3,5.15,False,False,False,False,False,6.413701541081463e-15,1.4253305679892173e-15,1.851e-15,7.990000000000001e-16,2.369e-15,5.920000000000002e-16,2.1937015410814623e-15,1.0211279195303912e-15,0.513,0.388,0.078,,,,,,,,,,,0,4.32,2.4196518223871032e-15,1.0222618240300595e-15,2.3644915733019347e-15,6.688630983232916e-16,1.7370706442560055e-15,7.767265701903715e-16,0.31125984172705146,1.0,0.513,0.423,4.32,0,6.5212140399450426e-15,1.4476537037591536e-15
2CXO J084214.7-480350,59.0, 08 42 26.84,-48 07 04.72,130.56154166666664,-48.0639,0.77,0.74,148.7,7.32,False,False,False,False,False,2.125075442706139e-14,3.4957211063387393e-15,1.1382819038952775e-14,2.6945017041743427e-15,3.8477332726694194e-15,1.037716847759288e-15,6.0202021154391974e-15,1.9705000287694057e-15,0.999,0.943,1.0,,,,,,,,,,,0,6.83,3.138451831724314e-15,1.1135273613722141e-15,2.7537389534454276e-15,7.097335283044554e-16,5.949978131980119e-15,1.5706397769073772e-15,11.256482430912682,1.0,0.999,0.999,6.83,0,1.184216891714986e-14,2.0519683658691504e-15
2CXO J084209.7-480857,60.0, 08 42 26.84,-48 07 04.72,130.54054166666663,-48.14939444444445,0.75,0.73,126.9,6.15,False,False,False,False,False,9.93625408244675e-15,2.7171106448279368e-15,5.011413659358911e-15,1.8848068446666034e-15,2.282e-15,7.750000000000001e-16,2.6428404230878395e-15,1.7971000012618133e-15,0.868,0.982,0.973,,,,,,,,,,,0,4.65,3.608525805119155e-15,1.7405146034823331e-15,2.8280849992105702e-15,6.971531526796019e-16,5.4148735496699806e-15,1.6733538756700697e-15,5.747895057685446,1.0,0.868,0.983,4.65,0,1.1851484353999705e-14,2.5130711880976262e-15
2CXO J084227.5-481038,61.0, 08 42 26.84,-48 07 04.72,130.6149583333333,-48.17745277777777,0.72,0.72,0.0,17.53,False,False,False,False,False,1.7294669809493507e-13,1.6271847813407418e-14,3.827063463175914e-14,4.921036905011678e-15,3.24e-14,3.009999999999998e-15,1.0227606346317592e-13,1.521500335334189e-14,0.991,0.998,0.994,,,,,,,,,,,0,15.0,8.034460907615214e-14,8.686341128623736e-15,2.6106423007145653e-14,2.1356395004783323e-15,2.0102772234776987e-14,2.7601788203240487e-15,12.955065895718901,1.0,0.991,1.0,15.0,0,1.2655380431807477e-13,9.361199997809526e-15
2CXO J084232.3-480303,62.0, 08 42 26.84,-48 07 04.72,130.63462499999997,-48.05090555555555,0.98,0.82,9.4,4.13,False,False,False,False,False,6.409863621291979e-15,2.7799328340485557e-15,4.3886362129197937e-16,3.752619909093304e-16,1.696e-15,6.06e-16,4.2749999999999995e-15,2.687e-15,0.879,0.91,0.046,,,,,,,,,,,0,3.43,2.550148696942115e-15,1.8673043861461894e-15,1.8470659188213174e-15,6.400919144718012e-16,5.575410499282186e-16,3.54405200763074e-16,3.293616728068294,1.0,0.879,0.93,3.43,0,4.954755665691651e-15,2.005528951628694e-15
2CXO J084210.6-480913,63.0, 08 42 26.84,-48 07 04.72,130.5444583333333,-48.153638888888885,0.72,0.72,112.1,12.35,False,False,False,False,False,7.18768544554439e-14,1.0790860601445746e-14,1.41e-14,3.0799999999999996e-15,1.1619627500709564e-14,1.696505647281632e-15,4.615722695473434e-14,1.0201869490861739e-14,1.0,0.99,0.556,,,,,,,,,,,0,9.69,1.9051764827854965e-14,3.764230001154689e-15,1.1649001442195769e-14,1.3640291913081246e-15,1.585839366571378e-14,2.5930193664547737e-15,3.9571368969957863,1.0,1.0,0.953,9.69,0,4.6559159935764513e-14,4.7700893672072055e-15
2CXO J084230.6-481038,64.0, 08 42 26.66,-48 07 04.90,130.6275833333333,-48.17744166666667,1.09,0.79,80.9,2.25,False,False,False,False,False,2.7417038533744098e-15,1.2670753647310301e-15,1.640558519192562e-15,1.0746500258485605e-15,3.4443161671641003e-16,3.517959522966733e-16,7.567137174654376e-16,5.717052647996501e-16,0.584,0.415,0.125,,,,,,,,,,,0,1.9,7.567137174654376e-16,5.717052647996501e-16,3.513979872011501e-16,2.1346345192421858e-16,1.9581023637969173e-15,1.0215497603804414e-15,,0.0,0.584,,1.9,0,3.066214068463505e-15,1.189948514869605e-15
2CXO J084246.0-480926,65.0, 08 42 26.66,-48 07 04.90,130.69170833333328,-48.157288888888885,1.33,1.11,20.8,2.51,False,False,False,False,False,3.755863831666231e-15,1.7603386119087292e-15,4.647797884560803e-16,4.647500012197981e-16,3.5649999999999993e-16,2.852e-16,2.934584043210151e-15,1.6737563815988722e-15,0.138,0.09,0.389,,,,,,,,,,,0,2.32,2.948084767493699e-15,1.5917800900150444e-15,4.0608711974723633e-16,2.280181899628751e-16,8.214438368220072e-16,4.882438569397641e-16,0.1703813807861223,1.0,0.138,0.32,2.32,0,4.175615724062943e-15,1.6805172458983174e-15
2CXO J084223.2-480259,66.0, 08 42 26.84,-48 07 04.72,130.5970833333333,-48.04983055555555,0.81,0.75,169.9,5.57,False,False,False,False,False,1.7215329041791026e-14,4.599353289486229e-15,2.520722695473434e-15,1.0791767283840751e-15,3.047e-15,7.849999999999999e-16,1.1647606346317591e-14,4.4015001159175314e-15,0.353,0.109,0.887,,,,,,,,,,,0,5.09,8.735724184419496e-15,4.0917193856707845e-15,2.555635360138957e-15,7.154038864122444e-16,1.534649288200921e-15,7.440142766300951e-16,2.8119045791281305,1.0,0.353,0.906,5.09,0,1.2826008832759374e-14,4.2198966214348485e-15
2CXO J084222.6-480301,67.0, 08 42 26.66,-48 07 04.90,130.59425,-48.05027777777777,1.25,0.92,171.4,2.79,False,False,False,False,False,3.635023288749327e-15,1.358376046217626e-15,3.2733501961829965e-15,1.339713327442664e-15,7.403570839689788e-17,5.593476541623737e-17,2.8763738416943296e-16,2.1731310413356585e-16,0.005,0.093,0.782,,,,,,,,,,,0,2.7,8.369496868399834e-16,4.767098236298268e-16,2.190795445699957e-16,1.26097472663846e-16,2.838509347283504e-15,1.1966081530013512e-15,0.7697361394453506,1.0,0.005,0.62,2.7,0,3.894538578693483e-15,1.2942271440464749e-15
2CXO J084215.9-480328,68.0, 08 42 26.84,-48 07 04.72,130.56658333333328,-48.057916666666664,1.29,1.01,172.3,3.23,False,False,False,False,False,1.1499296525471084e-14,4.54740967986182e-15,6.036732556399135e-16,5.360969478493956e-16,5.344e-16,3.0329999999999997e-16,1.036122326983117e-14,4.505501522473114e-15,0.326,0.442,0.446,,,,,,,,,,,0,2.43,7.10837106241005e-15,3.777739244355813e-15,3.305781917002852e-16,2.335825256957622e-16,1.0011621642212423e-15,5.962479215923827e-16,1.9658905779250093,1.0,0.326,0.839,2.43,0,8.440111418331577e-15,3.831629702706105e-15
2CXO J084218.1-480313,69.0, 08 42 26.84,-48 07 04.72,130.57554166666665,-48.053799999999995,1.17,0.85,178.9,3.42,False,False,False,False,False,4.378744098977341e-15,1.591093935387438e-15,4.615443287204353e-16,3.8185808636066723e-16,7.611997702569061e-16,3.882516105667231e-16,3.156e-15,1.495e-15,0.865,0.744,0.961,,,,,,,,,,,0,2.86,1.9516231579412874e-15,1.2197592924717383e-15,6.202906493229159e-16,3.397657405931547e-16,5.252778083754268e-16,3.381290818423543e-16,2.595708898889673,1.0,0.865,0.893,2.86,0,3.09719161563963e-15,1.3105665820703364e-15
2CXO J084205.0-480737,70.0, 08 42 26.84,-48 07 04.72,130.52116666666663,-48.12710277777778,1.42,0.93,129.8,2.15,False,False,False,False,False,2.3241342258726456e-15,9.637330804141021e-16,9.399080126257755e-16,7.101105039371445e-16,4.790202115439197e-16,3.0905000183433473e-16,9.052060017029504e-16,5.735962158598908e-16,,,0.152,,,,,,,,,,,0,1.68,1.327135450531808e-15,7.765648077532568e-16,3.6963728312267436e-16,2.507631225344e-16,1.2674130628256067e-15,8.080682579542784e-16,0.10727434667706849,1.0,,0.257,1.68,0,2.964185796480089e-15,1.148437788379204e-15
2CXO J084245.3-480358,71.0, 08 42 26.84,-48 07 04.72,130.68908333333331,-48.06614722222222,1.41,1.0,19.1,2.0,False,False,False,False,False,3.827077468490972e-15,2.0153368427863237e-15,2.1737808700513547e-15,1.6819964031795816e-15,1.9715727497438806e-16,1.4895441894980338e-16,1.4561393234652293e-15,1.1001287518550835e-15,,,0.55,,,,,,,,,,,0,1.63,1.5464274863392407e-15,8.279804341604037e-16,2.3754283609506584e-16,1.3522309732703654e-16,2.8504907733327087e-15,1.4455610255821318e-15,0.6667457360675483,1.0,,0.586,1.63,0,4.634461095767015e-15,1.6713717611845763e-15
2CXO J084205.0-480601,72.0, 08 42 26.84,-48 07 04.72,130.52104166666663,-48.10048611111111,1.5,0.88,130.3,2.44,False,False,False,False,False,3.1884221598533834e-15,1.8514480278423638e-15,2.6391584281966908e-15,1.8251733011223923e-15,1.7872614161984183e-16,1.3502950159755546e-16,3.705375900368507e-16,2.79945091704932e-16,0.97,0.958,0.936,,,,,,,,,,,0,2.21,3.743741094084145e-16,2.799282765039798e-16,2.0625566282846762e-16,1.3191395238086912e-16,1.219950908543105e-15,7.601261354545944e-16,1.4465043748238793,1.0,0.97,0.771,2.21,0,1.800580680779987e-15,8.207026700458378e-16
2CXO J084220.9-480300,73.0, 08 42 26.84,-48 07 04.72,130.58733333333333,-48.05021111111111,1.28,0.89,173.3,2.83,False,False,False,False,False,2.7426882659762445e-15,1.2875102013712206e-15,1.6445631185612732e-15,1.1372688582926404e-15,4.980361692351359e-16,3.9844000091059316e-16,6.000889781798351e-16,4.533736078192923e-16,0.171,0.428,0.542,,,,,,,,,,,0,2.11,7.241390878726355e-16,4.1593422252826613e-16,5.980105529807275e-16,3.4995057611677775e-16,2.0373740705796608e-15,9.849681862367123e-16,1.08799537494603,1.0,0.171,0.703,2.11,0,3.3595237114330237e-15,1.1250017827066305e-15
2CXO J084211.1-480937,74.0, 08 42 26.66,-48 07 04.90,130.54654166666666,-48.16036388888889,1.19,1.11,157.2,2.1,False,False,False,False,False,1.8661359340838413e-15,7.866010062438883e-16,1.0928404230878394e-15,6.751000033589165e-16,3.6222538527036557e-16,2.579316513202268e-16,4.1107012572563624e-16,3.105678536743776e-16,0.097,0.564,0.072,,,,,,,,,,,0,1.8,6.872337998093207e-16,4.654126584442204e-16,4.310891054642794e-16,2.8110151116502577e-16,1.1730137814525109e-15,6.4802328741920075e-16,0.8727052230507235,1.0,0.097,0.65,1.8,0,2.291336686726111e-15,8.459084957942943e-16
2CXO J084204.4-480703,75.0, 08 42 26.84,-48 07 04.72,130.51845833333329,-48.11774722222222,0.8,0.77,105.3,4.97,False,False,False,False,False,8.402567943166244e-15,1.8749653549320257e-15,6.232200966723728e-15,1.768789277035109e-15,1.8028613477367167e-15,5.565856652586723e-16,3.675056287057998e-16,2.7765441265997343e-16,0.655,0.578,0.833,,,,,,,,,,,0,3.65,8.718162764594766e-16,4.834366397771514e-16,1.8907371004792694e-15,5.962851166569043e-16,5.983534017870473e-15,1.7102479746404937e-15,1.8957023408206926,1.0,0.655,0.831,3.65,0,8.74608739480922e-15,1.874623978238695e-15
2CXO J084252.4-480742,76.0, 08 42 26.66,-48 07 04.90,130.71870833333332,-48.12860833333333,1.35,0.9,47.2,2.54,False,False,False,False,True,2.8975569321624806e-15,1.3163023748466142e-15,5.917177276144055e-16,5.748295705682542e-16,3.595573006527977e-16,2.6791026947313706e-16,1.9462819038952774e-15,1.1534500398101273e-15,0.37,0.55,0.224,,,,,,,,,,,0,2.22,2.008969535261071e-15,1.1971422636315667e-15,4.484791864196843e-16,2.911858026378369e-16,8.6951968719463e-16,6.371620201466585e-16,0.7006733689610973,1.0,0.37,0.597,2.22,0,3.326968408875385e-15,1.3870523461456397e-15
2CXO J084238.7-480303,77.0, 08 42 26.84,-48 07 04.72,130.66145833333331,-48.05108333333333,0.8,0.76,21.2,7.02,False,False,False,False,False,1.1549701541081461e-14,2.2298143060144655e-15,4.762e-15,1.459e-15,3.841903656520659e-15,8.216656716247464e-16,2.9457978845608027e-15,1.4725000384992278e-15,0.459,0.443,0.741,,,,,,,,,,,0,5.14,2.191278168460265e-15,1.3312432584486014e-15,3.6790497275422515e-15,8.140232284501808e-16,5.040622719991091e-15,1.4669481199821032e-15,2.4892227755832916,1.0,0.459,0.885,5.14,0,1.0910950615993608e-14,2.1416767301206625e-15
2CXO J084253.1-480739,78.0, 08 42 26.84,-48 07 04.72,130.72137499999997,-48.12768055555556,0.85,0.74,55.5,10.62,False,False,False,False,True,4.236507059422549e-14,5.291170588501783e-15,1.4087978845608029e-14,3.0050018865256576e-15,9.410605197602123e-15,1.5608417743518378e-15,1.886648655101534e-14,4.065737671572251e-15,0.473,0.166,0.894,,,,,,,,,,,0,9.68,1.8405001241658856e-14,3.3917723511128637e-15,8.041531872961217e-15,1.172699616279821e-15,1.0596058292994932e-14,2.145006036563454e-15,1.7709302536628666,1.0,0.473,0.817,9.68,0,3.7042591407615006e-14,4.180956226593407e-15
2CXO J084252.2-480503,79.0, 08 42 26.84,-48 07 04.72,130.71762499999997,-48.08432777777778,0.8,0.76,36.0,5.85,False,False,False,False,False,1.0472722226973578e-14,2.38029448933963e-15,6.172e-15,2.057e-15,3.63831846459504e-15,1.08816338864798e-15,6.624037623785389e-16,5.004530902959399e-16,0.515,0.73,0.947,,,,,,,,,,,0,4.42,6.722506554269917e-16,5.004149905837252e-16,2.9973752566002046e-15,7.669456620167734e-16,7.795231747820012e-15,1.942514641327326e-15,3.644762252126477,1.0,0.515,0.944,4.42,0,1.1464857659847209e-14,2.1475530128633113e-15
2CXO J084230.4-481108,80.0, 08 42 26.84,-48 07 04.72,130.62674999999996,-48.18571111111111,0.96,0.84,98.2,4.33,False,False,False,False,False,3.657629199907091e-15,1.391114615190292e-15,1.1331802718179441e-15,7.728648188138955e-16,1.432558519192562e-15,5.486500506300091e-16,1.0918904088965844e-15,1.0182646838516432e-15,0.942,0.78,0.35,,,,,,,,,,,0,3.26,1.2958219218178647e-15,1.042265746429158e-15,1.3680622460682845e-15,5.080417490607914e-16,1.2366014068746612e-15,7.768988755691868e-16,2.0224211777160415,1.0,0.942,0.845,3.26,0,3.900485574760811e-15,1.3957063329472088e-15
2CXO J084254.5-480630,81.0, 08 42 26.84,-48 07 04.72,130.72724999999997,-48.10836388888889,0.78,0.73,58.1,10.29,False,False,False,False,False,1.420415999315383e-13,3.541289868590747e-14,4.4027978845608025e-15,1.7425000325337812e-15,6.5499999999999995e-15,1.375e-15,1.310888020469775e-13,3.534326614752755e-14,1.0,0.994,1.0,,,,,,,,,,,0,7.52,1.2036033049019429e-13,2.425064598976342e-14,7.609682271133284e-15,1.195442474780028e-15,6.3549832242861006e-15,1.6536600592396206e-15,0.005749676479514625,1.0,1.0,0.06,7.52,0,1.3432499598561366e-13,2.43363412456117e-14
2CXO J084232.3-481108,82.0, 08 42 26.66,-48 07 04.90,130.6348333333333,-48.18572777777777,1.62,1.22,64.9,2.41,False,False,False,False,False,4.959421035013591e-15,2.464345917385179e-15,3.304039966284666e-16,2.496237348729809e-16,7.602191538243212e-16,4.079000222368668e-16,3.868797884560803e-15,2.417500023449892e-15,0.298,0.52,0.392,,,,,,,,,,,0,2.15,1.6279899155367426e-15,1.1084989900613254e-15,8.840952188286003e-16,4.199961000074656e-16,7.357825367855063e-16,4.188191004762673e-16,1.9027006116309213,1.0,0.298,0.832,2.15,0,3.247867671150849e-15,1.2572096777833875e-15
2CXO J084223.4-481114,83.0, 08 42 26.84,-48 07 04.72,130.59783333333328,-48.18743055555555,0.8,0.76,100.3,5.07,False,False,False,False,False,8.581168086420302e-15,2.1032359875011393e-15,2.678339618987011e-15,1.2681947343651791e-15,1.7596698094935054e-15,6.006027980852999e-16,4.143158657939785e-15,1.5667035500631358e-15,0.819,0.763,0.881,,,,,,,,,,,0,4.32,4.437097877456326e-15,1.6212642090288452e-15,1.4450649924665522e-15,5.296480413785302e-16,1.986241893830071e-15,8.841376360573972e-16,0.19557150286629427,1.0,0.819,0.342,4.32,0,7.86840476375295e-15,1.9211257227748534e-15
2CXO J084205.3-480918,84.0, 08 42 26.66,-48 07 04.90,130.52229166666663,-48.15503888888889,0.79,0.74,146.7,9.05,False,False,False,False,False,3.651119038952774e-14,4.718527627499876e-15,2.475202115439197e-14,4.1250013743055605e-15,7.005169235135771e-15,1.3902609947261154e-15,4.7539999999999995e-15,1.821e-15,1.0,1.0,1.0,,,,,,,,,,,0,9.05,2.212209120726103e-15,9.045728750425812e-16,1.0808544474003992e-15,4.3045431190363933e-16,2.5886122383812334e-15,9.630470939125938e-16,45.37799888810939,1.0,1.0,1.0,9.05,0,5.881675806507735e-15,1.3896052338677807e-15
2CXO J084225.9-481131,85.0, 08 42 26.84,-48 07 04.72,130.6079583333333,-48.19215277777777,0.79,0.76,119.5,5.5,False,False,False,False,False,1.3343754427061393e-14,3.1920059117393984e-15,4.0831480807438e-15,1.3452065131850198e-15,1.924797884560803e-15,5.945000953576271e-16,7.335808461756789e-15,2.8330003201700567e-15,1.0,1.0,0.087,,,,,,,,,,,0,4.49,5.1036120559427745e-15,2.272004267047732e-15,2.041213344093175e-15,6.339661415292376e-16,4.484895262368082e-15,1.349327864027957e-15,2.7398148611078867,1.0,1.0,0.902,4.49,0,1.1629720662404031e-14,2.7174624455051484e-15
2CXO J084221.8-481125,86.0, 08 42 26.66,-48 07 04.90,130.5909583333333,-48.190349999999995,1.62,0.91,87.1,2.1,False,False,False,False,False,2.325432760925046e-15,8.895450105400397e-16,9.896698094935055e-16,7.285847384264179e-16,9.067404230878394e-16,3.9420000575242147e-16,4.2902252834370075e-16,3.241310848616321e-16,0.298,0.611,0.715,,,,,,,,,,,0,2.1,1.2727279459235996e-15,7.027616064042937e-16,5.968060090394287e-16,3.3910215318942956e-16,1.2659166598991292e-15,6.302951284184975e-16,0.00546838139647959,1.0,0.298,0.059,2.1,0,3.1354506148621576e-15,1.0030633552481821e-15
2CXO J084202.0-480828,87.0, 08 42 26.66,-48 07 04.90,130.50841666666665,-48.14134166666667,1.28,1.15,150.3,2.16,False,False,False,False,False,3.617166451177642e-15,1.3230028735324332e-15,4.785711595695586e-16,3.6156560293845434e-16,1.7510740403718997e-15,7.215962449866614e-16,1.387521251236183e-15,1.0482870682060223e-15,0.986,0.998,,,,,,,,,,,,0,2.16,1.4745322825267395e-15,7.895302301598471e-16,8.146054711947256e-16,3.49216134681196e-16,5.773796535297815e-16,3.369134531039602e-16,0.017518770567766274,1.0,0.986,0.105,2.16,0,2.8665174072512465e-15,9.267257242250108e-16
2CXO J084245.1-480258,88.0, 08 42 26.84,-48 07 04.72,130.688,-48.04958333333333,1.61,0.84,13.6,3.19,False,False,False,False,False,6.847565990349947e-15,2.0537203461563164e-15,6.298e-15,2.028e-15,3.9724982769267965e-16,3.028872127097075e-16,1.5231616265726702e-16,1.150764814954167e-16,0.979,0.821,0.114,,,,,,,,,,,0,2.7,7.565700651082162e-16,4.3907079967814185e-16,4.81098446209464e-16,3.0794033423932304e-16,6.801803135721299e-15,2.0113111685828367e-15,0.06037810433221935,1.0,0.979,0.194,2.7,0,8.039471647038979e-15,2.081581858454643e-15
2CXO J084256.9-480630,89.0, 08 42 26.66,-48 07 04.90,130.73741666666663,-48.10834166666667,1.72,1.05,40.5,2.7,False,False,False,False,False,2.7797086779793807e-15,1.2191589392503302e-15,9.066810281674203e-16,8.52867621710237e-16,9.706202115439197e-16,5.42350001045268e-16,9.024074382680408e-16,6.817784210126574e-16,0.387,0.321,0.872,,,,,,,,,,,0,2.7,1.0278943053636535e-15,5.573084396728199e-16,8.0286985345929775e-16,4.0387613022881396e-16,1.0880982992356476e-15,6.53475962087187e-16,0.05086629133468891,1.0,0.387,0.178,2.7,0,2.918862458058599e-15,9.490729468934037e-16
2CXO J084223.7-480207,90.0, 08 42 26.84,-48 07 04.72,130.59895833333331,-48.03543055555556,0.92,0.76,169.2,6.07,False,False,False,False,False,1.585000205867418e-14,2.692777583069439e-15,1.305797884560803e-14,2.545002227508409e-15,1.971797884560803e-15,6.245000907767969e-16,8.202253285053456e-16,6.196889626887813e-16,0.932,0.906,0.067,,,,,,,,,,,0,5.03,8.690537482599849e-16,6.107398591948797e-16,1.9372177084522643e-15,6.260793935126382e-16,1.3533334613478527e-14,2.5427417404544794e-15,0.6400213326503886,1.0,0.932,0.576,5.03,0,1.6339606070190778e-14,2.688961535842417e-15
2CXO J084228.1-481136,91.0, 08 42 26.84,-48 07 04.72,130.61737499999998,-48.193549999999995,1.3,1.3,0.0,3.14,False,False,False,False,False,4.20352021154392e-15,2.387519077685003e-15,8.507808461756789e-16,6.381000142147282e-16,5.015797884560803e-16,3.009500018837054e-16,2.8511595769121606e-15,2.2809000009941707e-15,0.449,0.83,0.64,,,,,,,,,,,0,2.38,2.874072122023695e-15,2.291429193904693e-15,3.6995771694371947e-16,2.306223592694271e-16,1.0072227849774036e-15,5.989055809765618e-16,0.2851367439812635,1.0,0.449,0.407,2.38,0,4.251252623944818e-15,2.3796054963372774e-15
2CXO J084217.8-481117,92.0, 08 42 26.84,-48 07 04.72,130.57424999999995,-48.18818611111111,1.94,0.99,92.9,2.21,False,False,False,False,False,2.0271853036318404e-15,1.0147603409123376e-15,7.216067967901116e-16,5.451816127001303e-16,1.8854012171771712e-16,1.4244406797992124e-16,1.1170383851240117e-15,8.439343849847217e-16,0.344,0.228,0.977,,,,,,,,,,,0,2.21,1.1779282321831567e-15,6.848156697081528e-16,2.1653821379860755e-16,1.4000524060478162e-16,8.074846614489096e-16,5.369836304758662e-16,1.1910173539518842,1.0,0.344,0.725,2.21,0,2.2019511074306737e-15,8.814337117864679e-16
2CXO J084246.6-481035,93.0, 08 42 26.84,-48 07 04.72,130.69429166666666,-48.17646944444444,0.74,0.73,58.7,9.94,False,False,False,False,False,4.457983904462928e-14,6.6822178406200505e-15,2.415797884560803e-14,4.00500141548324e-15,1.0266275007095627e-14,1.6855684874388778e-15,1.015558519192562e-14,5.0765005471910614e-15,1.0,1.0,1.0,,,,,,,,,,,0,9.78,2.357199118141544e-15,1.3447459791019638e-15,3.0483380865430317e-15,7.688400303302297e-16,1.7891620564243953e-15,7.405204315058949e-16,34.509270985621164,1.0,1.0,1.0,9.78,0,7.194699261108971e-15,1.716923775252345e-15
2CXO J084204.8-480404,94.0, 08 42 26.84,-48 07 04.72,130.52012499999998,-48.06785555555556,1.5,0.92,156.4,3.05,False,False,False,False,False,2.661761884698274e-15,9.936132321924839e-16,6.042907535112253e-16,5.274907199190743e-16,1.1446911936285707e-15,4.831687179407526e-16,9.12779937558478e-16,6.896149545875155e-16,0.73,0.577,0.217,,,,,,,,,,,0,2.47,7.34995354076167e-16,5.207069492788878e-16,1.2597151557373374e-15,4.902387302262791e-16,7.848001121376403e-16,4.838399065158239e-16,0.7587840643218007,1.0,0.73,0.616,2.47,0,2.779510621951145e-15,8.634644143092649e-16
2CXO J084257.6-480716,95.0, 08 42 26.84,-48 07 04.72,130.7400833333333,-48.12133611111111,1.47,1.08,52.7,2.65,False,False,False,False,False,1.7714282764278812e-15,9.176804819498272e-16,7.683709775778171e-16,6.606433729764359e-16,3.873e-16,2.84e-16,6.157572988500641e-16,5.701156029210085e-16,,,0.337,,,,,,,,,,,0,2.0,9.751262475241585e-16,6.231418430633861e-16,3.5923628921202595e-16,2.294731263400653e-16,6.242813120994386e-16,4.3426623549509565e-16,1.1455226084153838,1.0,,0.716,2.0,0,1.958643848835623e-15,7.934423958800028e-16
2CXO J084225.9-480155,96.0, 08 42 26.84,-48 07 04.72,130.60824999999997,-48.03199166666666,0.77,0.72,175.5,11.99,False,False,False,False,False,3.8145954245069646e-14,5.876359375124239e-15,9.888989422804014e-15,2.512500564080671e-15,1.0070372499290436e-14,1.7635054327272347e-15,1.8186592322975196e-14,5.010887048202781e-15,0.858,0.901,0.991,,,,,,,,,,,0,9.02,2.0005763685627794e-14,3.5450210862624452e-15,1.1221953711319531e-14,1.4923051000652383e-15,1.241954856057776e-14,2.3046104635822794e-15,5.536913306447149,1.0,0.858,0.981,9.02,0,4.3647265957525087e-14,4.483902140165306e-15
2CXO J084203.7-480406,97.0, 08 42 26.84,-48 07 04.72,130.51579166666664,-48.06856388888889,0.82,0.75,147.5,7.7,False,False,False,False,False,1.5280211543919713e-14,2.416067011131174e-15,5.853211543919713e-15,1.6593416773757972e-15,4.787e-15,9.230000000000002e-16,4.64e-15,1.494e-15,0.977,0.958,0.238,,,,,,,,,,,0,6.15,4.646449862223484e-15,1.4966186898598893e-15,4.9628204183527854e-15,9.344802324796199e-16,6.035910511430709e-15,1.6731691707923602e-15,0.09661378383095699,1.0,0.977,0.244,6.15,0,1.564518079200698e-14,2.4315871117077196e-15
2CXO J084240.1-481123,98.0, 08 42 26.84,-48 07 04.72,130.66733333333332,-48.189927777777775,2.46,1.57,75.7,2.43,False,False,False,False,False,4.4828905206028046e-15,2.7926001148450847e-15,2.614643821482895e-15,2.4846657791393624e-15,1.9189123687308913e-16,1.449758711348754e-16,1.6763554622468201e-15,1.2665043877520716e-15,,,0.858,,,,,,,,,,,0,2.1,9.291005112355745e-16,5.79620487454221e-16,2.223306595225954e-16,1.4189864093277588e-16,1.2892797884985367e-15,8.088001909285064e-16,0.3073799020048783,1.0,,0.421,2.1,0,2.440710959256707e-15,1.005113368044235e-15
2CXO J084250.3-481019,99.0, 08 42 26.84,-48 07 04.72,130.70966666666664,-48.17198333333333,0.93,0.85,68.3,3.57,False,False,False,False,False,3.1353591471499898e-15,8.809972647180247e-16,6.850636839053402e-16,5.1757290210563e-16,1.913797884560803e-15,5.865000966583276e-16,5.364975786838467e-16,4.053296289026621e-16,0.882,0.962,0.562,,,,,,,,,,,0,3.2,1.1614872776368216e-15,6.521573750780737e-16,1.9041271480580696e-15,6.073482772315271e-16,1.0501693368609457e-15,6.194244349257977e-16,0.007909671149479339,1.0,0.882,0.071,3.2,0,4.115783762555837e-15,1.0852961818360787e-15
2CXO J084258.7-480726,100.0, 08 42 26.84,-48 07 04.72,130.7448333333333,-48.1241,0.74,0.72,39.8,15.46,False,False,False,False,False,8.969914233716646e-14,7.713738173581014e-15,2.250797884560803e-14,3.685001538401683e-15,2.5556380779055486e-14,2.8106535751271957e-15,4.163478271250294e-14,6.166258732259205e-15,0.406,0.695,0.989,,,,,,,,,,,0,13.18,3.20057797936335e-14,4.445899409421909e-15,2.2577819070911882e-14,2.0793728175918127e-15,2.3045934717952e-14,2.9758913969647082e-15,4.638712043334973,1.0,0.406,0.969,13.18,0,7.762953358249739e-14,5.7398381928209754e-15
2CXO J084249.6-481029,101.0, 08 42 26.84,-48 07 04.72,130.70670833333332,-48.17496111111111,2.21,1.1,59.2,2.1,False,False,False,False,False,3.1174315883339e-15,1.38425566433951e-15,2.669339618987011e-15,1.3611814295940004e-15,1.5127891272822327e-16,1.1429282813793087e-16,2.9681305661866594e-16,2.2424542229594035e-16,,,0.245,,,,,,,,,,,0,1.85,7.547066284360491e-16,4.2086227051998835e-16,2.1424447373019919e-16,1.2464396344989063e-16,2.72809055864805e-15,1.3263703352525257e-15,0.6533264211723595,1.0,,0.581,1.85,0,3.697041660814298e-15,1.397111103173128e-15
2CXO J084241.1-480206,102.0, 08 42 26.84,-48 07 04.72,130.67137499999995,-48.03519444444444,2.0,1.49,31.2,1.95,False,False,False,False,False,1.4991852022807948e-15,6.620702129256969e-16,7.169790663374549e-16,5.416853131051936e-16,5.205e-16,3.253e-16,2.6170613594333986e-16,1.977217701964205e-16,,,0.38,,,,,,,,,,,0,1.65,1.11715070894853e-15,6.011906085577541e-16,5.552122431492416e-16,3.110365657159075e-16,1.2169211770384995e-15,6.576466311893189e-16,0.032608452501128316,1.0,,0.143,1.65,0,2.889284129136271e-15,9.437547268994464e-16
2CXO J084244.4-481115,103.0, 08 42 26.84,-48 07 04.72,130.68520833333332,-48.187752777777774,0.83,0.77,59.1,6.5,False,False,False,False,False,1.257448769973081e-14,2.4749388262845414e-15,4.2051692351357714e-15,1.5712309293852538e-15,4.2753184645950395e-15,9.021970740330826e-16,4.094e-15,1.686e-15,0.756,0.728,0.791,,,,,,,,,,,0,5.75,1.2338890479592438e-15,7.299822739793375e-16,4.099241977399554e-15,8.751146869707973e-16,4.6609247422530064e-15,1.5567301855469785e-15,3.810080307722628,1.0,0.756,0.949,5.75,0,9.994055767611805e-15,1.9292767313864466e-15
2CXO J084257.2-480430,104.0, 08 42 26.66,-48 07 04.90,130.73837499999996,-48.07505833333334,1.47,0.93,16.9,2.62,False,False,False,False,False,1.553637240915376e-15,5.664098876876733e-16,3.798728393982442e-16,2.869979719223043e-16,8.42722097240023e-16,4.194035314633685e-16,3.3104230427710885e-16,2.5010598309297217e-16,0.383,0.702,0.502,,,,,,,,,,,0,2.42,1.1058040553326013e-15,6.301450664445378e-16,9.608319832534518e-16,4.421391543816786e-16,9.696770916825144e-16,5.389840409742928e-16,0.42627233977469436,1.0,0.383,0.486,2.42,0,3.0363131302685678e-15,9.397199758580825e-16
2CXO J084156.1-480729,105.0, 08 42 26.84,-48 07 04.72,130.48379166666663,-48.124852777777775,0.97,0.83,131.2,5.03,False,False,False,False,False,1.0004892524335781e-14,2.2888126171881776e-15,9.329870776217233e-15,2.262410577602909e-15,3.663202115439197e-16,2.564500022105718e-16,3.087015365746286e-16,2.332272953932777e-16,0.341,0.742,0.339,,,,,,,,,,,0,4.0,9.664472930736554e-16,5.276089244911261e-16,4.2557721125727523e-16,2.7478757325483666e-16,9.724250375141606e-15,2.2479526145612988e-15,0.7422135476106051,1.0,0.341,0.611,4.0,0,1.1116274879472537e-14,2.3253323084950556e-15
2CXO J084155.7-480653,106.0, 08 42 26.84,-48 07 04.72,130.48233333333332,-48.11485277777778,0.89,0.8,129.3,4.9,False,False,False,False,False,9.79043940861276e-15,3.274018810248488e-15,3.2952632361158343e-16,2.489606435704929e-16,2.605797884560803e-15,6.895000822191595e-16,6.855115200440373e-15,3.1908944520986063e-15,0.619,0.564,0.448,,,,,,,,,,,0,4.26,6.240525586001442e-15,2.8507137068600952e-15,2.7354251430452307e-15,7.077592149654202e-16,6.956736949632045e-16,3.716636902058415e-16,1.0652972027714356,1.0,0.619,0.698,4.26,0,9.671624424009877e-15,2.96067992925036e-15
2CXO J084259.5-480851,107.0, 08 42 26.84,-48 07 04.72,130.7480833333333,-48.14758888888889,1.18,0.91,61.9,4.19,False,False,False,False,False,1.1733952101247943e-14,2.8379241820441964e-15,1.057239365368241e-14,2.7985001823158866e-15,9.57619153824321e-16,4.455000203600853e-16,2.039392937412124e-16,1.5407830628721063e-16,0.553,0.538,0.749,,,,,,,,,,,0,3.29,1.1539500012998015e-15,6.394086260950313e-16,1.0693124658500453e-15,4.591500014267851e-16,1.0796013057138059e-14,2.784262188957861e-15,0.9250815831908865,1.0,0.553,0.664,3.29,0,1.3019275524287906e-14,2.893402504283732e-15
2CXO J084248.0-481122,108.0, 08 42 26.84,-48 07 04.72,130.70037499999995,-48.18946388888889,1.02,0.87,57.3,3.69,False,False,False,False,False,5.208206710301075e-15,1.6431344005471195e-15,4.389e-15,1.5960000000000001e-15,5.200797884560804e-16,3.187500017785134e-16,2.9912692184499425e-16,2.259935720934087e-16,0.553,0.89,0.422,,,,,,,,,,,0,2.97,5.026751617476064e-16,2.835286860639893e-16,3.684861452298553e-16,2.261256141730976e-16,4.821095123965153e-15,1.577445506987905e-15,0.3998697643821271,1.0,0.553,0.473,2.97,0,5.6922564309426144e-15,1.6185968110442642e-15
2CXO J084256.5-481004,109.0, 08 42 26.84,-48 07 04.72,130.73566666666665,-48.16778333333333,0.94,0.83,64.8,5.03,False,False,False,False,False,2.123624925784178e-14,9.686313943939098e-15,2.6295311572302223e-15,1.215179342152844e-15,2.0137978845608026e-15,6.375000889256625e-16,1.6592920216050754e-14,9.588618806875877e-15,0.924,0.631,0.512,,,,,,,,,,,0,4.43,1.704722463665685e-14,8.953158677212743e-15,1.415603760044264e-15,5.341712114002344e-16,2.6794095248984077e-15,1.19974877130626e-15,0.763880851780774,1.0,0.924,0.618,4.43,0,2.114223792159952e-14,9.048966034674321e-15
2CXO J084251.6-481101,110.0, 08 42 26.66,-48 07 04.90,130.715375,-48.18386388888889,1.1,0.87,69.6,2.77,False,False,False,False,False,3.6831561649966035e-15,1.5840407799789035e-15,2.3548608882505294e-15,1.4384748154912123e-15,5.812359624663512e-16,3.48447021634259e-16,7.470593142797229e-16,5.644112604722822e-16,0.952,0.593,0.309,,,,,,,,,,,0,2.54,6.860597295366131e-16,4.935678298436271e-16,6.353131491859643e-16,3.600584158462911e-16,2.560862791223481e-15,1.4728102788581054e-15,0.5376355890670985,1.0,0.952,0.537,2.54,0,3.882235669946058e-15,1.5944972194984782e-15
2CXO J084155.8-480838,111.0, 08 42 26.84,-48 07 04.72,130.48258333333334,-48.144041666666666,0.75,0.73,140.2,13.46,True,False,False,False,False,6.693003173158795e-14,7.046022536573725e-15,4.7489999999999995e-14,4.729999999999999e-15,7.741202115439196e-15,1.1815000479814745e-15,1.169882961614876e-14,5.087002184246102e-15,0.698,0.568,0.239,,,,,,,,,,,0,10.74,8.65414320254343e-15,4.308002231805205e-15,7.839132971114182e-15,1.1842532270457e-15,4.78244834823587e-14,4.762267005141338e-15,1.3907556079379635,1.0,0.698,0.762,10.74,0,6.43177596560163e-14,6.529971360064655e-15
2CXO J084222.2-481229,112.0, 08 42 26.84,-48 07 04.72,130.592625,-48.20831944444445,2.02,1.47,135.1,2.24,False,False,False,False,False,2.230327739091017e-14,1.4009989300504409e-14,3.381626351994093e-15,2.329778603263873e-15,6.421157509224317e-16,3.538957544628278e-16,1.8279535287993648e-14,1.3810383399999981e-14,,,0.262,,,,,,,,,,,0,1.74,1.8279535287993648e-14,1.3810383399999981e-14,7.323605716777135e-16,3.756263102065415e-16,3.812350166892811e-15,2.3989952847683204e-15,,0.0,,,1.74,0,2.2824246026564175e-14,1.4022231033478768e-14
2CXO J084257.2-480335,113.0, 08 42 26.84,-48 07 04.72,130.73837499999996,-48.059891666666665,0.9,0.77,11.8,7.75,False,False,False,False,False,1.626997011086363e-14,5.294067666881756e-15,1.5683989422804012e-15,1.1897500119121902e-15,1.9777978845608028e-15,7.99500070906956e-16,1.2723773284022425e-14,5.09631700419995e-15,0.27,0.134,1.0,,,,,,,,,,,0,6.2,1.6678733878379196e-14,4.677810831674506e-15,2.8158237777912046e-15,7.49132207086724e-16,2.315012059919499e-15,1.1629581853471984e-15,11.766699340267358,1.0,0.27,0.999,6.2,0,2.18095697160899e-14,4.878071850792279e-15
2CXO J084220.7-481231,114.0, 08 42 26.66,-48 07 04.90,130.5865833333333,-48.20869722222223,1.25,0.9,84.8,3.46,False,False,False,False,False,6.851161592341818e-15,2.256571805497674e-15,5.280797884560802e-15,2.1605000262393485e-15,9.531202115439197e-16,4.548500012463475e-16,6.172434962370967e-16,4.663340287315577e-16,0.636,0.21,0.115,,,,,,,,,,,0,2.97,1.3218867860186118e-15,7.299821427814545e-16,9.925191413292734e-16,4.7554741011598965e-16,5.587736451686006e-15,2.251840885626284e-15,0.06325768763686046,1.0,0.636,0.199,2.97,0,7.90214237903389e-15,2.4144992528940646e-15
2CXO J084217.0-480116,115.0, 08 42 26.84,-48 07 04.72,130.57124999999996,-48.021169444444446,1.4,1.02,163.8,3.74,False,False,False,False,False,5.9696900404062675e-15,1.7838900562118456e-15,4.551e-15,1.7070000000000001e-15,1.1663989422804014e-15,4.817500294188438e-16,2.52291098125866e-16,1.9060860895154929e-16,0.53,0.786,0.133,,,,,,,,,,,0,3.18,5.415916768782967e-16,3.2790372479744846e-16,1.2661705585078336e-15,4.912890928295933e-16,3.89445010043497e-15,1.5285829389473891e-15,0.9927300227803602,1.0,0.53,0.681,3.18,0,5.7022123358211005e-15,1.638734763990318e-15
2CXO J084241.6-481217,116.0, 08 42 26.84,-48 07 04.72,130.6735833333333,-48.20485555555556,0.9,0.79,60.4,6.55,False,False,False,False,False,1.2994e-14,3.004815634943349e-15,4.0900000000000006e-15,1.6360000000000002e-15,4.4659999999999996e-15,9.61e-16,4.438e-15,2.3300000000000004e-15,0.919,0.989,0.915,,,,,,,,,,,0,5.72,2.052891633380216e-15,1.2893013977286513e-15,4.1712695729187756e-15,8.999497509492598e-16,2.0072183781139852e-15,9.06645979489471e-16,0.8125285786084153,1.0,0.919,0.633,5.72,0,8.231379584412977e-15,1.8149971296239317e-15
2CXO J084251.4-481119,117.0, 08 42 26.66,-48 07 04.90,130.714375,-48.188741666666665,1.36,1.16,68.2,3.13,False,False,False,False,False,5.2186704942159535e-15,1.7354679425618498e-15,4.053e-15,1.6539999999999999e-15,8e-16,4.47e-16,3.656704942159532e-16,2.762679490274985e-16,0.379,0.441,0.83,,,,,,,,,,,0,3.09,1.1208815988531967e-15,6.146022495085195e-16,4.912275709783465e-16,2.522326566392295e-16,2.8467782724621126e-15,1.328423263307352e-15,2.754891048275485,1.0,0.379,0.903,3.09,0,4.458887442293656e-15,1.48528300490929e-15
2CXO J084223.7-480054,118.0, 08 42 26.84,-48 07 04.72,130.59879166666664,-48.01526388888889,1.05,0.95,179.5,3.94,False,False,False,False,False,1.1827205336349344e-14,4.25265963529031e-15,6.3799999999999995e-15,3.272e-15,2.4698825021286885e-15,7.346173843071161e-16,2.9773228342206566e-15,2.61523751737797e-15,0.296,0.569,0.949,,,,,,,,,,,0,3.94,1.8489877547202373e-15,1.2523307702395033e-15,2.6561467887416167e-15,7.445006499509116e-16,7.68319268930003e-15,3.3074019585684183e-15,3.4671226423498642,1.0,0.296,0.937,3.94,0,1.2188327232761885e-14,3.614072673786211e-15
2CXO J084237.7-481241,119.0, 08 42 26.66,-48 07 04.90,130.65724999999998,-48.21141388888889,1.16,0.98,81.0,3.32,False,False,False,False,False,4.1382697094839676e-15,1.3668505225935779e-15,2.2915205800342367e-15,1.168657615539974e-15,1.1897709820846511e-15,5.061150609001981e-16,6.569781473650794e-16,4.963539804260142e-16,0.343,0.107,0.219,,,,,,,,,,,0,2.97,4.2116661961085133e-16,3.0290141366080566e-16,1.3003456676884917e-15,5.291843129448293e-16,1.6829524142784978e-15,8.225835463067763e-16,0.23779935971459065,1.0,0.343,0.374,2.97,0,3.404464701577841e-15,1.0239282172687878e-15
2CXO J084232.6-480046,120.0, 08 42 26.84,-48 07 04.72,130.636,-48.01291666666667,1.48,0.91,0.9,3.87,False,False,False,False,False,4.319807308534486e-15,1.4757940092467139e-15,1.6204727529092074e-15,1.2727765409744473e-15,2.388e-15,7.09e-16,3.113345556252781e-16,2.3521656930074174e-16,0.75,0.537,0.783,,,,,,,,,,,0,3.09,1.0415447085170522e-15,5.638000388535383e-16,2.0740515774729945e-15,6.433270737755116e-16,1.4392164620968031e-15,7.922281716537312e-16,0.15247361967222664,1.0,0.75,0.304,3.09,0,4.55481274808685e-15,1.165918386348559e-15
2CXO J084152.4-480745,121.0, 08 42 26.84,-48 07 04.72,130.4685,-48.12929166666667,0.99,0.83,130.8,5.5,False,False,False,False,False,5.865602891157515e-15,1.5447849510444634e-15,3.0539459653046023e-15,1.3477002831726932e-15,2.2899999999999997e-15,6.44e-16,5.216569258529134e-16,3.94117357787865e-16,0.683,0.882,0.082,,,,,,,,,,,0,4.49,1.5738674210141664e-15,8.529683711691409e-16,2.4264369498825147e-15,6.604056865879097e-16,3.3298417946595396e-15,1.342721138227681e-15,0.3425401843844511,1.0,0.683,0.442,4.49,0,7.330146165556221e-15,1.7223793914628754e-15
2CXO J084152.6-480826,122.0, 08 42 26.84,-48 07 04.72,130.4693333333333,-48.140633333333334,1.12,0.86,107.2,4.0,False,False,False,False,False,3.3533738164771468e-15,1.2260531897135692e-15,8.49279094719965e-16,7.474516308987269e-16,1.5290797884560803e-15,6.339500008942362e-16,9.750149333011014e-16,7.366341560366642e-16,0.677,0.666,0.958,,,,,,,,,,,0,4.0,1.1723795462390946e-15,6.956576175830239e-16,1.3716069736119538e-15,4.876992229649701e-16,9.75193288999055e-16,5.652290010063438e-16,0.4110713282164594,1.0,0.677,0.479,4.0,0,3.5191798088501033e-15,1.0204282809490111e-15
2CXO J084304.9-480455,123.0, 08 42 26.66,-48 07 04.90,130.77049999999997,-48.08201944444445,1.78,0.99,35.3,4.0,False,False,False,False,False,6.303385369410527e-15,2.0450056185407963e-15,3.2029999999999998e-15,1.797e-15,2.5969999999999998e-15,8.99e-16,5.033853694105278e-16,3.803130024906149e-16,1.0,1.0,0.999,,,,,,,,,,,0,4.0,5.974747696620925e-16,3.662370174352914e-16,8.67670620689775e-16,3.644182473475369e-16,3.4587245573234497e-15,1.5716961537308393e-15,0.005894091609813313,1.0,1.0,0.061,4.0,0,4.923869947675317e-15,1.6544361612319958e-15
2CXO J084301.2-481011,124.0, 08 42 26.84,-48 07 04.72,130.75520833333331,-48.16979722222222,0.97,0.8,70.1,7.21,False,False,False,False,False,1.3241478942452241e-14,2.5164482069826994e-15,5.923413659358911e-15,1.951796311529991e-15,5.833202115439197e-15,1.1245000504136171e-15,1.4848631676541326e-15,1.1218299217546909e-15,0.803,0.644,0.211,,,,,,,,,,,0,5.83,3.2734605901200576e-15,1.8299514901573042e-15,5.8497821064834835e-15,1.109332017670027e-15,6.173888189877883e-15,1.9298834463418266e-15,0.020264031422229822,1.0,0.803,0.113,5.83,0,1.5297130886481424e-14,2.8816297642516462e-15
2CXO J084233.1-481314,125.0, 08 42 26.66,-48 07 04.90,130.63824999999997,-48.22083333333334,1.75,1.13,80.5,3.63,False,False,False,False,False,4.730648871324126e-15,1.8049415836538394e-15,2.5663501961829963e-15,1.5246874432904256e-15,1.0504518282603298e-15,4.743217462668525e-16,1.1138468468808001e-15,8.415231438847654e-16,0.957,0.995,0.756,,,,,,,,,,,0,3.41,1.947928422543391e-15,1.458724777574813e-15,1.127248324364115e-15,4.770117605956397e-16,2.961432804746515e-15,1.502942764593019e-15,1.2963351066090236,1.0,0.957,0.745,3.41,0,6.036609551654021e-15,2.14808173729487e-15
2CXO J084244.9-481243,126.0, 08 42 26.84,-48 07 04.72,130.68745833333332,-48.21203055555556,1.11,0.87,80.3,4.19,False,False,False,False,False,3.4458318865386956e-15,1.3787474210745217e-15,8.912370544168007e-16,6.733390771628102e-16,1.1973931941962209e-15,6.294078362026584e-16,1.357201637925674e-15,1.0253802777564368e-15,0.994,0.938,0.977,,,,,,,,,,,0,3.7,1.7014034994862746e-15,9.846455706267633e-16,1.4876922526095545e-15,5.55315654806887e-16,1.0808458559554279e-15,6.60291256947101e-16,4.201035175529875,1.0,0.994,0.96,3.7,0,4.269941608051257e-15,1.3091550405621516e-15
2CXO J084210.3-480104,127.0, 08 42 26.84,-48 07 04.72,130.5429583333333,-48.017916666666665,2.42,1.45,156.4,2.15,False,False,False,False,False,2.5395976561592162e-15,1.0151083567347313e-15,9.90174739956356e-16,7.48087551261457e-16,8.689869627501764e-16,4.544614816586619e-16,6.804359534526836e-16,5.140766025106933e-16,0.672,0.38,0.896,,,,,,,,,,,0,2.15,1.4464025256298259e-15,8.177017873284044e-16,9.439087821266168e-16,4.581741946779919e-16,9.152579891078174e-16,5.894626071136815e-16,2.550627919882032,1.0,0.672,0.89,2.15,0,3.30556929686426e-15,1.1072605704413719e-15
2CXO J084221.3-480025,128.0, 08 42 26.66,-48 07 04.90,130.58891666666665,-48.00705833333333,2.3,1.37,10.9,2.78,False,False,False,False,False,4.747879814536942e-15,1.795710311380787e-15,2.8807978845608027e-15,1.680500033734075e-15,1.5437180961047225e-15,5.825500788241164e-16,3.2336383387141663e-16,2.4724595988826906e-16,0.561,0.256,0.438,,,,,,,,,,,0,2.49,6.705951235604901e-16,3.714713685377819e-16,1.6506923587987816e-15,5.7638234192542555e-16,2.474982973701658e-15,1.5834704082326938e-15,0.622896217152472,1.0,0.561,0.57,2.49,0,4.79627045606093e-15,1.725568345640179e-15
2CXO J084208.8-480104,129.0, 08 42 26.84,-48 07 04.72,130.53666666666663,-48.01788888888889,1.12,0.86,166.1,5.36,False,False,False,False,False,5.800868460758959e-15,1.8414462847688064e-15,2.1089993107707186e-15,1.3323353549196574e-15,2.473499425642265e-15,8.766428616733498e-16,1.2183697243459755e-15,9.204912899083358e-16,0.588,0.803,0.933,,,,,,,,,,,0,4.19,1.439739867151829e-15,8.899679456957143e-16,3.1671513044391005e-15,7.901912973243726e-16,2.57029926351284e-15,1.2354959285957e-15,3.624788440624145,1.0,0.588,0.943,4.19,0,7.17719043510377e-15,1.715486933879001e-15
2CXO J084220.5-480012,130.0, 08 42 26.84,-48 07 04.72,130.58541666666665,-48.003572222222225,1.51,1.09,2.7,3.38,False,False,False,False,False,5.029235455228812e-15,1.780349124603023e-15,3.85597769689256e-15,1.7112337686260677e-15,9.95648655101534e-16,4.725634646694743e-16,1.7760910323471784e-16,1.3418556721257077e-16,0.922,0.748,0.619,,,,,,,,,,,0,2.65,4.526415593606981e-16,2.8138699787934474e-16,7.807886387018536e-16,3.678177871591328e-16,2.22543674132639e-15,1.2343231346880465e-15,3.3064518843567914,1.0,0.922,0.931,2.65,0,3.4588669393889415e-15,1.3183406873613197e-15
2CXO J084209.5-480043,131.0, 08 42 26.84,-48 07 04.72,130.53987499999997,-48.012188888888886,2.92,1.63,161.4,2.51,False,False,False,False,False,2.4839815890046535e-15,8.5078934295496e-16,5.57721308001203e-16,4.213643822173718e-16,1.255239365368241e-15,5.378500094861211e-16,6.710209156352098e-16,5.069634412658221e-16,,,0.541,,,,,,,,,,,0,2.43,1.6649266952480844e-15,1.0324973265682784e-15,1.3505563388829217e-15,5.346548456972343e-16,7.163560810343406e-16,4.499533583339135e-16,0.5005333838557111,1.0,,0.521,2.43,0,3.7318391151653465e-15,1.2467415762996526e-15
2CXO J084246.5-481303,132.0, 08 42 26.84,-48 07 04.72,130.69379166666664,-48.21757777777778,1.05,0.86,78.1,5.93,False,False,False,False,False,1.2236554563984794e-14,3.336691433135346e-15,4.2349999999999996e-15,1.7119999999999998e-15,4.439797884560803e-15,9.805000578175542e-16,3.5617566794239914e-15,2.690945067551284e-15,0.518,0.461,0.551,,,,,,,,,,,0,4.54,5.378114781191374e-15,2.8731359796181183e-15,4.065362781851621e-15,9.136852755362745e-16,3.546770170466767e-15,1.5089845073307372e-15,0.0005695775260661436,1.0,0.518,0.019,4.54,0,1.2990247733509762e-14,3.3714633890155398e-15
2CXO J084259.6-481124,133.0, 08 42 26.84,-48 07 04.72,130.7487083333333,-48.190016666666665,3.78,1.55,56.6,2.7,False,False,False,False,False,,,6.061000000000001e-15,2.3310000000000002e-15,,,5.878813443995512e-16,4.441506106119593e-16,,,0.036,,,,,,,,,,,0,2.11,1.6882498495521745e-15,1.0824454605468404e-15,4.386986360050856e-16,2.585231570888809e-16,6.611645475795717e-15,2.283337881870231e-15,0.2134009155247174,1.0,,0.356,2.11,0,8.738593961352977e-15,2.5401091080095942e-15
2CXO J084151.6-480959,134.0, 08 42 26.84,-48 07 04.72,130.46504166666665,-48.16641944444444,1.45,1.05,114.7,4.26,False,False,False,False,False,1.0466063904634766e-14,2.5960903055409147e-15,7.799668660778036e-15,2.282900558432514e-15,1.1711595769121605e-15,5.019000045180405e-16,1.4952356669445697e-15,1.129666455329549e-15,0.91,0.942,0.2,,,,,,,,,,,0,3.64,1.812599860906299e-15,1.208685005464452e-15,8.631626510468468e-16,4.282036278796991e-16,8.347674400246656e-15,2.3628257034357142e-15,0.8273259666089126,1.0,0.91,0.637,3.64,0,1.1023436912199801e-14,2.688349511164874e-15
2CXO J084251.7-481239,135.0, 08 42 26.84,-48 07 04.72,130.7158333333333,-48.21104722222223,0.9,0.79,65.9,8.97,False,False,False,False,False,4.276183351727452e-14,5.304439764184276e-15,3.857e-14,5.2099999999999975e-15,3.561105771959856e-15,8.751619567651928e-16,6.307277453146651e-16,4.765215223788732e-16,0.239,0.244,0.424,,,,,,,,,,,0,7.13,1.4425375897093594e-15,1.0677471309442927e-15,3.626878651465484e-15,8.590451085970222e-16,3.8989434548065627e-14,5.257632435721846e-15,0.47662070054825245,1.0,0.239,0.51,7.13,0,4.405885078924047e-14,5.433299298161171e-15
2CXO J084154.0-481056,136.0, 08 42 26.84,-48 07 04.72,130.47508333333332,-48.18244166666666,2.28,1.09,113.2,3.56,False,False,False,False,False,7.054799316619059e-15,2.180677843333312e-15,4.9692021154391975e-15,1.9115000296573965e-15,8.097797884560802e-16,4.152500013652044e-16,1.2758174127237817e-15,9.6389362970755e-16,0.958,0.775,0.077,,,,,,,,,,,0,3.03,1.790761465717111e-15,1.3411906845432567e-15,8.372334946545959e-16,4.253184976260902e-16,4.410884900863612e-15,1.7552860955457469e-15,1.3050357902436147,1.0,0.958,0.747,3.03,0,7.038879861235319e-15,2.2496038660050256e-15
2CXO J084254.5-481232,137.0, 08 42 26.84,-48 07 04.72,130.727375,-48.2089,2.71,1.51,73.4,2.16,False,False,False,False,False,2.6326339335161913e-15,1.4441259011844774e-15,1.4353970998288165e-15,1.3539052991215608e-15,1.0147606346317594e-15,4.8315001056009565e-16,1.8247619905561532e-16,1.3786270989000418e-16,,,0.848,,,,,,,,,,,0,1.78,7.011973244502577e-16,3.7925308096711195e-16,7.841306599902509e-16,3.390448108286371e-16,2.589486713325333e-15,1.4120282671226463e-15,0.008592954376189586,1.0,,0.074,1.78,0,4.074814697765841e-15,1.5008691183198675e-15
2CXO J084312.9-480603,138.0, 08 42 26.84,-48 07 04.72,130.80408333333332,-48.101061111111115,1.06,0.85,24.2,8.36,False,False,False,False,False,2.766608805920746e-14,4.022437141795294e-15,2.294e-14,3.87e-15,4.140520580034237e-15,1.0036835269942302e-15,5.855674791732229e-16,4.424024608144909e-16,0.493,0.369,0.647,,,,,,,,,,,0,6.52,1.6661832989286699e-15,9.651556991748997e-16,4.2699998584728e-15,9.74000493599722e-16,2.301480532996984e-14,3.6985132931171945e-15,0.46929935955045654,1.0,0.493,0.507,6.52,0,2.895098848737131e-14,3.944515567791169e-15
2CXO J084205.7-480021,139.0, 08 42 26.66,-48 07 04.90,130.52412499999997,-48.00609722222222,1.68,0.87,157.5,4.83,False,False,False,False,False,1.4994110128064972e-14,3.656456532233016e-15,8.669178663616287e-15,3.328045832898575e-15,5.2429999999999994e-15,1.275e-15,1.0819314644486854e-15,8.174107328852018e-16,0.79,0.901,0.993,,,,,,,,,,,0,4.83,1.3042367059223824e-15,7.653916049405566e-16,3.314074642419269e-15,8.232785079032788e-16,2.1837402328238576e-15,1.0507242511781784e-15,3.6965222056318305,1.0,0.79,0.945,4.83,0,6.802051581165509e-15,1.5387115592283286e-15
2CXO J084313.8-480720,140.0, 08 42 26.84,-48 07 04.72,130.80749999999998,-48.12224166666667,2.83,2.83,0.0,3.17,False,False,False,False,False,1.1998211178971604e-14,6.6590613779017976e-15,1.7545481492055011e-15,1.3255797947010022e-15,1.6823616923513578e-15,8.654000419247422e-16,8.561301337414746e-15,6.468154250632903e-15,0.995,0.978,0.945,,,,,,,,,,,0,3.03,9.561653790646083e-15,6.407286002313484e-15,1.3785473843629873e-15,6.264162409327736e-16,2.455986876148854e-15,1.280582391253336e-15,1.770500749728695,1.0,0.995,0.817,3.03,0,1.3396188051157923e-14,6.5639624071999964e-15
2CXO J084221.5-475920,141.0, 08 42 26.66,-48 07 04.90,130.5897083333333,-47.98899166666667,4.29,1.89,1.5,3.24,False,False,False,False,False,3.099616321000783e-13,2.0147876322182904e-13,6.336561740102711e-15,3.3219990369107877e-15,1.4452819038952774e-15,7.434500617647323e-16,3.021797884560803e-13,2.0145000281410342e-13,0.607,0.715,0.992,,,,,,,,,,,0,3.24,3.6375114900685284e-13,1.925654855586304e-13,6.584440986391873e-16,3.232188292677266e-16,2.2261388890689995e-15,1.1661496533486018e-15,1.065823135882445,1.0,0.607,0.698,3.24,0,3.6663573199456105e-13,1.925692878001492e-13
2CXO J084152.4-481125,142.0, 08 42 26.84,-48 07 04.72,130.46854166666665,-48.190441666666665,1.49,1.25,129.9,3.89,False,False,False,False,False,7.0565752994520825e-15,2.423026985656123e-15,4.1470000000000005e-15,2.281e-15,2.4752867330070824e-15,7.48627305247845e-16,4.3428856644499963e-16,3.2810963267656003e-16,,,0.838,,,,,,,,,,,0,3.81,6.055366961395953e-16,3.571377400837295e-16,2.1467579644047443e-15,6.877289784652991e-16,4.324943589388746e-15,2.088074607259523e-15,0.7389528739460088,1.0,,0.61,3.81,0,7.077238249933086e-15,2.2272346258746626e-15
2CXO J084239.5-481429,143.0, 08 42 26.84,-48 07 04.72,130.66466666666665,-48.241641666666666,3.87,3.87,0.0,2.16,False,False,False,False,False,8.794013374653531e-15,3.774518745809936e-15,7.64978500993388e-15,3.716505294851616e-15,4.036319153824321e-16,3.485800002602105e-16,7.405964493372197e-16,5.595284972448705e-16,,,0.814,,,,,,,,,,,0,1.9,1.6834003258599539e-15,9.518075201788318e-16,5.833619361913986e-16,3.2091809639101075e-16,8.007427522271914e-15,3.5703640932593066e-15,0.44983802705848386,1.0,,0.498,1.9,0,1.0274189784323267e-14,3.708965588745137e-15
2CXO J084216.9-475910,144.0, 08 42 26.84,-48 07 04.72,130.5707083333333,-47.986266666666666,0.96,0.85,174.2,8.41,False,False,False,False,False,3.534410414573086e-14,4.487842447214388e-15,2.8377978845608027e-14,4.245001335455944e-15,5.7309999999999994e-15,1.118e-15,1.2351253001228356e-15,9.331503056831065e-16,0.905,0.982,0.259,,,,,,,,,,,0,6.74,2.643618222663009e-15,1.7975710146367023e-15,5.773668817826346e-15,1.1153651825897076e-15,2.7487736359693652e-14,4.176280819426865e-15,0.14248814911689,1.0,0.905,0.294,6.74,0,3.5905023400183005e-14,4.681519254035822e-15
2CXO J084311.4-481014,145.0, 08 42 26.84,-48 07 04.72,130.79779166666665,-48.170586111111106,1.77,0.98,37.3,4.97,False,False,False,False,False,3.459789949411451e-13,2.4060242436922403e-13,3.001239365368241e-15,2.0578500024793406e-15,3.961797884560803e-15,1.3205000429307936e-15,3.3901595769121605e-13,2.405900000942518e-13,0.624,0.364,0.73,,,,,,,,,,,0,3.88,3.898534165585022e-13,2.350877252308756e-13,4.9433695335947735e-15,1.1682862757538059e-15,3.5383530616512537e-15,1.81344526028924e-15,0.9996195054977808,1.0,0.624,0.683,3.88,0,3.9833513915374823e-13,2.350976223417877e-13
2CXO J084141.6-480806,146.0, 08 42 26.66,-48 07 04.90,130.4235833333333,-48.135013888888885,1.74,1.15,134.0,3.88,False,False,False,False,False,1.1243320987262239e-14,3.2174144632457303e-15,7.760338470271542e-15,3.0424770391619053e-15,2.8879999999999996e-15,9.45e-16,5.949825169906967e-16,4.495156220593621e-16,0.95,0.869,0.986,,,,,,,,,,,0,3.88,6.974843890361395e-16,4.371484932495941e-16,7.562065308175834e-16,3.283542930792497e-16,2.9941011773704947e-15,1.410911301136429e-15,2.641081943651108,1.0,0.95,0.896,3.88,0,4.447792097224218e-15,1.5131378148101565e-15
2CXO J084307.8-480204,147.0, 08 42 26.84,-48 07 04.72,130.78258333333332,-48.034666666666666,1.16,0.96,11.6,7.49,False,False,False,False,False,4.192792937412124e-14,1.60639553249925e-14,1.721e-14,4.3700000000000004e-15,4.324e-15,1.2460000000000001e-15,2.039392937412124e-14,1.5407830628721062e-14,0.956,0.803,0.958,,,,,,,,,,,0,5.49,1.5100151050203068e-15,1.0692129123649556e-15,4.375733091864766e-15,9.93408509662022e-16,1.9463828517361278e-14,3.65391143584051e-15,0.4200424137188239,1.0,0.956,0.483,5.49,0,2.5349576714246352e-14,3.934608684482223e-15
2CXO J084142.3-480412,148.0, 08 42 26.66,-48 07 04.90,130.4264583333333,-48.07000277777778,2.35,1.35,149.0,3.05,True,False,False,False,False,7.16361645501372e-15,2.445846912925809e-15,5.360051737264459e-15,2.312847125817766e-15,1.050680846175679e-15,5.562000163078355e-16,7.528838715735838e-16,5.688117754797024e-16,0.08,0.019,0.618,,,,,,,,,,,0,2.97,2.885856362197075e-15,1.5828910831862224e-15,5.899632896038558e-16,2.977282785932733e-16,5.681071625051386e-15,2.2940612730715627e-15,0.1844854936468539,1.0,0.08,0.332,2.97,0,9.156891276852316e-15,2.803016845063776e-15
2CXO J084250.1-481411,149.0, 08 42 26.84,-48 07 04.72,130.70879166666666,-48.23643611111111,3.03,1.91,70.3,2.44,False,False,False,False,False,3.796468360749421e-15,1.1953202453827183e-15,9.710255104970872e-16,7.3362010466171885e-16,2.042797884560803e-15,7.355000770769693e-16,7.826449656915307e-16,5.912965987367953e-16,,,0.779,,,,,,,,,,,0,2.27,2.940996449473111e-15,1.5934641640607845e-15,1.5156712270074609e-15,6.35469837519907e-16,2.0349877291429732e-15,1.0908449757100609e-15,0.34245677396867025,1.0,,0.442,2.27,0,6.491655405623544e-15,2.0329517253430773e-15
2CXO J084300.3-481306,150.0, 08 42 26.84,-48 07 04.72,130.75133333333332,-48.21850833333333,1.33,1.03,84.2,5.29,False,False,False,False,False,8.129635302961086e-15,3.049479653728035e-15,4.783e-15,2.7499999999999997e-15,2.115499425642265e-15,9.336341397586316e-16,1.2311358773188214e-15,9.301362543081611e-16,0.653,0.563,0.991,,,,,,,,,,,0,4.49,1.2416229351575745e-15,9.301188110412239e-16,2.8821979056118174e-15,8.715632593488586e-16,3.037812143418601e-15,1.6332445182599496e-15,3.466195967242506,1.0,0.653,0.937,4.49,0,7.161632984187992e-15,2.0717700582173015e-15
2CXO J084214.8-475853,151.0, 08 42 26.66,-48 07 04.90,130.56170833333329,-47.98152777777778,1.89,1.18,2.7,3.89,False,False,False,False,False,4.53459961031702e-14,2.6321784069726225e-14,9.051519431318766e-15,3.033926075660092e-15,1.6982021154391972e-15,6.665000850564294e-16,3.459627455641224e-14,2.613785352352681e-14,0.769,0.823,0.911,,,,,,,,,,,0,3.88,3.219540783383526e-14,2.3197477642572398e-14,1.8729470998433807e-15,6.518760167677371e-16,4.180915514025988e-15,1.912283782864824e-15,1.3886481486692568,1.0,0.769,0.761,3.88,0,3.824927044770463e-14,2.3285290219043674e-14
2CXO J084320.1-480608,152.0, 08 42 26.84,-48 07 04.72,130.833875,-48.10227777777778,3.78,3.28,28.6,2.36,False,False,False,False,False,1.5552604306529943e-14,5.425011951811467e-15,9.714008279765047e-15,3.889043012117387e-15,8.885202115439198e-16,5.654500010025663e-16,4.950075815220977e-15,3.739834946032295e-15,,,0.301,,,,,,,,,,,0,2.22,5.47530222456059e-15,4.10368910414416e-15,8.418475465779927e-16,4.285105102932335e-16,1.0302930772960161e-14,3.811749339001645e-15,0.9096484745266195,1.0,,0.66,2.22,0,1.6620080544098745e-14,5.617234065292521e-15
2CXO J084136.7-480549,153.0, 08 42 26.84,-48 07 04.72,130.40295833333332,-48.09721944444445,5.14,2.06,152.1,2.22,False,False,False,False,False,1.580815382115582e-14,4.5248467935155885e-15,1.2598827318717821e-14,4.081566778433046e-15,7.151393653682409e-16,5.139500099272501e-16,2.4941871370697574e-15,1.884384919615886e-15,,,0.094,,,,,,,,,,,0,1.91,7.994803299244711e-14,6.040158955390652e-14,8.141459765557081e-16,5.207589268612669e-16,1.3507099302055835e-14,4.038050404551371e-15,,0.0,,,1.62,0,9.426927827105866e-14,6.053865757983235e-14
2CXO J084316.6-480307,154.0, 08 42 26.66,-48 07 04.90,130.81958333333333,-48.052122222222216,2.86,2.05,33.9,3.44,False,False,False,False,False,8.876146793913118e-13,6.960809663694207e-13,1.4214571168583224e-14,4.765867226286776e-15,5.207792528360303e-16,3.934542664853771e-16,8.728793289698925e-13,6.960645397124523e-13,0.836,0.803,0.287,,,,,,,,,,,0,2.8,5.386017561559994e-13,3.501348408745047e-13,6.378922372536115e-16,3.662365992051977e-16,2.781458576546192e-15,1.3243316011995307e-15,0.3248315904992397,1.0,0.836,0.431,2.8,0,5.420211069697993e-13,3.501375369446288e-13
2CXO J084203.9-475856,155.0, 08 42 26.84,-48 07 04.72,130.51649999999995,-47.98231666666667,3.84,2.22,154.3,2.61,False,False,False,False,False,3.2697396054665097e-15,1.350935736890274e-15,1.1943409019428696e-15,1.0868483790790353e-15,1.396239365368241e-15,6.168500082712334e-16,6.79159338155399e-16,5.131121060707108e-16,0.954,0.975,0.875,,,,,,,,,,,0,2.61,1.992500655025969e-15,1.0851579190665743e-15,1.2049019389108475e-15,5.712306570379821e-16,2.1055196941258037e-15,1.1506077211626632e-15,0.2615461453639045,1.0,0.954,0.391,2.61,0,5.30292228806262e-15,1.6815975442572695e-15
2CXO J084136.6-480936,156.0, 08 42 26.84,-48 07 04.72,130.40283333333332,-48.16023611111111,1.56,1.2,121.8,5.41,False,False,False,False,False,1.4600287278017682e-14,8.726013549459248e-15,2.281558519192562e-15,2.1776500127560242e-15,1.1722814444090897e-15,6.953708509438745e-16,1.114644731441603e-14,8.421259541597543e-15,1.0,0.999,0.841,,,,,,,,,,,0,4.06,1.9229102077903914e-15,1.27455746987231e-15,1.506186585438426e-15,6.137892218018736e-16,4.236895082182623e-15,2.02477462315761e-15,0.38548471264196793,1.0,1.0,0.465,4.06,0,7.66599187541144e-15,2.4700093577536292e-15
2CXO J084220.6-475749,157.0, 08 42 26.84,-48 07 04.72,130.58604166666663,-47.96376666666667,1.76,1.47,176.9,5.14,False,False,False,False,False,8.149401104988638e-14,4.005873578202713e-14,2.5162655786151113e-14,5.8059384116502214e-15,3.902360773378983e-15,1.4102322093168928e-15,5.242899449035629e-14,3.9610663169532906e-14,0.803,0.793,0.704,,,,,,,,,,,0,4.61,7.714668778825293e-15,5.1926176008122435e-15,3.572085501093671e-15,1.0621079769968864e-15,2.047998513819314e-14,4.237252916948e-15,1.8929865393536758,1.0,0.803,0.831,4.61,0,3.176673941811211e-14,6.785695482796871e-15
2CXO J084248.4-481532,158.0, 08 42 26.84,-48 07 04.72,130.70199999999997,-48.259058333333336,2.78,2.27,107.4,2.26,False,False,False,False,False,8.630422470326256e-13,7.127843850154286e-13,6.3293936536824084e-15,4.351500117249459e-15,1.2898132908685938e-15,8.171849273576343e-16,8.554230400880746e-13,7.127706336384425e-13,,,0.412,,,,,,,,,,,0,2.16,8.554230400880746e-13,7.127706336384425e-13,1.4720343630034956e-15,6.892795071082827e-16,3.948270218888931e-15,2.117948306790348e-15,,0.0,,,2.16,0,8.60843344669967e-13,7.127741135792012e-13
2CXO J084153.2-475911,159.0, 08 42 26.84,-48 07 04.72,130.47183333333334,-47.98647777777778,1.27,1.08,163.1,8.47,False,False,False,False,False,4.4722294728947034e-14,7.169638846791089e-15,2.6406698094935055e-14,5.946038353962173e-15,1.4090000000000001e-14,2.42e-15,4.225596634011975e-15,3.1924832163422046e-15,1.0,1.0,0.996,,,,,,,,,,,0,7.73,5.065254896806154e-15,2.846546448991548e-15,8.69567218037759e-15,1.5190258143506317e-15,6.063155435445614e-15,2.1399927363126695e-15,7.9386458035811565,1.0,1.0,0.995,7.73,0,1.9824082512629358e-14,3.871670830843059e-15
2CXO J084131.5-481004,160.0, 08 42 26.84,-48 07 04.72,130.38154166666666,-48.16797777777778,1.45,1.11,125.2,6.73,False,False,False,False,False,8.782084811256308e-15,3.3529860400449126e-15,2.649686130266838e-15,2.5251931553054853e-15,3.717202115439197e-15,1.2395000457362748e-15,2.4151965655502736e-15,1.824706702391966e-15,0.883,0.962,1.0,,,,,,,,,,,0,6.73,2.4164358515829557e-15,1.8247066674577133e-15,5.097914637130207e-15,1.1553762666407655e-15,5.05695377671248e-15,2.236246961525741e-15,12.062857287037392,1.0,0.883,0.999,6.73,0,1.2571304265425642e-14,3.108898392150264e-15
