_rs_unwise,_q,_r_unwise,objID_unwise,RAJ2000_unwise,DEJ2000_unwise,XposW1_unwise,XposW2_unwise,YposW1_unwise,YposW2_unwise,FW1_unwise,FW2_unwise,e_XposW1_unwise,e_XposW2_unwise,e_YposW1_unwise,e_YposW2_unwise,e_FW1_unwise,e_FW2_unwise,q_W1_unwise,q_W2_unwise,rchi2W1_unwise,rchi2W2_unwise,fFW1_unwise,fFW2_unwise,FW1lbs_unwise,FW2lbs_unwise,e_FW1lbs_unwise,e_FW2lbs_unwise,fwhmW1_unwise,fwhmW2_unwise,SpModW1_unwise,SpModW2_unwise,e_SpModW1_unwise,e_SpModW2_unwise,skyW1_unwise,skyW2_unwise,RAW1deg_unwise,RAW2deg_unwise,DEW1deg_unwise,DEW2deg_unwise,coaddID_unwise,detIDW1_unwise,detIDW2_unwise,nmW1_unwise,nmW2_unwise,PrimW1_unwise,PrimW2_unwise,FlagsW1_unwise,FlagsW2_unwise,f_FlagsW1_unwise,f_FlagsW2_unwise,Prim_unwise
[0.073],1.0,0.073,1304m485o0037241,130.5490696,-48.1091401,1485.709,1485.713,980.599,980.59,95435.0,94091.0,0.001,0.001,0.001,0.001,49.775,101.96,1.0,1.0,325.2,40.52,0.9886,0.9834,95620.0,94241.0,50.782,104.02,2.6457,2.8689,8.04663e-05,-0.0002895,3.237e-05,5.9e-05,-6.7675,-9.2265,130.5490696,130.5490798,-48.1091401,-48.1091365,1304m485,1304m485w1o0038318,1304m485w2o0032716,222.0,221.0,1.0,1.0,32.0,32.0,160.0,0.0,1.0
"[0.138, 8.394]",2.0,0.138,1304m485o0037701,130.604572,-48.0943838,1504.978,1504.994,932.057,932.038,76628.0,71801.0,0.001,0.002,0.001,0.002,44.15,90.372,1.0,1.0,412.4,13.75,0.9925,0.979,75126.0,71648.0,44.958,92.069,2.64,2.8646,0.00224668,0.000335097,3.52434e-05,6.7e-05,-16.63,-9.4479,130.604572,130.6045937,-48.0943838,-48.0943717,1304m485,1304m485w1o0038802,1304m485w2o0033135,228.0,232.0,1.0,1.0,32.0,32.0,160.0,0.0,1.0
"[0.116, 8.276]",3.0,0.116,1304m485o0036357,130.5792226,-48.1368365,1449.428,1449.443,954.279,954.269,37780.0,36827.0,0.001,0.003,0.001,0.003,32.825,68.434,0.99988,0.99992,84.21,13.94,0.9622,0.9592,37694.0,36708.0,33.401,69.79,2.6448,2.8684,-0.000159919,-0.000286996,4.90593e-05,9.3e-05,-0.5331,17.781,130.5792226,130.5792343,-48.1368365,-48.1368253,1304m485,1304m485w1o0037390,1304m485w2o0031957,230.0,231.0,1.0,1.0,32.0,32.0,160.0,0.0,1.0
[0.068],4.0,0.068,1304m485o0035062,130.6149266,-48.1774325,1396.243,1396.251,923.166,923.168,64529.0,63720.0,0.001,0.002,0.001,0.002,41.322,85.364,1.0,1.0,119.7,18.73,0.9973,0.997,64228.0,63674.0,42.097,87.008,2.6421,2.8664,0.00107312,0.000613809,3.90183e-05,7.1e-05,42.545,45.883,130.6149266,130.614925,-48.1774325,-48.1774269,1304m485,1304m485w1o0036061,1304m485w2o0030845,236.0,238.0,1.0,1.0,32.0,32.0,160.0,0.0,1.0
[0.081],5.0,0.081,1304m485o0036767,130.7448577,-48.1241265,1465.762,1465.752,809.52,809.469,53121.0,53408.0,0.001,0.002,0.001,0.002,40.724,84.939,0.9789,1.0,239.7,17.39,0.898,0.7825,53542.0,53499.0,41.264,86.248,2.6458,2.8688,-0.000478387,8.41618e-05,4.17292e-05,7.9e-05,29.67,33.369,130.7448577,130.7449161,-48.1241265,-48.1241343,1304m485,1304m485w1o0037822,1304m485w2o0032308,219.0,223.0,1.0,1.0,33.0,0.0,160.0,0.0,1.0
[9.242],6.0,9.242,1304m485o0099390,130.4794358,-48.1427915,1441.665,1441.545,1041.455,1041.282,2280.2,2431.2,0.011,0.028,0.01,0.026,14.517,36.338,1.0,1.0,70.19,9.055,0.2795,0.2324,2269.6,2331.7,14.805,37.278,2.6466,2.8688,0.00353116,0.00673986,0.000246184,0.000583,-1.2611,-19.301,130.4794358,130.4796341,-48.1427915,-48.1428837,1304m485,1304m485w1o0110884,1304m485w2o0092896,234.0,223.0,1.0,1.0,33.0,32.0,0.0,0.0,1.0
[0.056],7.0,0.056,1304m485o0035772,130.6195619,-48.1554961,1424.955,1424.958,919.075,919.071,16549.0,16072.0,0.002,0.005,0.002,0.004,22.868,49.485,1.0,1.0,20.42,4.302,0.976,0.9746,16434.0,16098.0,23.279,50.546,2.6401,2.8647,0.000517666,-7.42078e-05,7.49796e-05,0.000147,45.101,50.606,130.6195619,130.6195673,-48.1554961,-48.1554934,1304m485,1304m485w1o0036786,1304m485w2o0031453,231.0,229.0,1.0,1.0,32.0,32.0,160.0,0.0,1.0
"[0.108, 9.73, 9.826]",8.0,0.108,1304m485o0036821,130.5603366,-48.1225236,1468.181,1468.133,970.764,970.754,57513.0,54643.0,0.001,0.002,0.001,0.002,38.853,80.348,1.0,1.0,704.3,17.04,0.9872,0.9727,56856.0,54538.0,39.481,81.781,2.6427,2.8665,0.00323969,0.000378847,3.99975e-05,7.7e-05,3.0973,2.8885,130.5603366,130.5603483,-48.1225236,-48.1225599,1304m485,1304m485w1o0037878,1304m485w2o0032359,232.0,234.0,1.0,1.0,32.0,32.0,160.0,0.0,1.0
"[0.458, 4.984]",9.0,0.458,1304m485o0041047,130.4718922,-47.9865536,1646.203,1646.204,1048.12,1048.119,15163.0,15211.0,0.002,0.005,0.002,0.004,21.504,47.418,1.0,1.0,15.78,2.667,0.9653,0.9683,15154.0,15226.0,21.89,48.41,2.6412,2.8657,0.000520408,-2.98023e-07,7.88398e-05,0.00015,-19.61,-17.639,130.4718922,130.4718925,-47.9865536,-47.9865529,1304m485,1304m485w1o0042258,1304m485w2o0035982,211.0,217.0,1.0,1.0,32.0,32.0,0.0,0.0,1.0
[0.074],10.0,0.074,1304m485o0036116,130.636055,-48.1445027,1439.323,1439.34,904.646,904.636,6571.5,7364.6,0.004,0.009,0.003,0.008,16.093,38.803,1.0,1.0,14.01,2.9,0.9072,0.8868,6543.3,7419.9,16.393,39.703,2.6456,2.8691,3.98159e-05,-0.000525832,0.000116804,0.000232,40.068,46.079,130.636055,130.6360661,-48.1445027,-48.144489,1304m485,1304m485w1o0037140,1304m485w2o0031739,230.0,233.0,1.0,1.0,32.0,32.0,160.0,0.0,1.0
"[0.299, 8.898]",11.0,0.299,1304m485o0039676,130.6082609,-48.0319602,1586.696,1586.686,928.716,928.702,28168.0,27113.0,0.001,0.003,0.001,0.003,28.495,60.034,1.0,1.0,71.98,11.09,0.9573,0.9426,28201.0,27135.0,28.967,61.174,2.6443,2.8681,-0.000133872,-0.000834882,5.78155e-05,0.00011,-30.643,-27.842,130.6082609,130.6082765,-48.0319602,-48.0319679,1304m485,1304m485w1o0040840,1304m485w2o0034836,215.0,223.0,1.0,1.0,32.0,32.0,0.0,0.0,1.0
"[1.674, 9.243, 9.594]",12.0,1.674,1304m485o0097190,130.7160051,-48.2112375,1351.799,1351.797,835.055,835.024,721.37,994.65,0.025,0.052,0.024,0.05,10.24,27.904,1.0,1.0,9.635,1.257,0.5265,0.5631,729.68,1015.7,10.463,28.637,2.6407,2.8654,0.00477064,0.00223929,0.000530788,0.001086,91.291,81.3,130.7160051,130.7160409,-48.2112375,-48.2112391,1304m485,1304m485w1o0108182,1304m485w2o0125732,231.0,224.0,1.0,1.0,0.0,0.0,160.0,0.0,1.0
"[0.263, 8.318]",13.0,0.263,1304m485o0035848,130.5444117,-48.153592,1427.517,1427.525,984.704,984.709,18374.0,18374.0,0.002,0.004,0.002,0.004,23.752,52.19,1.0,1.0,48.63,8.616,0.9506,0.9205,18399.0,18287.0,24.157,53.399,2.6451,2.8687,-0.000531793,-0.000319779,7.07155e-05,0.000136,-3.6395,8.8261,130.5444117,130.5444062,-48.153592,-48.1535863,1304m485,1304m485w1o0036866,1304m485w2o0031517,228.0,229.0,1.0,1.0,32.0,32.0,160.0,0.0,1.0
"[0.195, 8.023]",14.0,0.195,1304m485o0037879,130.6753959,-48.08805,1513.157,1513.163,870.112,870.119,79397.0,78060.0,0.001,0.002,0.001,0.002,45.314,92.98,1.0,1.0,75.37,12.11,0.9921,0.9917,79452.0,77949.0,46.128,94.681,2.6409,2.8655,0.000311136,0.000230789,3.55226e-05,6.4e-05,-22.521,-15.088,130.6753959,130.675388,-48.08805,-48.0880461,1304m485,1304m485w1o0038986,1304m485w2o0033302,222.0,227.0,1.0,1.0,40.0,8.0,160.0,0.0,1.0
[0.057],15.0,0.057,1304m485o0037305,130.6580197,-48.1068485,1488.58,1488.576,885.358,885.365,28959.0,28614.0,0.001,0.003,0.001,0.003,28.469,60.584,1.0,1.0,161.6,25.42,0.9903,0.9897,29330.0,28941.0,28.995,61.805,2.6459,2.8693,-0.00120425,-0.0017938,5.86789e-05,0.000109,-17.038,-10.615,130.6580197,130.6580116,-48.1068485,-48.106852,1304m485,1304m485w1o0038386,1304m485w2o0032779,212.0,229.0,1.0,1.0,32.0,32.0,160.0,0.0,1.0
"[1.82, 7.605, 8.96]",16.0,1.82,1304m485o0205891,130.6297623,-48.1746871,0.0,1399.817,0.0,910.21,0.0,505.32,0.0,0.099,0.0,0.097,0.0,26.379,0.0,1.0,0.0,3.237,0.0,0.2839,0.0,515.74,0.0,27.123,0.0,2.8664,0.0,0.0122899,0.0,0.002046,0.0,53.615,0.0,130.6297623,0.0,-48.1746871,1304m485,,1304m485w2o0126349,0.0,224.0,0.0,1.0,0.0,32.0,0.0,0.0,1.0
"[2.779, 6.685]",17.0,2.779,1304m485o0127289,130.8246179,-48.1278661,1460.609,1461.011,739.842,739.914,375.26,340.24,0.034,0.124,0.031,0.118,7.0854,22.363,1.0,1.0,15.52,2.203,0.572,0.5008,389.83,357.12,7.253,22.982,2.643,2.8648,0.00666082,-0.000327527,0.000704831,0.002516,-25.701,-28.499,130.8246179,130.8245331,-48.1278661,-48.127559,1304m485,1304m485w1o0154414,1304m485w2o0127146,222.0,219.0,1.0,1.0,0.0,0.0,0.0,0.0,1.0
[1.633],18.0,1.633,1304m485o0036645,130.7210657,-48.1280719,1460.66,1460.662,830.326,830.335,431030.0,418550.0,0.0,0.001,0.0,0.001,102.66,204.49,1.0,1.0,1096.0,269.9,0.9969,0.9953,430260.0,416910.0,104.67,208.18,2.6451,2.8686,0.00252366,0.00224298,1.50166e-05,2.7e-05,89.692,88.679,130.7210657,130.7210552,-48.1280719,-48.1280709,1304m485,1304m485w1o0037692,1304m485w2o0032195,222.0,221.0,1.0,1.0,33.0,0.0,168.0,0.0,1.0
"[0.172, 3.748]",19.0,0.172,1304m485o0100913,130.6949409,-48.0906753,1509.679,1509.684,853.029,852.964,21569.0,20684.0,0.003,0.007,0.002,0.006,44.449,95.175,1.0,1.0,564.7,40.19,0.1679,0.1546,21894.0,20770.0,45.044,96.585,2.6414,2.8661,-0.000371754,-0.000286341,0.000112267,0.000233,-20.944,-18.896,130.6949409,130.6950153,-48.0906753,-48.0906716,1304m485,1304m485w1o0112751,1304m485w2o0094465,216.0,225.0,1.0,1.0,33.0,0.0,168.0,0.0,1.0
"[0.239, 9.973]",20.0,0.239,1304m485o0035087,130.6942712,-48.1765057,1397.317,1397.326,853.9,853.865,9122.7,9842.8,0.003,0.007,0.003,0.007,18.738,43.073,1.0,1.0,39.98,7.559,0.8995,0.892,9132.2,9824.1,19.062,44.037,2.6418,2.8667,0.00194025,0.00142211,9.78203e-05,0.000194,86.564,84.254,130.6942712,130.6943114,-48.1765057,-48.1764987,1304m485,1304m485w1o0036086,1304m485w2o0030867,227.0,233.0,1.0,1.0,32.0,0.0,160.0,0.0,1.0
"[1.116, 8.797, 9.717]",21.0,1.116,1304m485o0104164,130.5712116,-47.9863846,1646.4,1646.421,961.095,961.13,912.61,1018.8,0.017,0.047,0.016,0.045,8.8282,25.715,1.0,1.0,23.17,1.651,0.3849,0.3537,910.51,1027.0,8.9904,26.31,2.6423,2.8672,0.00493193,0.00371134,0.000374422,0.000966,-31.29,-27.19,130.5712116,130.5711708,-47.9863846,-47.9863687,1304m485,1304m485w1o0116786,1304m485w2o0097775,218.0,209.0,1.0,1.0,32.0,0.0,0.0,0.0,1.0
"[2.609, 7.843, 9.985]",22.0,2.609,1304m485o0206374,130.7817489,-48.035214,0.0,1582.052,0.0,776.854,0.0,290.55,0.0,0.148,0.0,0.143,0.0,22.567,0.0,1.0,0.0,2.332,0.0,0.2503,0.0,277.36,0.0,23.251,0.0,2.8652,0.0,0.0150996,0.0,0.003155,0.0,-37.917,0.0,130.7817489,0.0,-48.035214,1304m485,,1304m485w2o0128765,0.0,212.0,0.0,1.0,0.0,0.0,0.0,0.0,1.0
[4.946],23.0,4.946,1304m485o0037506,130.8030365,-48.0999189,1497.272,1497.265,758.554,758.657,610080.0,640090.0,0.001,0.001,0.001,0.0,431.74,250.09,0.12916,1.0,568.0,150.6,0.4303,0.9934,611080.0,638970.0,524.16,254.6,2.6459,2.8683,0.00591433,0.000544667,5.46897e-05,2.2e-05,-27.553,-24.651,130.8030365,130.8029193,-48.0999189,-48.0999249,1304m485,1304m485w1o0038598,1304m485w2o0032958,122.0,220.0,1.0,1.0,97.0,33.0,24.0,8.0,1.0
[0.497],24.0,0.497,1304m485o0037238,130.7271693,-48.1084847,1486.287,1486.284,824.917,824.913,13235.0,13659.0,0.002,0.005,0.002,0.005,20.481,46.069,1.0,1.0,52.31,11.41,0.9801,0.9787,13473.0,13816.0,20.875,47.098,2.6414,2.8661,-0.0018937,-0.00203812,8.62766e-05,0.000162,3.2414,10.867,130.7271693,130.7271732,-48.1084847,-48.1084872,1304m485,1304m485w1o0038315,1304m485w2o0032713,218.0,230.0,1.0,1.0,32.0,0.0,160.0,0.0,1.0
"[0.445, 8.931]",25.0,0.445,1304m485o0033765,130.7509398,-48.218487,1342.216,1342.216,804.61,804.605,87247.0,84530.0,0.001,0.002,0.001,0.001,48.117,97.36,1.0,1.0,174.0,21.35,0.9958,0.9942,87074.0,84491.0,49.005,99.227,2.6451,2.8683,0.000258148,8.04663e-05,3.35734e-05,6.2e-05,87.924,65.181,130.7509398,130.7509461,-48.218487,-48.2184871,1304m485,1304m485w1o0034739,1304m485w2o0029711,232.0,233.0,1.0,1.0,0.0,0.0,160.0,0.0,1.0
"[3.047, 6.357]",26.0,3.047,1304m485o0035426,130.4664648,-48.1662091,1411.005,1410.992,1052.772,1052.768,10988.0,10072.0,0.003,0.007,0.002,0.007,19.672,43.612,1.0,1.0,13.76,3.756,0.8774,0.785,10919.0,10052.0,20.008,44.555,2.642,2.866,-3.09348e-05,-0.000172615,8.94968e-05,0.000194,-6.6456,-22.777,130.4664648,130.4664693,-48.1662091,-48.1662191,1304m485,1304m485w1o0036434,1304m485w2o0031150,225.0,221.0,1.0,1.0,32.0,32.0,0.0,0.0,1.0
"[3.035, 6.394, 8.22, 8.872]",27.0,3.035,1304m485o0036833,130.8070125,-48.1216486,1468.812,1468.817,755.192,755.166,13826.0,13104.0,0.002,0.006,0.002,0.006,24.52,53.19,1.0,1.0,21.89,3.677,0.5897,0.5532,13864.0,13138.0,24.837,54.073,2.6421,2.866,0.000695944,0.000346959,8.85631e-05,0.000187,-19.857,-21.166,130.8070125,130.8070426,-48.1216486,-48.1216442,1304m485,1304m485w1o0037891,1304m485w2o0032367,219.0,222.0,1.0,1.0,0.0,0.0,0.0,0.0,1.0
[8.672],28.0,8.672,1304m485o0201166,130.6474808,-48.1546309,0.0,1426.045,0.0,894.691,0.0,551.46,0.0,0.096,0.0,0.092,0.0,27.924,0.0,0.99993,0.0,6.952,0.0,0.2401,0.0,434.54,0.0,28.694,0.0,2.8669,0.0,0.0266191,0.0,0.002344,0.0,66.329,0.0,130.6474808,0.0,-48.1546309,1304m485,,1304m485w2o0092547,0.0,224.0,0.0,1.0,0.0,32.0,0.0,0.0,1.0
"[0.172, 6.474, 6.545]",29.0,0.172,1304m485o0136335,130.5860158,-47.9637185,1676.061,1675.622,948.09,947.98,423.41,1516.4,0.034,0.033,0.034,0.033,8.4991,27.623,1.0,1.0,8.807,6.712,0.1787,0.4223,433.11,1504.0,8.6555,28.244,2.6403,2.8665,-0.00255114,0.00470716,0.000755473,0.000723,-35.395,-32.412,130.5860158,130.5861418,-47.9637185,-47.9640533,1304m485,1304m485w1o0176072,1304m485w2o0098484,212.0,218.0,1.0,1.0,32.0,0.0,0.0,0.0,1.0
[9.957],30.0,9.957,1304m485o0038534,130.6618113,-48.0680907,1539.313,1539.316,881.936,881.93,96369.0,88501.0,0.001,0.002,0.001,0.001,49.322,97.96,1.0,1.0,219.9,27.61,0.9945,0.9937,96449.0,88526.0,50.392,99.983,2.6415,2.8662,0.000673473,0.00025487,3.23686e-05,6e-05,-28.894,-22.407,130.6618113,130.6618176,-48.0680907,-48.0680886,1304m485,1304m485w1o0039663,1304m485w2o0033860,218.0,226.0,1.0,1.0,32.0,0.0,0.0,0.0,1.0
[0.37],31.0,0.37,1304m485o0033810,130.693734,-48.2175528,1343.583,1343.564,854.505,854.475,13820.0,14412.0,0.002,0.005,0.002,0.005,21.993,48.81,1.0,1.0,83.47,8.677,0.9376,0.9405,13809.0,14503.0,22.408,49.947,2.6468,2.8698,-0.00220823,-0.00151473,8.10638e-05,0.000158,83.527,84.175,130.693734,130.6937676,-48.2175528,-48.2175671,1304m485,1304m485w1o0034786,1304m485w2o0029754,233.0,228.0,1.0,1.0,32.0,0.0,160.0,0.0,1.0
"[0.325, 6.371, 8.511]",32.0,0.325,1304m485o0038794,130.7384132,-48.0598544,1549.922,1549.926,814.89,814.876,33030.0,32140.0,0.001,0.003,0.001,0.003,30.538,63.954,1.0,1.0,35.58,3.736,0.9664,0.9579,33024.0,32169.0,31.081,65.21,2.6405,2.8651,0.000101685,9.17316e-05,5.38334e-05,0.000101,-28.934,-31.176,130.7384132,130.7384292,-48.0598544,-48.0598511,1304m485,1304m485w1o0039930,1304m485w2o0034078,215.0,225.0,1.0,1.0,0.0,0.0,0.0,0.0,1.0
[0.208],33.0,0.208,1304m485o0035962,130.5406022,-48.1493693,1433.047,1433.047,988.028,988.05,9173.8,10076.0,0.003,0.007,0.002,0.006,17.959,42.278,1.0,1.0,23.76,4.917,0.9,0.8675,9166.8,9910.2,18.286,43.319,2.6399,2.8647,0.000685692,0.00085938,9.96397e-05,0.00019,-1.2233,5.6223,130.5406022,130.5405776,-48.1493693,-48.1493692,1304m485,1304m485w1o0036982,1304m485w2o0031609,224.0,237.0,1.0,1.0,32.0,32.0,160.0,0.0,1.0
"[1.296, 9.89]",34.0,1.296,1304m485o0034169,130.6735244,-48.2048029,1360.316,1360.326,872.095,872.11,16437.0,16736.0,0.002,0.005,0.002,0.005,23.453,51.364,1.0,1.0,101.8,6.882,0.9022,0.8986,16336.0,16727.0,23.818,52.398,2.6417,2.8665,0.000587344,0.000686824,7.33886e-05,0.000142,67.631,73.039,130.6735244,130.6735066,-48.2048029,-48.2047958,1304m485,1304m485w1o0035154,1304m485w2o0030069,226.0,230.0,1.0,1.0,32.0,0.0,160.0,0.0,1.0
[0.142],35.0,0.142,1304m485o0037930,130.5534687,-48.0871091,1514.548,1514.558,976.733,976.723,22292.0,22613.0,0.002,0.004,0.001,0.004,26.692,57.516,1.0,1.0,99.11,14.9,0.8916,0.8832,22137.0,22834.0,27.22,58.851,2.6446,2.8685,-0.000766516,-0.000587583,6.51293e-05,0.000123,-13.692,-7.1938,130.5534687,130.5534802,-48.0871091,-48.0871013,1304m485,1304m485w1o0039039,1304m485w2o0033349,225.0,232.0,1.0,1.0,34.0,162.0,160.0,0.0,1.0
[0.772],36.0,0.772,1304m485o0035305,130.7549667,-48.1697756,1405.973,1405.983,800.885,800.879,17531.0,17816.0,0.002,0.005,0.002,0.005,24.543,53.586,1.0,1.0,55.69,7.54,0.9102,0.8776,17191.0,17651.0,24.906,54.57,2.6404,2.865,0.00216806,0.00141776,6.87764e-05,0.000137,105.28,88.831,130.7549667,130.7549739,-48.1697756,-48.1697684,1304m485,1304m485w1o0036310,1304m485w2o0031053,228.0,226.0,1.0,1.0,0.0,0.0,160.0,0.0,1.0
[0.166],37.0,0.166,1304m485o0035629,130.4029709,-48.1600664,1418.999,1418.998,1108.221,1108.221,7711.4,7898.0,0.003,0.009,0.003,0.008,17.786,42.422,1.0,1.0,24.15,7.813,0.7927,0.6476,7824.1,8077.6,18.135,43.46,2.6419,2.8659,-0.000890613,-0.00259119,0.000110497,0.000236,3.4073,-36.158,130.4029709,130.4029718,-48.1600664,-48.1600674,1304m485,1304m485w1o0036640,1304m485w2o0031325,227.0,219.0,1.0,1.0,32.0,32.0,0.0,0.0,1.0
[0.291],38.0,0.291,1304m485o0038537,130.5158374,-48.0685607,1538.845,1538.844,1009.637,1009.636,7534.6,7934.9,0.003,0.008,0.003,0.008,16.47,39.07,1.0,1.0,19.49,2.74,0.8955,0.8376,7577.2,7926.6,16.763,39.932,2.6444,2.8677,-0.000849068,-0.000888944,0.000109074,0.00022,-20.384,-27.215,130.5158374,130.5158384,-48.0685607,-48.0685615,1304m485,1304m485w1o0039666,1304m485w2o0033863,218.0,218.0,1.0,1.0,32.0,32.0,0.0,0.0,1.0
[0.153],39.0,0.153,1304m485o0037451,130.6526698,-48.102269,1494.585,1494.584,890.022,890.03,9389.8,9754.2,0.002,0.006,0.002,0.006,17.497,40.575,1.0,1.0,56.08,9.235,0.961,0.9595,9502.2,9900.5,17.826,41.488,2.6418,2.8665,-6.71148e-05,-0.00072664,9.92574e-05,0.000192,-22.044,-16.144,130.6526698,130.6526616,-48.102269,-48.1022696,1304m485,1304m485w1o0038539,1304m485w2o0032905,217.0,220.0,1.0,1.0,32.0,32.0,160.0,0.0,1.0
[0.335],40.0,0.335,1304m485o0036598,130.4686412,-48.1293017,1459.322,1459.331,1050.892,1050.898,6473.1,6804.9,0.005,0.013,0.005,0.012,20.133,49.395,1.0,1.0,16.95,13.06,0.4854,0.374,6453.6,7129.8,20.533,50.608,2.6419,2.8664,-0.00158829,-0.00550854,0.000131777,0.000303,15.64,14.367,130.4686412,130.4686339,-48.1293017,-48.1292948,1304m485,1304m485w1o0037645,1304m485w2o0032156,225.0,230.0,1.0,1.0,33.0,33.0,0.0,0.0,1.0
"[5.763, 6.884]",41.0,5.763,1304m485o0128359,130.599152,-48.033766,1584.342,1584.566,936.693,936.808,291.28,397.08,0.048,0.114,0.044,0.106,7.7857,23.589,1.0,1.0,18.29,2.497,0.1786,0.243,309.37,385.88,7.9962,24.32,2.645,2.8678,-0.00461239,0.0075928,0.000997586,0.002291,-28.364,-22.317,130.599152,130.5990202,-48.033766,-48.0335954,1304m485,1304m485w1o0156412,1304m485w2o0128821,210.0,213.0,1.0,1.0,32.0,32.0,0.0,0.0,1.0
[8.437],42.0,8.437,1304m485o0206196,130.6025125,-48.0914429,0.0,1508.831,0.0,933.853,0.0,1257.9,0.0,0.046,0.0,0.041,0.0,29.433,0.0,1.0,0.0,3.439,0.0,0.194,0.0,1189.9,0.0,30.101,0.0,2.8658,0.0,0.00245225,0.0,0.000892,0.0,-10.716,0.0,130.6025125,0.0,-48.0914429,1304m485,,1304m485w2o0127760,0.0,224.0,0.0,1.0,0.0,160.0,0.0,0.0,1.0
[1.387],43.0,1.387,1304m485o0040450,130.5243272,-48.006399,1620.223,1620.23,1002.184,1002.202,8824.2,9925.6,0.003,0.006,0.002,0.006,16.993,40.806,1.0,1.0,12.98,1.655,0.9626,0.9569,8824.7,9855.0,17.318,41.75,2.6422,2.8666,0.000316441,0.00037533,0.000101419,0.00019,-18.797,-8.4671,130.5243272,130.5243064,-48.006399,-48.0063938,1304m485,1304m485w1o0041632,1304m485w2o0035466,214.0,222.0,1.0,1.0,32.0,32.0,0.0,0.0,1.0
[0.456],44.0,0.456,1304m485o0034736,130.6852253,-48.1876909,1382.694,1382.678,861.832,861.817,7535.1,8072.8,0.003,0.008,0.003,0.008,17.136,40.04,1.0,1.0,26.29,5.632,0.962,0.9471,7588.5,8131.6,17.457,40.977,2.6425,2.8671,-0.00154728,-0.00180858,0.000111427,0.000222,69.631,69.402,130.6852253,130.6852419,-48.1876909,-48.1877032,1304m485,1304m485w1o0035727,1304m485w2o0030568,230.0,231.0,1.0,1.0,32.0,0.0,160.0,0.0,1.0
"[0.313, 8.202, 9.511, 9.873]",45.0,0.313,1304m485o0039083,130.661603,-48.0510609,1561.608,1561.649,882.071,882.093,6837.1,7680.8,0.003,0.008,0.003,0.007,15.533,37.44,1.0,1.0,19.36,4.785,0.8942,0.8986,6815.0,7678.5,15.776,38.219,2.6421,2.8666,0.000590205,4.89354e-05,0.000112162,0.000217,-30.212,-29.803,130.661603,130.6615783,-48.0510609,-48.0510299,1304m485,1304m485w1o0040226,1304m485w2o0034334,222.0,221.0,1.0,1.0,32.0,0.0,0.0,0.0,1.0
[6.451],46.0,6.451,1304m485o0152023,130.4839293,-48.1264619,1463.044,0.0,1037.534,0.0,1243.8,0.0,0.019,0.0,0.017,0.0,13.195,0.0,1.0,0.0,20.85,0.0,0.2176,0.0,1197.5,0.0,13.479,0.0,2.645,0.0,0.000850499,0.0,0.000401723,0.0,15.294,0.0,130.4839293,0.0,-48.1264619,0.0,1304m485,1304m485w1o0111461,,235.0,0.0,1.0,0.0,33.0,0.0,0.0,0.0,1.0
"[0.76, 8.995]",47.0,0.76,1304m485o0036260,130.469381,-48.1406011,1444.53,1444.619,1050.239,1050.28,5578.4,6136.7,0.005,0.013,0.005,0.012,18.353,44.557,1.0,1.0,61.73,14.37,0.4743,0.3909,5504.2,6138.4,18.691,45.598,2.6442,2.8683,-0.00102562,0.000930429,0.000136194,0.000293,2.7035,-14.087,130.469381,130.4693346,-48.1406011,-48.1405332,1304m485,1304m485w1o0037288,1304m485w2o0092956,232.0,230.0,1.0,1.0,33.0,32.0,0.0,0.0,1.0
[0.35],48.0,0.35,1304m485o0038673,130.5615311,-48.0639306,1544.887,1544.888,969.658,969.655,48534.0,74274.0,0.001,0.002,0.001,0.002,36.108,91.107,1.0,1.0,85.36,18.24,0.9847,0.9895,48393.0,74098.0,36.798,92.95,2.6439,2.8673,0.000552356,3.35574e-05,4.44076e-05,6.6e-05,-19.451,-11.725,130.5615311,130.5615346,-48.0639306,-48.0639299,1304m485,1304m485w1o0039809,1304m485w2o0033979,218.0,221.0,1.0,1.0,32.0,32.0,0.0,0.0,1.0
"[0.885, 5.915]",49.0,0.885,1304m485o0059392,130.6079376,-48.1921677,1376.962,1376.955,929.295,929.261,4345.3,4884.7,0.005,0.012,0.005,0.012,14.603,36.072,1.0,1.0,20.81,1.862,0.7071,0.6854,4334.0,4866.8,14.877,36.937,2.6431,2.8664,-0.00110447,-0.000995159,0.000148203,0.00031,31.9,38.003,130.6079376,130.6079764,-48.1921677,-48.1921733,1304m485,1304m485w1o0061764,1304m485w2o0052130,234.0,223.0,1.0,1.0,32.0,32.0,160.0,0.0,1.0
"[0.845, 5.382, 6.282, 9.753]",50.0,0.845,1304m485o0040162,130.5988517,-48.0153438,1608.46,1608.477,936.925,936.934,8262.0,8346.8,0.003,0.008,0.003,0.008,17.991,40.855,1.0,1.0,9.448,2.49,0.7705,0.7619,8259.3,8363.2,18.258,41.655,2.6421,2.8667,-4.16637e-05,-0.000432014,0.000107522,0.000219,-30.499,-29.397,130.5988517,130.5988416,-48.0153438,-48.0153311,1304m485,1304m485w1o0041337,1304m485w2o0035230,221.0,227.0,1.0,1.0,32.0,32.0,0.0,0.0,1.0
[1.34],51.0,1.34,1304m485o0037700,130.6225802,-48.0946182,1504.648,1504.612,916.312,916.246,30201.0,46180.0,0.001,0.002,0.001,0.002,30.629,76.623,1.0,1.0,156.3,20.2,0.8293,0.8665,30149.0,46072.0,31.105,78.063,2.6449,2.868,0.00058794,0.000959337,5.36911e-05,8.3e-05,-22.136,-15.752,130.6225802,130.6226559,-48.0946182,-48.0946455,1304m485,1304m485w1o0038801,1304m485w2o0033134,220.0,230.0,1.0,1.0,32.0,32.0,160.0,0.0,1.0
"[0.221, 4.045]",52.0,0.221,1304m485o0035799,130.5223472,-48.1550863,1425.57,1425.73,1003.975,1003.977,25488.0,39440.0,0.002,0.003,0.001,0.002,28.776,72.688,1.0,1.0,30.4,68.44,0.8694,0.889,25448.0,39850.0,29.224,74.006,2.6418,2.8657,4.25577e-05,0.000226021,6.38236e-05,9.2e-05,-4.7811,-21.946,130.5223472,130.5223442,-48.1550863,-48.1549634,1304m485,1304m485w1o0036814,1304m485w2o0031477,231.0,231.0,1.0,1.0,36.0,37.0,160.0,0.0,1.0
[0.423],53.0,0.423,1304m485o0037042,130.4822869,-48.1147603,1478.363,1478.327,1038.973,1039.007,8990.1,8591.7,0.003,0.009,0.003,0.009,20.256,47.666,1.0,1.0,14.12,6.138,0.6829,0.5139,8860.4,8567.7,20.641,48.805,2.6416,2.8661,0.000631273,-0.000825584,0.000101822,0.000236,22.224,-11.82,130.4822869,130.482248,-48.1147603,-48.1147874,1304m485,1304m485w1o0038111,1304m485w2o0032544,222.0,223.0,1.0,1.0,33.0,33.0,0.0,0.0,1.0
"[6.653, 7.587]",54.0,6.653,1304m485o0206004,130.7502478,-48.1462541,0.0,1436.779,0.0,804.905,0.0,306.1,0.0,0.16,0.0,0.153,0.0,25.903,0.0,1.0,0.0,1.647,0.0,0.4377,0.0,376.19,0.0,26.606,0.0,2.8657,0.0,-0.00422776,0.0,0.003251,0.0,70.206,0.0,130.7502478,0.0,-48.1462541,1304m485,,1304m485w2o0126844,0.0,219.0,0.0,1.0,0.0,0.0,0.0,0.0,1.0
"[0.22, 8.037]",55.0,0.22,1304m485o0038221,130.5952075,-48.0779842,1526.458,1526.479,940.218,940.235,4604.3,5221.2,0.004,0.011,0.004,0.01,13.489,33.546,1.0,1.0,13.86,3.753,0.893,0.9084,4625.8,5259.1,13.747,34.36,2.6441,2.8683,-0.000645578,-0.000531077,0.000140438,0.00028,-17.56,-19.335,130.5952075,130.5951887,-48.0779842,-48.0779684,1304m485,1304m485w1o0039343,1304m485w2o0033598,214.0,224.0,1.0,1.0,32.0,32.0,160.0,0.0,1.0
"[0.089, 5.593, 9.588, 9.777]",56.0,0.089,1304m485o0098519,130.7976548,-48.1704874,1404.907,1404.899,763.619,763.625,3529.9,3864.8,0.007,0.016,0.006,0.016,14.627,36.262,1.0,1.0,20.51,2.836,0.5881,0.5297,3417.7,3874.8,14.868,37.032,2.6444,2.8677,0.00049448,-0.000528038,0.000172573,0.000388,53.301,44.239,130.7976548,130.7976482,-48.1704874,-48.1704935,1304m485,1304m485w1o0109759,1304m485w2o0126404,224.0,218.0,1.0,1.0,0.0,0.0,0.0,0.0,1.0
"[0.677, 8.133, 9.423, 9.701]",57.0,0.677,1304m485o0037401,130.7110808,-48.1032242,1493.214,1493.221,838.961,838.966,8390.3,9462.7,0.003,0.007,0.003,0.006,17.042,40.549,1.0,1.0,35.28,8.106,0.9663,0.9676,8566.9,9620.6,17.344,41.442,2.6407,2.8654,-0.000494003,-0.000954866,0.000105245,0.000198,0.28755,1.991,130.7110808,130.7110754,-48.1032242,-48.1032187,1304m485,1304m485w1o0038486,1304m485w2o0032857,217.0,221.0,1.0,1.0,32.0,0.0,160.0,0.0,1.0
"[0.488, 8.563]",58.0,0.488,1304m485o0098615,130.7357108,-48.1679433,1408.425,1408.575,817.69,817.733,4646.6,5443.3,0.008,0.016,0.006,0.013,20.047,46.593,1.0,1.0,88.11,10.16,0.2085,0.2155,4609.8,5378.8,20.311,47.376,2.6452,2.8685,-0.000953317,0.000409245,0.000181347,0.000357,115.71,101.26,130.7357108,130.7356614,-48.1679433,-48.1678289,1304m485,1304m485w1o0109885,1304m485w2o0092082,217.0,223.0,1.0,1.0,0.0,0.0,160.0,0.0,1.0
[0.219],59.0,0.219,1304m485o0102205,130.596945,-48.0499002,1563.223,1563.207,938.652,938.587,6467.5,7632.2,0.004,0.01,0.004,0.01,18.89,44.351,1.0,1.0,405.1,22.88,0.3741,0.3835,6532.6,7422.1,19.182,45.254,2.6446,2.8683,0.00220996,0.00288665,0.000128678,0.000246,-27.113,-14.509,130.596945,130.5970194,-48.0499002,-48.0499121,1304m485,1304m485w1o0114344,1304m485w2o0095726,221.0,226.0,1.0,1.0,33.0,32.0,0.0,0.0,1.0
"[0.022, 9.306]",60.0,0.022,1304m485o0036456,130.6523723,-48.1337324,1453.396,1453.405,890.364,890.374,13774.0,13306.0,0.002,0.006,0.002,0.005,21.84,47.72,1.0,1.0,23.88,5.872,0.8671,0.8468,13776.0,13330.0,22.177,48.651,2.6459,2.8693,8.46386e-05,-0.000311196,7.97842e-05,0.000164,33.206,45.622,130.6523723,130.6523618,-48.1337324,-48.133725,1304m485,1304m485w1o0037496,1304m485w2o0032041,227.0,228.0,1.0,1.0,32.0,32.0,160.0,0.0,1.0
[1.777],61.0,1.777,1304m485o0040117,130.5430257,-48.0174795,1605.71,1605.699,985.814,985.801,14302.0,14340.0,0.002,0.005,0.002,0.005,21.208,46.783,1.0,1.0,116.8,25.3,0.8903,0.8981,13950.0,13890.0,21.58,47.842,2.6426,2.867,0.00238478,0.0027073,7.82486e-05,0.000152,-18.401,-8.0126,130.5430257,130.5430411,-48.0174795,-48.0174874,1304m485,1304m485w1o0041292,1304m485w2o0035188,220.0,226.0,1.0,1.0,32.0,32.0,0.0,0.0,1.0
"[0.474, 5.312]",62.0,0.474,1304m485o0038729,130.6488375,-48.0619745,1547.343,1547.347,893.27,893.385,3879.0,4501.2,0.005,0.012,0.005,0.012,13.061,32.782,1.0,1.0,34.62,3.003,0.746,0.7906,3892.4,4546.6,13.303,33.575,2.6444,2.8693,0.000204921,0.000815272,0.000155029,0.000312,-27.977,-22.769,130.6488375,130.6487066,-48.0619745,-48.0619715,1304m485,1304m485w1o0039865,1304m485w2o0034022,216.0,213.0,1.0,1.0,32.0,32.0,0.0,0.0,1.0
"[1.009, 7.642, 8.669]",63.0,1.009,1304m485o0127742,130.7174647,-48.0847312,1517.408,1517.399,833.311,833.213,388.49,387.66,0.039,0.121,0.034,0.11,8.0154,24.129,1.0,1.0,40.91,1.44,0.2442,0.217,212.11,423.65,8.2121,24.819,2.6454,2.8679,0.00598735,-0.00195032,0.000763828,0.002359,-22.46,-26.51,130.7174647,130.7175774,-48.0847312,-48.0847381,1304m485,1304m485w1o0155266,1304m485w2o0094638,210.0,213.0,1.0,1.0,32.0,0.0,160.0,0.0,1.0
"[0.858, 7.309, 9.95]",64.0,0.858,1304m485o0033973,130.6874036,-48.2119217,1350.969,1350.938,860.008,860.114,10233.0,9148.2,0.003,0.007,0.003,0.007,19.188,42.417,1.0,1.0,203.4,3.792,0.9582,0.9111,10014.0,9238.1,19.531,43.387,2.6398,2.865,0.00340676,-0.000525117,9.13214e-05,0.000206,77.976,80.979,130.6874036,130.6872829,-48.2119217,-48.2119453,1304m485,1304m485w1o0034952,1304m485w2o0029900,229.0,218.0,1.0,1.0,32.0,0.0,160.0,0.0,1.0
[7.102],65.0,7.102,1304m485o0034967,130.4739509,-48.1806011,1392.166,1392.167,1046.229,1046.223,8117.2,7551.2,0.003,0.008,0.003,0.008,16.972,38.5,1.0,1.0,10.37,3.435,0.9135,0.8561,8101.9,7547.8,17.285,39.388,2.6425,2.8664,0.000113607,-0.000960827,0.000105882,0.000229,-6.1925,-12.874,130.4739509,130.4739581,-48.1806011,-48.180601,1304m485,1304m485w1o0035959,1304m485w2o0030760,224.0,233.0,1.0,1.0,32.0,32.0,0.0,0.0,1.0
"[0.292, 6.235]",66.0,0.292,1304m485o0036165,130.5486329,-48.1434418,1440.803,1440.905,981.009,980.994,9812.9,10591.0,0.003,0.007,0.002,0.006,18.697,42.851,1.0,1.0,15.6,15.52,0.8773,0.8808,9733.7,10475.0,19.023,43.795,2.6405,2.8647,-5.90086e-05,0.00204951,9.71332e-05,0.000184,2.478,11.902,130.5486329,130.5486506,-48.1434418,-48.1433638,1304m485,1304m485w1o0037191,1304m485w2o0031777,236.0,238.0,1.0,1.0,32.0,32.0,160.0,0.0,1.0
"[3.212, 7.209]",67.0,3.212,1304m485o0034651,130.7132737,-48.1897498,1379.935,1379.88,837.36,837.366,4656.6,4941.1,0.005,0.012,0.005,0.012,14.961,35.644,1.0,1.0,26.84,2.636,0.9348,0.909,4397.3,4878.0,15.249,36.499,2.6441,2.8677,0.0030272,0.00234055,0.000141598,0.000304,107.79,92.445,130.7132737,130.7132669,-48.1897498,-48.1897919,1304m485,1304m485w1o0035640,1304m485w2o0030495,227.0,225.0,1.0,1.0,32.0,0.0,160.0,0.0,1.0
"[6.629, 9.19]",68.0,6.629,1304m485o0100174,130.5187599,-48.1158642,1476.917,1476.902,1007.095,1007.087,2183.7,2090.0,0.009,0.027,0.009,0.026,12.444,31.502,1.0,1.0,12.61,1.864,0.4387,0.3392,2118.4,2028.4,12.71,32.348,2.6404,2.865,0.00322288,0.00159025,0.000228757,0.000596,8.3158,-10.649,130.5187599,130.518769,-48.1158642,-48.1158757,1304m485,1304m485w1o0111854,1304m485w2o0093713,230.0,223.0,1.0,1.0,32.0,32.0,160.0,0.0,1.0
"[5.949, 7.418]",69.0,5.949,1304m485o0035351,130.6322005,-48.1691846,1407.017,1407.033,908.069,907.718,691.83,726.02,0.025,0.07,0.024,0.066,9.8233,26.924,0.9997,0.99973,48.03,4.124,0.3768,0.3712,465.42,591.21,10.11,27.829,2.64,2.8666,0.0140758,0.013517,0.000565446,0.001505,51.789,58.015,130.6322005,130.6326026,-48.1691846,-48.1691718,1304m485,1304m485w1o0036358,1304m485w2o0092040,231.0,232.0,1.0,1.0,32.0,32.0,160.0,0.0,1.0
"[0.695, 5.753]",70.0,0.695,1304m485o0038985,130.5754445,-48.0538244,1558.106,1558.12,957.473,957.436,3943.9,4721.5,0.005,0.012,0.004,0.011,12.668,32.749,1.0,1.0,11.41,1.464,0.9017,0.9232,3927.0,4701.4,12.919,33.55,2.6452,2.8681,-0.000350058,5.03063e-05,0.000151404,0.000301,-22.029,-12.135,130.5754445,130.5754863,-48.0538244,-48.0538141,1304m485,1304m485w1o0040125,1304m485w2o0034245,220.0,217.0,1.0,1.0,32.0,32.0,0.0,0.0,1.0
[0.617],71.0,0.617,1304m485o0040088,130.5366523,-48.018025,1604.998,1604.999,991.396,991.402,40452.0,39839.0,0.001,0.003,0.001,0.002,32.885,68.969,1.0,1.0,836.4,136.0,0.9838,0.9833,39953.0,39310.0,33.423,70.263,2.6443,2.8675,0.00348276,0.00293225,4.71098e-05,8.9e-05,-17.529,-7.522,130.5366523,130.5366456,-48.018025,-48.0180242,1304m485,1304m485w1o0041263,1304m485w2o0035165,215.0,221.0,1.0,1.0,32.0,32.0,66.0,66.0,1.0
"[0.541, 9.153]",72.0,0.541,1304m485o0100985,130.6898806,-48.0890509,1511.817,1511.831,857.448,857.493,9675.1,10313.0,0.004,0.009,0.003,0.008,23.354,53.295,1.0,1.0,231.5,14.9,0.3623,0.3168,9783.3,10313.0,23.581,53.98,2.6453,2.8683,-0.00191015,-0.000511944,0.000105722,0.000215,-21.151,-17.58,130.6898806,130.6898296,-48.0890509,-48.0890407,1304m485,1304m485w1o0112840,1304m485w2o0094520,216.0,221.0,1.0,1.0,35.0,0.0,160.0,0.0,1.0
"[0.282, 7.862, 9.808]",73.0,0.282,1304m485o0034738,130.5978577,-48.1875068,1383.076,1383.094,938.084,938.088,7077.8,7296.8,0.003,0.009,0.003,0.008,16.269,38.359,1.0,1.0,13.63,1.794,0.9418,0.9229,7012.8,7289.9,16.543,39.186,2.6403,2.865,0.00176203,0.0011887,0.000110217,0.000231,31.409,37.301,130.5978577,130.5978522,-48.1875068,-48.1874925,1304m485,1304m485w1o0035729,1304m485w2o0030570,230.0,221.0,1.0,1.0,32.0,32.0,160.0,0.0,1.0
[],74.0,,,,,,,,,,,,,,,,,,,,,,,,,,,,,,,,,,,,,,,,,,,,,,,,,,
"[2.252, 7.077, 8.198]",75.0,2.252,1304m485o0034630,130.4684265,-48.190524,1379.174,1379.186,1051.046,1051.045,16661.0,18453.0,0.002,0.004,0.002,0.004,22.951,52.269,1.0,1.0,20.02,4.013,0.9318,0.9115,16629.0,18412.0,23.297,53.243,2.6405,2.8652,0.000334501,0.000103891,7.21545e-05,0.000134,-6.6607,-10.902,130.4684265,130.4684278,-48.190524,-48.1905153,1304m485,1304m485w1o0035619,1304m485w2o0030475,222.0,223.0,1.0,1.0,32.0,32.0,0.0,0.0,1.0
"[0.476, 7.727]",76.0,0.476,1304m485o0060840,130.4391162,-48.0191372,1603.529,1603.473,1076.804,1076.769,11054.0,11817.0,0.003,0.008,0.003,0.007,23.113,51.494,1.0,1.0,152.4,13.93,0.4663,0.4474,11059.0,11755.0,23.353,52.228,2.6435,2.868,-0.000599265,-0.000496566,9.522e-05,0.000187,-20.854,-23.594,130.4391162,130.4391567,-48.0191372,-48.0191797,1304m485,1304m485w1o0063328,1304m485w2o0096718,214.0,221.0,1.0,1.0,35.0,32.0,0.0,0.0,1.0
"[1.136, 8.582]",77.0,1.136,1304m485o0101189,130.7703697,-48.0818357,1521.052,1521.206,787.031,787.26,350.86,292.95,0.035,0.143,0.032,0.137,6.8931,22.146,1.0,1.0,3.683,2.219,0.7236,0.7224,362.7,312.33,7.0549,22.752,2.6399,2.8671,-0.00424409,-0.0128396,0.00072815,0.003005,-29.321,-30.034,130.7703697,130.7701069,-48.0818357,-48.0817193,1304m485,1304m485w1o0113099,1304m485w2o0094722,217.0,216.0,1.0,1.0,0.0,0.0,160.0,0.0,1.0
[1.934],78.0,1.934,1304m485o0034780,130.6348464,-48.1859657,1385.044,1385.087,905.797,905.792,3260.9,3850.4,0.006,0.015,0.005,0.014,12.671,32.562,1.0,1.0,20.22,1.784,0.8953,0.8949,3280.4,3923.0,12.943,33.413,2.6416,2.8659,0.000400245,-0.000873983,0.000172999,0.000358,41.84,46.76,130.6348464,130.6348517,-48.1859657,-48.1859329,1304m485,1304m485w1o0035772,1304m485w2o0030606,222.0,231.0,1.0,1.0,32.0,32.0,160.0,0.0,1.0
"[2.753, 5.134, 7.803]",79.0,2.753,1304m485o0168285,130.6874756,-48.0503542,1562.482,0.0,859.427,0.0,245.21,0.0,0.055,0.0,0.05,0.0,7.1588,0.0,1.0,0.0,9.25,0.0,0.2501,0.0,251.59,0.0,7.3276,0.0,2.647,0.0,0.00593799,0.0,0.00104341,0.0,-28.712,0.0,130.6874756,0.0,-48.0503542,0.0,1304m485,1304m485w1o0155996,,211.0,0.0,1.0,0.0,32.0,0.0,0.0,0.0,1.0
[0.07],80.0,0.07,1304m485o0036259,130.5339537,-48.1405154,1444.641,1444.654,993.83,993.827,9470.6,9789.3,0.003,0.007,0.002,0.006,18.186,41.833,1.0,1.0,31.7,6.204,0.9058,0.8614,9451.3,9666.2,18.541,42.836,2.6428,2.8671,0.000582695,0.00160563,9.74165e-05,0.000193,4.5047,1.7914,130.5339537,130.5339575,-48.1405154,-48.1405057,1304m485,1304m485w1o0037287,1304m485w2o0031866,230.0,233.0,1.0,1.0,32.0,32.0,160.0,0.0,1.0
[0.17],81.0,0.17,1304m485o0101914,130.4826265,-48.0591356,1551.184,1551.238,1038.693,1039.002,663.45,588.23,0.023,0.082,0.022,0.079,8.7802,25.827,1.0,1.0,40.91,5.791,0.3892,0.222,607.63,516.9,8.9921,26.569,2.6439,2.8655,0.00972939,0.012161,0.000513684,0.001773,-15.953,-36.648,130.4826265,130.4822728,-48.0591356,-48.0590943,1304m485,1304m485w1o0113986,1304m485w2o0128350,222.0,219.0,1.0,1.0,32.0,32.0,0.0,0.0,1.0
"[1.426, 3.753]",82.0,1.426,1304m485o0152825,130.6359515,-48.0128404,1611.688,0.0,904.43,0.0,8495.1,0.0,0.004,0.0,0.004,0.0,28.641,0.0,1.0,0.0,158.5,0.0,0.1545,0.0,8546.7,0.0,29.045,0.0,2.6461,0.0,0.00240141,0.0,0.000178628,0.0,-32.822,0.0,130.6359515,0.0,-48.0128404,0.0,1304m485,1304m485w1o0115794,,217.0,0.0,1.0,0.0,32.0,0.0,0.0,0.0,1.0
"[1.429, 1.454]",83.0,1.429,1304m485o0201371,130.7383586,-48.0751415,0.0,1529.909,0.0,815.0,0.0,3272.9,0.0,0.021,0.0,0.018,0.0,39.347,0.0,1.0,0.0,3.553,0.0,0.3019,0.0,3252.4,0.0,40.164,0.0,2.8647,0.0,-0.00378269,0.0,0.000539,0.0,-29.808,0.0,130.7383586,0.0,-48.0751415,1304m485,,1304m485w2o0094840,0.0,220.0,0.0,1.0,0.0,0.0,0.0,0.0,1.0
"[5.256, 9.393, 9.97]",84.0,5.256,1304m485o0169164,130.6047869,-47.9706361,1666.984,0.0,931.647,0.0,285.21,0.0,0.049,0.0,0.046,0.0,7.6735,0.0,1.0,0.0,7.397,0.0,0.1557,0.0,287.32,0.0,7.8352,0.0,2.6439,0.0,0.00481141,0.0,0.000968186,0.0,-37.178,0.0,130.6047869,0.0,-47.9706361,0.0,1304m485,1304m485w1o0157834,,202.0,0.0,1.0,0.0,32.0,0.0,0.0,0.0,1.0
"[0.192, 7.718, 9.922]",85.0,0.192,1304m485o0036233,130.6337674,-48.1409963,1443.916,1443.933,906.636,906.616,9728.7,11198.0,0.003,0.007,0.003,0.006,18.968,45.431,1.0,1.0,21.72,2.59,0.8546,0.7776,9671.4,11241.0,19.241,46.247,2.6441,2.8675,0.00118118,0.000753224,9.22925e-05,0.000178,34.014,40.722,130.6337674,130.6337903,-48.1409963,-48.1409834,1304m485,1304m485w1o0037261,1304m485w2o0052507,228.0,233.0,1.0,1.0,32.0,32.0,160.0,0.0,1.0
[1.159],86.0,1.159,1304m485o0034060,130.5866681,-48.2086159,1355.453,1355.45,947.881,947.88,12388.0,12070.0,0.002,0.006,0.002,0.005,20.136,44.736,1.0,1.0,17.93,5.345,0.9538,0.9459,12417.0,12025.0,20.52,45.804,2.6425,2.867,0.000519991,7.00951e-05,8.54654e-05,0.000171,15.659,30.008,130.5866681,130.5866687,-48.2086159,-48.2086184,1304m485,1304m485w1o0035040,1304m485w2o0029971,224.0,222.0,1.0,1.0,32.0,32.0,160.0,0.0,1.0
[0.322],87.0,0.322,1304m485o0035713,130.6344731,-48.1569777,1422.994,1423.005,906.056,906.055,3668.9,3975.6,0.006,0.015,0.005,0.014,13.722,33.971,0.99947,0.99953,12.5,1.18,0.8058,0.7822,3547.9,3897.4,14.018,34.875,2.64,2.8646,0.00272059,0.00155699,0.000162605,0.000358,57.715,64.689,130.6344731,130.6344748,-48.1569777,-48.1569694,1304m485,1304m485w1o0036725,1304m485w2o0031399,228.0,230.0,1.0,1.0,32.0,32.0,160.0,0.0,1.0
"[1.31, 5.049, 8.5, 9.905]",88.0,1.31,1304m485o0104328,130.5623422,-47.9814289,1652.895,1653.002,968.861,969.251,376.3,518.84,0.034,0.084,0.032,0.08,7.1387,23.088,1.0,1.0,4.995,1.845,0.427,0.4706,369.15,518.75,7.308,23.717,2.641,2.8662,0.00304419,0.00644499,0.000701561,0.001727,-30.76,-26.786,130.5623422,130.5618973,-47.9814289,-47.9813474,1304m485,1304m485w1o0116998,1304m485w2o0097912,214.0,227.0,1.0,1.0,32.0,0.0,0.0,0.0,1.0
[0.29],89.0,0.29,1304m485o0038656,130.5742282,-48.0647465,1543.809,1543.809,958.551,958.549,68213.0,66133.0,0.001,0.002,0.001,0.002,42.003,86.244,1.0,1.0,184.3,26.38,0.9942,0.9931,68044.0,66049.0,42.831,87.966,2.6454,2.8684,0.000338852,-0.00034827,3.79234e-05,7e-05,-19.709,-12.586,130.5742282,130.5742302,-48.0647465,-48.064746,1304m485,1304m485w1o0039791,1304m485w2o0033963,212.0,222.0,1.0,1.0,32.0,32.0,0.0,0.0,1.0
"[2.443, 6.528]",90.0,2.443,1304m485o0151555,130.699095,-48.1891027,1380.816,0.0,849.732,0.0,2168.0,0.0,0.01,0.0,0.011,0.0,14.328,0.0,1.0,0.0,13.01,0.0,0.4075,0.0,2072.4,0.0,14.596,0.0,2.6433,0.0,0.00073868,0.0,0.000267137,0.0,95.334,0.0,130.699095,0.0,-48.1891027,0.0,1304m485,1304m485w1o0109046,,231.0,0.0,1.0,0.0,32.0,0.0,160.0,0.0,1.0
"[0.258, 7.252]",91.0,0.258,1304m485o0039084,130.6345195,-48.0509875,1561.75,1561.748,905.772,905.786,7619.7,8282.6,0.003,0.007,0.003,0.007,16.159,38.351,1.0,1.0,8.981,4.043,0.9264,0.9307,7620.1,8296.1,16.437,39.185,2.643,2.8669,0.000500262,0.00088799,0.000106246,0.000208,-29.021,-24.061,130.6345195,130.6345039,-48.0509875,-48.0509891,1304m485,1304m485w1o0040227,1304m485w2o0034335,215.0,224.0,1.0,1.0,32.0,32.0,0.0,0.0,1.0
"[4.252, 7.689]",92.0,4.252,1304m485o0041505,130.4988008,-47.9714746,1665.949,1665.839,1024.542,1024.526,894.61,1170.3,0.015,0.039,0.014,0.037,8.1648,24.773,1.0,1.0,14.13,2.683,0.8145,0.8061,902.49,1185.7,8.3384,25.408,2.645,2.8684,0.0049538,0.00445181,0.000363878,0.000836,-23.803,-23.458,130.4988008,130.4988197,-47.9714746,-47.9715584,1304m485,1304m485w1o0042733,1304m485w2o0036363,202.0,215.0,1.0,1.0,32.0,32.0,0.0,0.0,1.0
[0.512],93.0,0.512,1304m485o0035774,130.5695924,-48.1551853,1425.415,1425.41,962.714,962.734,4302.5,4971.6,0.005,0.012,0.004,0.011,13.328,34.037,1.0,1.0,40.14,6.704,0.9,0.8943,4424.7,5137.5,13.57,34.824,2.645,2.8685,5.13792e-05,-0.000821352,0.000145293,0.000295,-1.6059,14.393,130.5695924,130.5695704,-48.1551853,-48.1551894,1304m485,1304m485w1o0036788,1304m485w2o0031455,228.0,226.0,1.0,1.0,32.0,32.0,160.0,0.0,1.0
"[0.468, 8.757]",94.0,0.468,1304m485o0033723,130.6380022,-48.2205934,1339.708,1339.698,903.125,903.127,4746.8,5287.7,0.005,0.012,0.004,0.011,14.553,35.738,1.0,1.0,51.91,6.415,0.9445,0.9352,4736.6,5282.0,14.81,36.548,2.6419,2.8665,0.00315148,0.00178379,0.000136841,0.000286,66.219,68.322,130.6380022,130.6379996,-48.2205934,-48.2206009,1304m485,1304m485w1o0034697,1304m485w2o0029672,224.0,226.0,1.0,1.0,32.0,0.0,160.0,0.0,1.0
[1.58],95.0,1.58,1304m485o0034001,130.6572508,-48.2113847,1351.731,1351.729,886.311,886.292,8224.5,8650.9,0.003,0.008,0.003,0.007,17.909,41.239,1.0,1.0,18.59,1.64,0.9262,0.9245,8167.2,8584.7,18.238,42.193,2.6444,2.8678,-0.000784814,0.000123739,0.000104786,0.000212,73.221,76.336,130.6572508,130.6572721,-48.2113847,-48.211386,1304m485,1304m485w1o0034980,1304m485w2o0029923,232.0,227.0,1.0,1.0,32.0,0.0,160.0,0.0,1.0
"[6.751, 8.716]",96.0,6.751,1304m485o0102205,130.596945,-48.0499002,1563.223,1563.207,938.652,938.587,6467.5,7632.2,0.004,0.01,0.004,0.01,18.89,44.351,1.0,1.0,405.1,22.88,0.3741,0.3835,6532.6,7422.1,19.182,45.254,2.6446,2.8683,0.00220996,0.00288665,0.000128678,0.000246,-27.113,-14.509,130.596945,130.5970194,-48.0499002,-48.0499121,1304m485,1304m485w1o0114344,1304m485w2o0095726,221.0,226.0,1.0,1.0,33.0,32.0,0.0,0.0,1.0
"[0.861, 7.407]",97.0,0.861,1304m485o0035688,130.6915348,-48.1573222,1422.437,1422.407,856.226,856.249,3461.2,3903.0,0.007,0.016,0.006,0.015,14.301,34.838,1.0,1.0,26.27,5.985,0.7419,0.7497,3398.1,3949.3,14.558,35.632,2.6441,2.8683,-0.00215137,-0.00199157,0.000174624,0.000367,90.513,87.892,130.6915348,130.6915078,-48.1573222,-48.1573454,1304m485,1304m485w1o0036700,1304m485w2o0031377,222.0,223.0,1.0,1.0,32.0,0.0,160.0,0.0,1.0
"[5.165, 6.592]",98.0,5.165,1304m485o0127291,130.5433234,-48.129178,1459.479,1458.768,985.636,985.577,422.1,401.94,0.036,0.12,0.034,0.113,8.53,25.045,1.0,1.0,37.49,3.732,0.3501,0.2238,320.92,381.91,8.7322,25.723,2.6463,2.8687,0.0184616,0.0178504,0.0008158,0.002578,13.601,4.933,130.5433234,130.5433922,-48.129178,-48.1297208,1304m485,1304m485w1o0154416,1304m485w2o0142276,229.0,225.0,1.0,1.0,32.0,32.0,160.0,0.0,1.0
[4.97],99.0,4.97,1304m485o0136221,130.5864235,-48.0019717,1625.98,1625.634,947.789,948.207,145.05,118.16,0.083,0.356,0.078,0.337,6.6138,21.877,1.0,1.0,17.34,1.54,0.3691,0.3341,161.31,141.33,6.7851,22.509,2.6417,2.8676,-0.00357163,-0.0185353,0.00165237,0.007747,-30.68,-27.968,130.5864235,130.5859464,-48.0019717,-48.0022363,1304m485,1304m485w1o0175709,1304m485w2o0158799,210.0,223.0,1.0,1.0,32.0,32.0,0.0,0.0,1.0
"[0.548, 4.87, 9.448]",100.0,0.548,1304m485o0034859,130.7152454,-48.1836296,1387.943,1387.713,835.616,835.57,8683.2,7688.3,0.003,0.009,0.003,0.008,18.043,41.021,1.0,1.0,297.5,2.063,0.9801,0.8638,7950.8,7610.1,18.358,41.934,2.6443,2.8692,0.00748789,0.00103933,9.71043e-05,0.000232,110.53,96.932,130.7152454,130.715299,-48.1836296,-48.1838049,1304m485,1304m485w1o0035851,1304m485w2o0030673,221.0,225.0,1.0,1.0,32.0,0.0,160.0,0.0,1.0
"[5.899, 7.971]",101.0,5.899,1304m485o0040018,130.5695273,-48.0201421,1602.207,1602.201,962.611,962.604,4812.1,5279.8,0.004,0.01,0.004,0.01,13.4,33.422,1.0,1.0,10.64,2.241,0.9405,0.9426,4809.3,5278.2,13.666,34.235,2.6452,2.8684,0.000180721,0.000728786,0.000135938,0.000277,-24.767,-18.473,130.5695273,130.5695344,-48.0201421,-48.0201462,1304m485,1304m485w1o0041192,1304m485w2o0035111,212.0,216.0,1.0,1.0,32.0,32.0,0.0,0.0,1.0
[6.368],102.0,6.368,1304m485o0036645,130.7210657,-48.1280719,1460.66,1460.662,830.326,830.335,431030.0,418550.0,0.0,0.001,0.0,0.001,102.66,204.49,1.0,1.0,1096.0,269.9,0.9969,0.9953,430260.0,416910.0,104.67,208.18,2.6451,2.8686,0.00252366,0.00224298,1.50166e-05,2.7e-05,89.692,88.679,130.7210657,130.7210552,-48.1280719,-48.1280709,1304m485,1304m485w1o0037692,1304m485w2o0032195,222.0,221.0,1.0,1.0,33.0,0.0,168.0,0.0,1.0
[0.684],103.0,0.684,1304m485o0035234,130.7096984,-48.171938,1403.262,1403.296,840.416,840.533,2655.9,3537.4,0.008,0.017,0.007,0.016,13.137,33.592,1.0,1.0,32.64,1.615,0.842,0.8351,2658.2,3485.0,13.43,34.49,2.6458,2.8694,-0.00260186,0.00167704,0.000208168,0.000389,107.9,101.66,130.7096984,130.7095637,-48.171938,-48.1719121,1304m485,1304m485w1o0036236,1304m485w2o0030990,229.0,225.0,1.0,1.0,32.0,0.0,160.0,0.0,1.0
"[2.075, 9.704]",104.0,2.075,1304m485o0127788,130.6544176,-48.0809987,1522.428,1522.772,888.438,888.535,934.06,1488.0,0.023,0.04,0.019,0.035,11.201,29.737,1.0,1.0,43.03,8.738,0.1561,0.2205,917.25,1426.6,11.395,30.444,2.6469,2.8689,0.00690716,0.00995761,0.00045657,0.000783,-24.199,-14.458,130.6544176,130.6543066,-48.0809987,-48.0807359,1304m485,1304m485w1o0155357,1304m485w2o0127949,222.0,222.0,1.0,1.0,162.0,162.0,160.0,0.0,1.0
"[0.469, 9.809]",105.0,0.469,1304m485o0035771,130.6885005,-48.155391,1424.972,1424.976,858.869,858.853,4458.5,4833.1,0.005,0.013,0.005,0.012,14.826,35.934,1.0,1.0,27.18,2.6,0.8585,0.8425,4426.4,4835.3,15.118,36.813,2.6406,2.8652,0.00177336,0.00074923,0.000145157,0.000313,85.573,85.047,130.6885005,130.6885191,-48.155391,-48.1553881,1304m485,1304m485w1o0036785,1304m485w2o0031452,222.0,220.0,1.0,1.0,32.0,0.0,160.0,0.0,1.0
"[0.549, 8.467]",106.0,0.549,1304m485o0037427,130.5846209,-48.1027037,1494.108,1494.107,949.514,949.481,4391.2,5066.3,0.005,0.012,0.005,0.011,14.325,35.781,1.0,1.0,78.29,6.766,0.6949,0.6937,4401.2,4968.6,14.589,36.604,2.6452,2.8682,0.00339156,0.00199318,0.000142606,0.000297,-13.043,0.078901,130.5846209,130.5846576,-48.1027037,-48.1027039,1304m485,1304m485w1o0038513,1304m485w2o0032885,225.0,225.0,1.0,1.0,32.0,32.0,160.0,0.0,1.0
[],107.0,,,,,,,,,,,,,,,,,,,,,,,,,,,,,,,,,,,,,,,,,,,,,,,,,,
"[1.289, 9.552]",108.0,1.289,1304m485o0035915,130.5623344,-48.1504993,1431.555,1431.496,969.048,969.027,3325.4,3617.6,0.006,0.015,0.005,0.014,12.206,31.683,1.0,1.0,35.11,5.308,0.8677,0.8365,3361.9,3624.3,12.458,32.499,2.6421,2.8668,0.00114316,8.01682e-05,0.000167386,0.000368,-2.3678,12.535,130.5623344,130.5623584,-48.1504993,-48.1505449,1304m485,1304m485w1o0036933,1304m485w2o0031569,227.0,224.0,1.0,1.0,32.0,32.0,160.0,0.0,1.0
"[0.502, 7.147, 7.765, 8.797]",109.0,0.502,1304m485o0205884,130.6276654,-48.1773099,0.0,1396.386,0.0,912.046,0.0,465.97,0.0,0.111,0.0,0.101,0.0,26.349,0.0,1.0,0.0,3.119,0.0,0.2797,0.0,479.84,0.0,27.032,0.0,2.8666,0.0,0.00625187,0.0,0.002158,0.0,50.558,0.0,130.6276654,0.0,-48.1773099,1304m485,,1304m485w2o0126305,0.0,221.0,0.0,1.0,0.0,32.0,0.0,0.0,1.0
"[0.813, 4.461, 7.708]",110.0,0.813,1304m485o0035746,130.6081799,-48.1559113,1424.426,1424.1,929.016,929.037,4548.1,5252.9,0.005,0.012,0.004,0.011,14.579,35.593,1.0,1.0,69.5,3.146,0.797,0.8372,4409.8,5143.0,14.87,36.475,2.642,2.8648,0.00112093,-2.23517e-05,0.000144472,0.000291,35.417,43.147,130.6081799,130.6081566,-48.1559113,-48.15616,1304m485,1304m485w1o0036759,1304m485w2o0031427,222.0,232.0,1.0,1.0,32.0,32.0,160.0,0.0,1.0
"[2.577, 6.06, 7.29, 8.821]",111.0,2.577,1304m485o0205938,130.6200085,-48.1650888,0.0,1412.396,0.0,918.705,0.0,648.6,0.0,0.082,0.0,0.078,0.0,27.604,0.0,1.0,0.0,5.279,0.0,0.2265,0.0,594.97,0.0,28.316,0.0,2.8687,0.0,0.00968611,0.0,0.001627,0.0,51.596,0.0,130.6200085,0.0,-48.1650888,1304m485,,1304m485w2o0126525,0.0,235.0,0.0,1.0,0.0,32.0,0.0,0.0,1.0
"[0.175, 8.231]",112.0,0.175,1304m485o0036623,130.6408483,-48.1285632,1460.182,1460.183,900.42,900.416,6671.9,6796.2,0.004,0.009,0.003,0.009,16.044,37.686,1.0,1.0,21.77,1.665,0.9148,0.9051,6496.3,6811.9,16.325,38.527,2.6453,2.8684,0.000360668,-0.000394344,0.00011493,0.000244,25.057,31.36,130.6408483,130.640853,-48.1285632,-48.1285627,1304m485,1304m485w1o0037670,1304m485w2o0032176,223.0,219.0,1.0,1.0,32.0,32.0,160.0,0.0,1.0
[1.03],113.0,1.03,1304m485o0036834,130.7403562,-48.1214612,1469.264,1469.237,813.443,813.618,539490.0,598560.0,0.001,0.001,0.001,0.0,395.79,241.85,0.13073,1.0,582.4,130.5,0.703,0.9973,551560.0,598340.0,482.27,246.45,2.6458,2.8684,0.00600433,0.000209987,6.09951e-05,2.3e-05,30.651,38.686,130.7403562,130.7401554,-48.1214612,-48.1214823,1304m485,1304m485w1o0037892,1304m485w2o0032368,180.0,224.0,1.0,1.0,33.0,1.0,184.0,8.0,1.0
"[0.634, 8.474]",114.0,0.634,1304m485o0034781,130.626763,-48.1856673,1385.447,1385.477,912.852,912.868,7475.6,7668.1,0.003,0.008,0.003,0.008,16.724,38.76,1.0,1.0,17.64,6.26,0.9515,0.9505,7570.6,7793.5,17.031,39.654,2.6428,2.8673,-0.000724792,-0.000660956,0.000110312,0.000225,39.649,44.274,130.626763,130.6267446,-48.1856673,-48.1856446,1304m485,1304m485w1o0035773,1304m485w2o0030607,231.0,228.0,1.0,1.0,32.0,32.0,160.0,0.0,1.0
"[3.872, 6.432]",115.0,3.872,1304m485o0036307,130.6160753,-48.1381149,1447.714,1447.849,922.086,922.299,1680.4,1837.9,0.012,0.03,0.011,0.028,11.394,29.741,1.0,1.0,51.1,14.64,0.4941,0.4873,1663.2,1787.2,11.62,30.486,2.6415,2.8672,0.00439823,0.00797009,0.000265564,0.000645,19.78,33.945,130.6160753,130.6158314,-48.1381149,-48.1380118,1304m485,1304m485w1o0037337,1304m485w2o0031910,230.0,228.0,1.0,1.0,32.0,32.0,160.0,0.0,1.0
[0.535],116.0,0.535,1304m485o0100644,130.521029,-48.1003678,1497.204,1496.89,1005.106,1005.013,2220.5,2424.6,0.011,0.024,0.01,0.023,14.771,33.451,1.0,1.0,29.82,28.84,0.316,0.366,2322.0,2782.7,15.034,34.33,2.6411,2.8648,-0.00434488,-0.0109812,0.000277012,0.000583,-10.196,-26.364,130.521029,130.5211357,-48.1003678,-48.1006077,1304m485,1304m485w1o0112422,1304m485w2o0094168,230.0,231.0,1.0,1.0,163.0,162.0,160.0,0.0,1.0
[],117.0,,,,,,,,,,,,,,,,,,,,,,,,,,,,,,,,,,,,,,,,,,,,,,,,,,
[],118.0,,,,,,,,,,,,,,,,,,,,,,,,,,,,,,,,,,,,,,,,,,,,,,,,,,
"[0.319, 6.498, 7.316, 7.551]",119.0,0.319,1304m485o0060342,130.612609,-48.0691728,1537.973,1538.055,924.981,924.924,4772.2,5187.5,0.005,0.013,0.006,0.014,16.473,40.116,1.0,1.0,62.38,7.808,0.4193,0.3894,4714.5,5200.5,16.679,40.8,2.6399,2.8648,-0.000566602,0.000219107,0.000147027,0.000323,-20.657,-18.095,130.612609,130.6126747,-48.0691728,-48.0691104,1304m485,1304m485w1o0062791,1304m485w2o0053039,219.0,222.0,1.0,1.0,32.0,32.0,0.0,0.0,1.0
[0.06],120.0,0.06,1304m485o0038862,130.5666149,-48.0578338,1552.865,1552.845,965.204,965.212,3695.4,4016.9,0.005,0.013,0.005,0.013,12.446,31.799,1.0,1.0,14.99,1.672,0.8662,0.846,3669.0,3994.7,12.713,32.649,2.642,2.8663,-0.000440538,-0.00106567,0.000158546,0.00034,-19.832,-11.514,130.5666149,130.5666052,-48.0578338,-48.0578489,1304m485,1304m485w1o0040000,1304m485w2o0034140,221.0,220.0,1.0,1.0,32.0,32.0,0.0,0.0,1.0
[9.223],121.0,9.223,1304m485o0127502,130.6370941,-48.1070383,1488.367,1487.798,903.65,903.679,336.83,214.1,0.04,0.203,0.036,0.191,7.5207,22.661,1.0,1.0,20.06,4.023,0.3836,0.2841,375.02,293.65,7.7207,23.353,2.6458,2.8677,-0.00799376,-0.00738823,0.000848484,0.004055,-19.881,-16.745,130.6370941,130.6370624,-48.1070383,-48.107473,1304m485,1304m485w1o0154824,1304m485w2o0142398,223.0,223.0,1.0,1.0,32.0,32.0,160.0,0.0,1.0
[],122.0,,,,,,,,,,,,,,,,,,,,,,,,,,,,,,,,,,,,,,,,,,,,,,,,,,
"[0.453, 5.637, 8.279, 8.843]",123.0,0.453,1304m485o0040449,130.5889939,-48.006877,1619.556,1619.581,945.545,945.614,2193.3,2181.4,0.007,0.022,0.007,0.021,10.4,27.085,1.0,1.0,11.77,1.463,0.8194,0.8216,2197.5,2182.6,10.607,27.785,2.6471,2.8696,0.000228763,0.000323296,0.000205309,0.000505,-29.936,-27.964,130.5889939,130.5889148,-48.006877,-48.0068578,1304m485,1304m485w1o0041631,1304m485w2o0035465,209.0,227.0,1.0,1.0,32.0,32.0,0.0,0.0,1.0
"[1.255, 9.435]",124.0,1.255,1304m485o0038559,130.5202545,-48.0678254,1539.807,1539.804,1005.772,1005.773,3890.4,4374.3,0.005,0.013,0.005,0.012,13.217,33.613,1.0,1.0,13.84,2.116,0.7707,0.7036,3926.9,4399.8,13.436,34.346,2.6427,2.8667,0.000723183,0.000166357,0.000150807,0.000321,-21.447,-25.788,130.5202545,130.5202537,-48.0678254,-48.0678276,1304m485,1304m485w1o0039690,1304m485w2o0033878,213.0,216.0,1.0,1.0,32.0,32.0,0.0,0.0,1.0
"[0.743, 8.138]",125.0,0.743,1304m485o0037579,130.6749588,-48.0982005,1499.87,1499.915,870.524,870.628,4308.9,4299.6,0.005,0.013,0.004,0.012,12.967,32.322,1.0,1.0,142.7,1.972,0.9039,0.8723,4354.4,4442.4,13.204,33.087,2.6453,2.8676,0.00548053,-0.000405312,0.000139825,0.000323,-21.207,-14.687,130.6749588,130.6748401,-48.0982005,-48.0981663,1304m485,1304m485w1o0038677,1304m485w2o0033024,215.0,216.0,1.0,1.0,32.0,0.0,160.0,0.0,1.0
"[0.158, 9.937]",126.0,0.158,1304m485o0036257,130.6299776,-48.1398825,1445.38,1445.361,909.944,909.956,17687.0,32780.0,0.002,0.003,0.002,0.003,23.561,65.368,1.0,1.0,54.03,7.607,0.9474,0.9616,17530.0,32772.0,23.918,66.536,2.6418,2.8663,0.00245208,0.000756144,6.94479e-05,9.9e-05,31.2,39.288,130.6299776,130.6299638,-48.1398825,-48.139897,1304m485,1304m485w1o0037285,1304m485w2o0031864,226.0,233.0,1.0,1.0,32.0,32.0,160.0,0.0,1.0
[0.499],127.0,0.499,1304m485o0099834,130.6147328,-48.1270106,1462.252,1462.335,923.237,923.286,4467.6,4937.1,0.006,0.014,0.005,0.013,16.153,38.893,1.0,1.0,50.45,6.951,0.3961,0.3548,4674.4,5031.7,16.406,39.699,2.6433,2.8683,-0.00353473,-0.000970304,0.000155353,0.000324,1.9011,18.368,130.6147328,130.6146762,-48.1270106,-48.1269472,1304m485,1304m485w1o0111435,1304m485w2o0093373,232.0,236.0,1.0,1.0,34.0,32.0,160.0,0.0,1.0
"[0.919, 5.984, 9.624]",128.0,0.919,1304m485o0059373,130.6173429,-48.1935935,1375.084,1375.085,921.09,921.036,5883.8,6715.2,0.004,0.01,0.004,0.01,16.716,40.172,1.0,1.0,14.2,2.625,0.6201,0.6113,5938.7,6809.5,16.955,40.945,2.6403,2.8647,-0.000337422,-0.000244796,0.000122337,0.000249,35.018,40.391,130.6173429,130.6174045,-48.1935935,-48.1935921,1304m485,1304m485w1o0061745,1304m485w2o0052111,228.0,222.0,1.0,1.0,32.0,32.0,160.0,0.0,1.0
[9.563],129.0,9.563,1304m485o0037374,130.5578151,-48.1045568,1491.703,1491.727,972.95,972.938,7650.1,7966.9,0.004,0.009,0.003,0.009,18.741,43.373,0.99613,0.99547,37.88,5.147,0.6504,0.6041,7743.1,7976.4,19.134,44.552,2.6413,2.8659,-0.00147319,-0.000613987,0.000112571,0.000235,-14.174,-2.7403,130.5578151,130.5578283,-48.1045568,-48.104539,1304m485,1304m485w1o0038457,1304m485w2o0032836,229.0,219.0,1.0,1.0,32.0,32.0,160.0,0.0,1.0
[],130.0,,,,,,,,,,,,,,,,,,,,,,,,,,,,,,,,,,,,,,,,,,,,,,,,,,
"[2.236, 2.491, 9.233]",131.0,2.236,1304m485o0152660,130.6707479,-48.0355499,1581.897,0.0,874.023,0.0,390.06,0.0,0.036,0.0,0.032,0.0,7.7696,0.0,1.0,0.0,16.29,0.0,0.3529,0.0,393.6,0.0,7.9378,0.0,2.6401,0.0,0.000356257,0.0,0.00075507,0.0,-30.163,0.0,130.6707479,0.0,-48.0355499,0.0,1304m485,1304m485w1o0114899,,217.0,0.0,1.0,0.0,32.0,0.0,0.0,0.0,1.0
[7.421],132.0,7.421,1304m485o0100094,130.6022421,-48.1178582,1474.25,1474.151,934.135,934.061,828.47,606.4,0.017,0.074,0.016,0.071,8.7014,24.311,1.0,1.0,13.53,3.674,0.6222,0.5361,920.49,753.22,8.8881,24.957,2.6418,2.8651,-0.00510836,-0.00824481,0.000421477,0.001598,-8.2328,-1.4033,130.6022421,130.6023277,-48.1178582,-48.1179331,1304m485,1304m485w1o0111756,1304m485w2o0093638,219.0,225.0,1.0,1.0,32.0,32.0,160.0,0.0,1.0
"[0.317, 9.114]",133.0,0.317,1304m485o0100681,130.5568917,-48.0986828,1499.394,1499.378,973.751,973.649,19709.0,20751.0,0.002,0.005,0.002,0.005,28.047,61.001,0.99067,0.99049,92.92,58.7,0.7113,0.682,19707.0,21041.0,28.44,62.168,2.6442,2.869,-0.000944555,0.0037595,6.70323e-05,0.00013,-17.102,-0.36268,130.5568917,130.5570081,-48.0986828,-48.0986948,1304m485,1304m485w1o0112474,1304m485w2o0033006,225.0,229.0,1.0,1.0,35.0,34.0,160.0,0.0,1.0
"[0.123, 7.416, 8.372]",134.0,0.123,1304m485o0201320,130.6020889,-48.0959933,0.0,1502.874,0.0,934.231,0.0,3252.5,0.0,0.022,0.0,0.02,0.0,39.514,0.0,1.0,0.0,3.139,0.0,0.1842,0.0,3160.3,0.0,40.221,0.0,2.8663,0.0,0.000741363,0.0,0.000495,0.0,-7.4329,0.0,130.6020889,0.0,-48.0959933,1304m485,,1304m485w2o0094278,0.0,230.0,0.0,1.0,0.0,32.0,0.0,0.0,1.0
[0.321],135.0,0.321,1304m485o0035820,130.550452,-48.1540301,1426.941,1426.963,979.429,979.425,3991.5,4771.4,0.005,0.012,0.005,0.012,13.459,34.589,1.0,1.0,23.66,5.237,0.744,0.7239,3965.3,4706.9,13.729,35.491,2.6448,2.8678,0.00035131,0.000446379,0.000151798,0.000307,-3.7461,11.01,130.550452,130.5504569,-48.1540301,-48.1540127,1304m485,1304m485w1o0036835,1304m485w2o0031496,228.0,233.0,1.0,1.0,32.0,32.0,160.0,0.0,1.0
"[1.828, 6.043, 7.901]",136.0,1.828,1304m485o0206091,130.5584433,-48.1201351,0.0,1471.309,0.0,972.416,0.0,2997.5,0.0,0.023,0.0,0.02,0.0,35.257,0.0,1.0,0.0,35.58,0.0,0.2706,0.0,2969.5,0.0,35.883,0.0,2.8692,0.0,0.00835675,0.0,0.000463,0.0,0.13602,0.0,130.5584433,0.0,-48.1201351,1304m485,,1304m485w2o0127247,0.0,226.0,0.0,1.0,0.0,32.0,0.0,0.0,1.0
"[0.241, 5.38]",137.0,0.241,1304m485o0035773,130.5860489,-48.1550569,1425.569,1425.523,948.342,948.344,5982.3,6072.6,0.004,0.011,0.004,0.01,16.11,37.986,1.0,1.0,11.81,3.65,0.7701,0.7623,6048.5,6192.9,16.397,38.872,2.6459,2.8694,-0.000537634,-0.00117296,0.00012763,0.000273,10.115,29.044,130.5860489,130.586047,-48.1550569,-48.1550919,1304m485,1304m485w1o0036787,1304m485w2o0031454,235.0,232.0,1.0,1.0,32.0,32.0,160.0,0.0,1.0
"[0.638, 7.048]",138.0,0.638,1304m485o0036949,130.6218867,-48.1182633,1473.694,1473.687,916.967,916.977,4187.4,3934.1,0.005,0.014,0.005,0.014,13.793,32.978,1.0,1.0,43.24,7.157,0.7388,0.687,4229.3,4143.4,14.042,33.778,2.6414,2.8661,-0.00148886,-0.00324464,0.000144939,0.000349,-7.1285,-2.2088,130.6218867,130.6218762,-48.1182633,-48.1182691,1304m485,1304m485w1o0038011,1304m485w2o0032464,225.0,233.0,1.0,1.0,40.0,40.0,160.0,0.0,1.0
[8.57],139.0,8.57,1304m485o0101085,130.6958802,-48.0855367,1516.405,1516.233,852.19,852.25,1355.2,1540.9,0.014,0.035,0.012,0.032,10.854,28.928,1.0,1.0,48.76,2.514,0.3048,0.2707,1403.1,1566.8,11.067,29.65,2.6435,2.8672,-0.00749046,-0.00136876,0.000323749,0.000728,-21.61,-20.155,130.6958802,130.6958128,-48.0855367,-48.0856679,1304m485,1304m485w1o0112969,1304m485w2o0094623,218.0,220.0,1.0,1.0,32.0,0.0,160.0,0.0,1.0
[3.135],140.0,3.135,1304m485o0038094,130.6176407,-48.0811062,1522.344,1522.375,920.603,920.582,1760.0,1730.2,0.009,0.027,0.008,0.026,10.058,26.7,1.0,1.0,40.94,4.34,0.8378,0.7934,1599.1,1720.3,10.277,27.43,2.6462,2.8696,-0.000795722,-0.00190014,0.00024494,0.000622,-11.746,-14.32,130.6176407,130.6176656,-48.0811062,-48.0810828,1304m485,1304m485w1o0039208,1304m485w2o0033488,206.0,222.0,1.0,1.0,32.0,32.0,160.0,0.0,1.0
"[2.562, 7.201, 8.139, 9.903, 9.957]",141.0,2.562,1304m485o0151543,130.5896731,-48.1903163,1379.406,0.0,945.231,0.0,222.33,0.0,0.072,0.0,0.065,0.0,8.5707,0.0,1.0,0.0,7.021,0.0,0.1929,0.0,187.65,0.0,8.7625,0.0,2.6441,0.0,0.0127138,0.0,0.00147999,0.0,27.458,0.0,130.5896731,0.0,-48.1903163,0.0,1304m485,1304m485w1o0108985,,230.0,0.0,1.0,0.0,32.0,0.0,160.0,0.0,1.0
