name,ra,dec,PU_X,significance,F_b,HR_hms,P_inter,P_intra,G,J,W1,cp_counts,CSC_flags,Class,Class_prob,Class_prob_e,CT,PU_TeV,TeV_extent,true_Class,P_AGN,P_CV,P_HM-STAR,P_LM-STAR,P_HMXB,P_LMXB,P_NS,P_YSO,e_P_AGN,e_P_CV,e_P_HM-STAR,e_P_LM-STAR,e_P_HMXB,e_P_LMXB,e_P_NS,e_P_YSO
IC2395_CXO-1.0,130.60830585289628,-48.19215380879279,0.5082845551126374,10.615701,1.6521599718538043e-14,-0.4107767353053374,0.731,0.9999052286807372,,,,0,,LMXB,0.5243,0.12156600235794932,1.0066133492339666,12,p,,0.03,0.0241,0.0005,0.1134,0.0,0.5243,0.3032,0.0045000000000000005,0.0337848211688939,0.021700207139541083,0.0021904291355759036,0.05632194613258332,0.0,0.12156600235794932,0.09808139271013434,0.0074366007223078965
IC2395_CXO-10.0,130.61568133588983,-48.13707205600194,0.9009445020723782,3.244619,4.518878423757295e-15,-0.6361104443197414,,0.4626431652276311,20.224592,,,3,,NS,0.34630000000000005,0.15989046124131237,0.137898378064051,12,p,,0.036699999999999997,0.1591,0.0294,0.0621,0.0012,0.3085,0.34630000000000005,0.0567,0.02923450984122302,0.09671466937712844,0.02364809343757596,0.056965256113181865,0.0049807711057707526,0.11422443793786959,0.15989046124131237,0.04653780911009539
IC2395_CXO-100.0,130.57573266057057,-48.05383916235621,1.1735104196892188,5.0337744,9.724369235617244e-15,0.1970987903556492,,0.6025730698478202,17.882193,,,3,,CV,0.3997,0.09139165357643085,0.8716467069613754,12,p,,0.026000000000000002,0.3997,0.030699999999999998,0.016300000000000002,0.0036,0.2556,0.11,0.15810000000000002,0.01959179378817529,0.09139165357643085,0.028078353573419146,0.013973640408376993,0.00882146143324233,0.07392761952946227,0.06066966359563961,0.07689288101973521
IC2395_CXO-101.0,130.58764301943748,-48.05011273620167,1.1888156676890855,4.5857134,3.016217043064372e-15,0.5948882247083708,,,,,,0,,NS,0.4769,0.198095451943774,0.16839144884425022,12,p,,0.4104,0.0009,0.0622,0.0,0.0,0.0333,0.4769,0.016300000000000002,0.19681771292546849,0.005522223238420328,0.07842618610302728,0.0,0.0,0.07533165726212708,0.198095451943774,0.02611764371323173
IC2395_CXO-102.0,130.5713452581979,-48.021240382931005,1.3751330287326955,6.3894906,5.411143049234996e-15,0.3077464158902427,0.192,0.0129217183677687,,,,0,,AGN,0.37549999999999994,0.19590440360935063,0.2203867078928116,12,p,,0.37549999999999994,0.0151,0.0614,0.0013,0.0,0.29359999999999997,0.2492,0.0039000000000000003,0.19590440360935063,0.028762173531613124,0.0384029670570892,0.004852365870939098,0.0,0.17571510458636722,0.151255219460822,0.0064970855937197865
IC2395_CXO-103.0,130.5368140073166,-48.01789408460714,1.390909763866515,10.280297,1.0936364832428434e-14,-0.7347969950389354,0.97,0.7201436152670818,12.34317,,,3,,HM-STAR,0.3583,0.07940504780026024,0.9198872115617198,12,p,,0.008100000000000001,0.0863,0.3583,0.1484,0.0006,0.16879999999999998,0.0006,0.2289,0.012925192689496202,0.05010403318510539,0.07940504780026024,0.04846575381575421,0.006,0.046823977281782114,0.0023868325657594204,0.06126437163901407
IC2395_CXO-104.0,130.63528276119044,-48.01290043415588,1.4363293438468463,6.064333,8.466922562422535e-15,-0.36027690161519527,,0.05125010536451,,,,0,,LMXB,0.5106,0.2412836881801548,0.1472776403313749,12,p,,0.024700000000000003,0.0167,0.0047,0.002,0.0,0.5106,0.4407,0.0006000000000000001,0.03500230872616286,0.029680282881387635,0.007971540286886502,0.005124707431905382,0.0,0.2412836881801548,0.23333010820281935,0.0027779797906341427
IC2395_CXO-105.0,130.52440104618242,-48.00601696824588,1.7488553206123203,8.865565,1.729724252663469e-14,0.146298692334537,,0.5845220374788258,16.957285,13.6899995803833,12.669,9,,YSO,0.4362,0.16634380849993377,0.6189751440531323,12,p,,0.0125,0.2263,0.0405,0.0661,0.0254,0.18760000000000002,0.0054,0.4362,0.012583057392117918,0.17276512344448428,0.05107678909092059,0.03606657704576329,0.026908749656585837,0.084568064751167,0.011319064100941037,0.16634380849993377
IC2395_CXO-106.0,130.57078683070668,-47.98650832366783,1.2469440877499758,15.278761,7.10992796912618e-14,-0.22808726579212782,,0.9764211935617276,,,15.095286941798422,2,,AGN,0.3516,0.12239792696468568,0.7223393339692636,12,p,,0.3516,0.07200000000000001,0.0027,0.1884,0.0012000000000000001,0.11900000000000001,0.2155,0.0496,0.12239792696468568,0.032504855892091816,0.005835281060112276,0.072288982353447,0.0035618630921006337,0.04839859752538541,0.06601767440112787,0.026549743668986502
IC2395_CXO-107.0,130.6381544019645,-48.22051209113088,1.7127907143465826,4.759611,5.232756310037579e-15,0.0775839252707167,0.064,0.9682745417794584,17.413223,,,3,,YSO,0.396,0.07318166133366716,1.0641735694906957,12,p,,0.042800000000000005,0.0959,0.1567,0.0177,0.0023,0.24059999999999998,0.048,0.396,0.029612991961794285,0.05348642799624949,0.08852386541195967,0.02154886389936916,0.005096047190685833,0.0728471486793208,0.03324229993623343,0.07318166133366716
IC2395_CXO-108.0,130.7510634768544,-48.21839496871623,1.9569703730082333,9.683193,1.337636045069578e-14,-0.021305919068893796,0.947,0.875517234334866,10.333393,10.208000183105469,10.129,9,,HM-STAR,0.5154,0.13033306207830408,1.1138397796913837,12,p,,0.0014000000000000002,0.0015,0.5154,0.24230000000000002,0.0012000000000000001,0.0034999999999999996,0.0,0.2347,0.003765875486765087,0.005924610544247621,0.13033306207830408,0.11485480513511949,0.007286350876186864,0.009142530206997327,0.0,0.09544637290651804
IC2395_CXO-109.0,130.68704870562297,-48.21189490127711,1.5567527270472534,7.1935277,1.2638870185025014e-14,-0.5293212815394086,0.956,0.9601105074654211,14.950864,,,3,,YSO,0.31120000000000003,0.09406939196705007,0.20103998938073864,12,p,,0.0051,0.2656,0.15689999999999998,0.0959,0.0009,0.1579,0.006500000000000001,0.31120000000000003,0.00846800275785682,0.13275115324120043,0.10540633258725467,0.06092046479060242,0.00404395046378357,0.06272104346173851,0.010187633620614691,0.09406939196705007
IC2395_CXO-11.0,130.5792457691213,-48.13680822935239,0.1780834015864659,106.086174,1.1513824206802314e-13,-0.49688760162703866,0.131,0.9922859157010132,13.13468,,10.99,5,,CV,0.3627,0.07956770828684338,1.309044996610544,12,p,,0.0248,0.3627,0.0722,0.1744,0.002,0.1518,0.021,0.1911,0.016421223025602134,0.07956770828684338,0.04115945833099618,0.053528431037094,0.00426401432711221,0.051959191446341584,0.015795409127178365,0.051520222566807036
IC2395_CXO-110.0,130.6578184718083,-48.21116211031022,1.6459148405078985,4.9877768,6.024939428224086e-15,0.25101843825308723,,0.3142897686854182,16.08141,,,3,,HM-STAR,0.27399999999999997,0.16211356538182753,0.11141109421190812,12,p,,0.04020000000000001,0.23190000000000002,0.27399999999999997,0.0126,0.0051,0.149,0.0394,0.24780000000000002,0.02585819917640176,0.10644574660218682,0.16211356538182753,0.016491197529579105,0.009795381306998467,0.0607777870108759,0.03544294034362866,0.07305152464203092
IC2395_CXO-111.0,130.58678087000123,-48.20830281382721,1.6639733105440264,4.2981873,7.552940981867834e-15,0.06615496728409202,,0.1851148745406118,15.268388,,,3,,CV,0.3211,0.1338995175797165,0.15899825809332124,12,p,,0.0197,0.3211,0.2729,0.044199999999999996,0.0029000000000000002,0.10679999999999999,0.0263,0.2061,0.018337740517106443,0.1338995175797165,0.16924845761199833,0.04630116607384721,0.008201379534116579,0.0513234937441033,0.023641044602533745,0.06711809282032963
IC2395_CXO-112.0,130.61760098712634,-48.193404742792566,1.4267897699752503,4.6067524,2.722784826793363e-15,0.41967279279642866,,0.4139931382466161,17.242052,,13.079,5,,YSO,0.3522,0.0709755968874891,1.5004994242596417,12,p,,0.1435,0.153,0.1243,0.0633,0.0177,0.1145,0.0315,0.3522,0.051705752566661746,0.05721658303094807,0.08090716715452158,0.044812854396834835,0.015625348480962437,0.044820066754059876,0.0261840802894824,0.0709755968874891
IC2395_CXO-113.0,130.71442657496104,-48.18929641690453,1.7076574534260105,4.9825916,1.014210222142074e-14,0.23733435651544976,,0.2857384573743319,,,,0,,NS,0.6364,0.2126671416352633,0.6946497845233479,12,p,,0.0088,0.0031,0.002,0.0079,0.0,0.34119999999999995,0.6364,0.0006,0.012892719737209148,0.013904072508557783,0.0055048188256318015,0.03235831587182198,0.0,0.2122952013712334,0.2126671416352633,0.003428932159955306
IC2395_CXO-114.0,130.56978570503756,-48.15524538245912,1.2404788922548653,3.3373787,6.198759084172093e-15,0.30403778733398157,,1.4869316473653529e-06,17.6906,14.53600025177002,13.568,9,,YSO,0.4395,0.206521821186679,0.8248748444199822,12,p,,0.0322,0.1525,0.0675,0.0759,0.064,0.1439,0.0245,0.4395,0.027545371203660966,0.14140974921029018,0.08144372786213074,0.057191773795704136,0.08871700553280117,0.10072359417853606,0.0291070819942883,0.206521821186679
IC2395_CXO-115.0,130.55035032178864,-48.1539723265959,1.514705708804872,3.1847966,2.1920142609644104e-15,-0.6511497403001156,,,18.609602,,,3,,YSO,0.29059999999999997,0.06629929079255642,0.3927565572529405,12,p,,0.0757,0.1663,0.12530000000000002,0.020500000000000004,0.003,0.23120000000000002,0.0874,0.29059999999999997,0.03761192052603224,0.07903016940869911,0.06448639352216054,0.019403998338361903,0.005773502691896257,0.0849394317776324,0.057359754306843175,0.06629929079255642
IC2395_CXO-116.0,130.8074544011045,-48.12243839925391,2.562999585000232,4.749144,3.468017083847956e-14,-0.4510993361793407,,,,,,0,,NS,0.6865000000000001,0.1647794669468036,1.2698810969180065,12,p,,0.0048,0.0036,0.0064,0.0168,0.0,0.2814,0.6865000000000001,0.0005,0.011932469919670377,0.00990051524013786,0.014461373141279257,0.03832028763519977,0.0,0.1542267777978227,0.1647794669468036,0.002190429135575903
IC2395_CXO-117.0,130.7401145552963,-48.121224960236425,1.5839755716742665,3.8536766,4.288516211242901e-15,-0.24091142748625335,0.575,0.0055388498002133,8.897943,,,3,,HM-STAR,0.2748,0.07040259407525587,0.2556770716212888,12,p,,0.0070999999999999995,0.235,0.2748,0.20170000000000002,0.0009,0.13,0.0026,0.1479,0.01165973820244241,0.08526251796479489,0.07040259407525587,0.06448012770371093,0.00404395046378357,0.05480912701403303,0.004631905164675273,0.049793411596152325
IC2395_CXO-118.0,130.52096532782696,-48.10051028901147,1.5822755458763795,3.0461314,3.260151076565096e-15,-0.15397232295750696,,0.8911178980166833,18.174932,,14.129873056225764,5,,YSO,0.43060000000000004,0.09722222799422783,1.3954859254259702,12,p,,0.1361,0.095,0.0636,0.0508,0.006500000000000001,0.18600000000000003,0.031400000000000004,0.43060000000000004,0.05161815904731923,0.0475352075791824,0.03622377142377111,0.061818894826547635,0.008804842561071297,0.07805721807065182,0.024619118792130027,0.09722222799422783
IC2395_CXO-119.0,130.77056665656926,-48.08212243677911,1.9093312075013225,4.6942554,9.400052238202724e-15,-0.3056145432781579,,0.9999999999801504,,,16.228,2,,NS,0.3262,0.07179910243945331,0.6346565678249634,12,p,,0.2289,0.0354,0.0033,0.1797,0.0003,0.16740000000000002,0.3262,0.0588,0.08151216058498463,0.020371300866412503,0.006971080231639828,0.06306089729520799,0.001714466079977653,0.05883756101215094,0.07179910243945331,0.03417956149868551
IC2395_CXO-12.0,130.6523779416921,-48.13373715531083,0.2529882549665628,20.99404,1.189122675621044e-14,-0.26639914714338725,,0.980665157417856,14.948035,,,3,,YSO,0.3135,0.09689497594631191,0.15030721895093185,12,p,,0.0064,0.1948,0.2729,0.0484,0.0015,0.1577,0.0048,0.3135,0.008589399151150083,0.0937165293786954,0.17321846426878504,0.0347202383271623,0.0035887028128263657,0.07095104301594518,0.008584693919818557,0.09689497594631191
IC2395_CXO-120.0,130.5203390251555,-48.06816945614357,1.425889012300929,4.497369,3.1954780233515856e-15,-0.372993951835365,0.677,0.3253592295606381,,,13.521014358599698,2,,NS,0.2504,0.0990553360297142,0.0027021561005006888,12,p,,0.21080000000000002,0.024399999999999998,0.015,0.2499,0.0006,0.046,0.2504,0.2029,0.07668221186273654,0.01950498511777039,0.014177803109441924,0.08598208645944334,0.00238683256575942,0.02597590180816587,0.0990553360297142,0.08103241650878075
IC2395_CXO-121.0,130.5666248006105,-48.05784906780513,1.188938256479446,4.5785336,3.80293103866649e-15,-0.60347184827432,,5.4177864750037954e-08,17.496025,14.675000190734863,13.638,9,,YSO,0.4386,0.15522560967504653,0.18628965572806172,12,p,,0.0068000000000000005,0.1274,0.0202,0.3757,0.0116,0.0155,0.0042,0.4386,0.010138435717006782,0.1350766336924968,0.05681762423968837,0.18242062062245826,0.023212675046798956,0.021852351189866333,0.010462052640593309,0.15522560967504653
IC2395_CXO-122.0,130.78264909183957,-48.03481055597508,1.552223072460577,9.755827,3.6621077687724325e-14,-0.022679994222640457,,0.3567541007498265,20.643436,,,3,,CV,0.7097,0.15286790362792302,1.5764989296039378,12,p,,0.0041,0.7097,0.0023,0.0028000000000000004,0.0003,0.265,0.009899999999999999,0.0059,0.010453842751965819,0.15286790362792302,0.007766152928775696,0.006828342597311782,0.001714466079977653,0.12921284609495914,0.02459756906770269,0.012878217456173227
IC2395_CXO-123.0,130.59843572134332,-48.01516370927756,1.339476788885786,6.831548,1.1496671553828906e-14,-0.322505268245773,,0.0669285119510596,15.975752,,12.811,5,,YSO,0.3276,0.07240626123938915,0.5476692422576306,12,p,,0.0788,0.2327,0.0668,0.0882,0.0063,0.1458,0.0538,0.3276,0.03747807439832068,0.10087350814988368,0.0552108904496425,0.04580106301973103,0.008721852272923858,0.04397382141339287,0.027405669250553016,0.07240626123938915
IC2395_CXO-124.0,130.4986536208303,-47.972651655956206,5.807824620393059,3.3240216,6.031121559328806e-15,0.8498379154231922,,,,,,0,,NS,0.5695,0.2312826553519885,0.7681045246480471,12,p,,0.2495,0.0003,0.0915,0.0001,0.0,0.0572,0.5695,0.0319,0.18532731078071604,0.001714466079977653,0.10371264692077398,0.0010000000000000002,0.0,0.09212507966363072,0.2312826553519885,0.04046934243063107
IC2395_CXO-127.0,130.59070096212764,-48.19012390108088,1.713679005512119,3.2383835,9.780494339315852e-16,-0.5771821984654489,,,,,,0,,AGN,0.406,0.14580324364905556,0.07002732916578401,12,p,,0.406,0.0019,0.0635,0.0007000000000000001,0.0,0.1352,0.3831,0.0096,0.14580324364905556,0.007613783354528612,0.1100906421770238,0.002564323999762428,0.0,0.0985806340725267,0.18121194131946072,0.02394944169653559
IC2395_CXO-128.0,130.6344323820194,-48.18550471611692,1.4585266319619092,3.799639,9.473370942530046e-15,-0.2575630362016653,,4.798900316360655e-05,,,,0,,NS,0.6032,0.22013255877844023,0.5883052254101486,12,p,,0.020499999999999997,0.0076,0.0027,0.0104,0.0,0.3547,0.6032,0.0009,0.0482287269271137,0.05280266292642081,0.006794977348874474,0.032095816146990475,0.0,0.20226722498474708,0.22013255877844023,0.0028762349126466133
IC2395_CXO-129.0,130.47546200087567,-48.18229714344647,1.9731983110679456,5.069829,1.0490126248044662e-14,0.2673967783364921,,0.2398858643193352,,,,0,,NS,0.6848000000000001,0.19189369952969249,1.128387454987023,12,p,,0.038599999999999995,0.0045000000000000005,0.0046,0.0038,0.0,0.26330000000000003,0.6848000000000001,0.0004,0.09945325281231124,0.014864709750264075,0.013811135896350987,0.01841058105952919,0.0,0.18164820590105119,0.19189369952969249,0.001969463855669324
IC2395_CXO-13.0,130.64082787024043,-48.12860970835555,0.4985884350309268,8.999271,3.930377460566109e-15,-0.49419269364227086,0.371,0.0439202071914192,16.855976,,,3,,YSO,0.265,0.06992781270638306,0.10231842251662755,12,p,,0.08410000000000001,0.19640000000000002,0.242,0.0262,0.0015,0.18100000000000002,0.0038,0.265,0.043925901794782174,0.1199538631846815,0.15486064116430032,0.030244124565063393,0.0035887028128263657,0.1039473448677286,0.007625051746802389,0.06992781270638306
IC2395_CXO-131.0,130.4031206837847,-48.16009294415171,2.557410120314306,6.960397,1.5515427857299975e-14,-0.5210665089249868,,0.8650051899524863,16.32721,,,3,,LMXB,0.3346,0.08294357337151785,0.39377824578137444,12,p,,0.0118,0.2667,0.07150000000000001,0.053,0.001,0.3346,0.0319,0.22949999999999998,0.011135528725660045,0.08948850160323346,0.07871922999951897,0.02657180095628834,0.003623715376697394,0.08294357337151785,0.027805057311956982,0.0674705322883459
IC2395_CXO-132.0,130.42337131870377,-48.13529194633456,2.5154052755723524,5.2042046,8.604221619215093e-15,0.20917059201437474,,,20.350166,,,3,,NS,0.3505,0.18686339741353658,0.40922700399535555,12,p,,0.1066,0.1041,0.08380000000000001,0.0035000000000000005,0.0154,0.23120000000000002,0.3505,0.10490000000000001,0.06831625802919179,0.07609264687925443,0.04620507646253917,0.006092717958449424,0.015070206073943087,0.1046618412321368,0.18686339741353658,0.0656358949590139
IC2395_CXO-133.0,130.8251883170804,-48.12719468429328,3.200046206607795,4.937389,6.138633393805682e-14,-0.9216875153790693,,0.0542296167900036,20.99089,,16.236,5,,CV,0.3256,0.19067832132212148,0.11784042587080659,12,p,,0.1109,0.3256,0.0057,0.0662,0.0064,0.2928,0.1616,0.0308,0.07827812367746588,0.19067832132212148,0.00855817879238476,0.04145777942373995,0.008706203523808746,0.08766418938774319,0.14898796643156836,0.024522922692324776
IC2395_CXO-134.0,130.63738504105334,-48.109592818701856,0.8918379014510409,2.5177748,2.7838389419083493e-15,0.4701766143416363,,,,,,0,,NS,0.5136,0.19749195099312455,0.44065657967553035,12,p,,0.35240000000000005,0.0015,0.0722,0.0003,0.0,0.046,0.5136,0.013999999999999999,0.1683258024117983,0.009574271077563375,0.07172590926998461,0.001714466079977653,0.0,0.1081151649348457,0.19749195099312455,0.022292817160908508
IC2395_CXO-135.0,130.6713076871316,-48.03505409325062,1.88181532999789,3.1258667,3.0242669745427824e-15,-0.994723451550282,,,20.29548,,,3,,CV,0.3123,0.11736031886649102,0.05159960526484708,12,p,,0.0327,0.3123,0.035,0.036699999999999997,0.0012,0.302,0.16519999999999999,0.1149,0.03681389175654519,0.11736031886649102,0.02484294099279949,0.0256257052132574,0.004089898865164363,0.0822536112620994,0.1329652495043632,0.05373889361411051
IC2395_CXO-136.0,130.543182983824,-48.01796181149032,2.413053233412953,3.7598665,1.2253882300927831e-14,-0.2341577549294741,,0.2911082480365841,13.919374,,,3,,CV,0.3625,0.1140120053930172,0.6063697734325348,12,p,,0.0075,0.3625,0.23379999999999998,0.1753,0.0018,0.0659,0.0034000000000000002,0.14980000000000002,0.010859525446781412,0.1140120053930172,0.09823472199818457,0.06621750203501771,0.006723995925944722,0.04449707742076887,0.006547418336160205,0.05255069702273944
IC2395_CXO-137.0,130.58900465699145,-48.0070025489489,2.034076876437654,4.2151036,2.745325011643671e-15,-0.34785526593386007,,,17.85202,,,3,,YSO,0.226,0.06205243790944118,0.1830487623445522,12,p,,0.12450000000000001,0.1396,0.1675,0.0086,0.022099999999999998,0.2002,0.1115,0.226,0.04673966152633071,0.07661948482302301,0.07012794944192574,0.012145581563480258,0.015909783534706314,0.0788936120367297,0.05639641438562877,0.06205243790944118
IC2395_CXO-138.0,130.5858122998741,-48.0032903343804,1.8526242176083776,4.81709,5.1946849984230246e-15,0.7435040271490507,,,,,,0,,NS,0.4902,0.1899121540676801,0.3189131916496856,12,p,,0.3784,0.0002,0.08120000000000001,0.0,0.0,0.031400000000000004,0.4902,0.018600000000000002,0.16065346355910087,0.001407052941362897,0.06872989145777825,0.0,0.0,0.052339605877713136,0.1899121540676801,0.023312544851962165
IC2395_CXO-139.0,130.47209366151364,-47.986514145037525,2.0505399188091142,12.086986,7.06547294472183e-14,-0.4713966326010329,0.803,0.9999999767669334,14.684675,,,3,,CV,0.43689999999999996,0.09337331394770007,0.5231224149299192,12,p,,0.0029,0.43689999999999996,0.0218,0.0228,0.0005,0.348,0.0064,0.1607,0.005182526976156117,0.09337331394770007,0.017196429039692273,0.01764292286648466,0.002190429135575903,0.07656778867530564,0.009797958971132713,0.07377627934464703
IC2395_CXO-14.0,130.72137438853153,-48.12766761659804,0.3477736918991412,38.56813,4.9607214748114093e-14,-0.5799531431873599,0.411,0.1774351289689036,,,,0,,NS,0.5423,0.15283089618360163,0.3450029386750014,12,p,,0.0026,0.0021000000000000003,0.0054,0.012199999999999999,0.0,0.435,0.5423,0.0004,0.005434643827828419,0.005182526976156116,0.008577631233374258,0.019414666953859728,0.0,0.15818094740268857,0.15283089618360163,0.001969463855669324
IC2395_CXO-140.0,130.56175203464215,-47.98129238675572,2.2058428593817303,7.208418,6.551050740495176e-15,0.4597150452371765,,,,,16.183,2,,AGN,0.8712000000000001,0.04619414454126183,9.921230254785229,12,p,,0.8712000000000001,0.0011,0.0029,0.0001,0.0009,0.0024,0.0694,0.052000000000000005,0.04619414454126183,0.0034509550720186015,0.00591095541679972,0.001,0.0028762349126466137,0.005880974288828219,0.02994338091475411,0.03637626043496394
IC2395_CXO-141.0,130.58605197007458,-47.96367741583811,2.411525647829171,7.399621,2.7022584591921244e-14,0.4444905933700315,0.74,0.8362321555425423,20.824003,,15.631,5,,AGN,0.5379999999999999,0.17761608808741045,1.1463618823485326,12,p,,0.5379999999999999,0.1375,0.0052,0.0377,0.0028000000000000004,0.2141,0.020700000000000003,0.044000000000000004,0.17761608808741045,0.10000378780705048,0.0068872595010166,0.046031499974463035,0.006208498574168681,0.10492994295858989,0.021237236214258253,0.02863916933505614
IC2395_CXO-142.0,130.4825682488588,-48.05916220608434,2.6000471699354706,3.247912,7.646689523518038e-15,0.7108453610600777,,,21.19131,,15.441479503936788,5,,AGN,0.4166,0.18094153305374194,0.7918788289908655,12,p,,0.4166,0.1659,0.015,0.0066,0.0113,0.184,0.1356,0.065,0.18094153305374194,0.1356473070841877,0.015208981928884367,0.014014422585466745,0.013231047050804636,0.0920254685871627,0.10172571558913317,0.04455163840812686
IC2395_CXO-143.0,130.60627254523226,-47.97170503125935,3.4302183827227783,4.0101166,7.083187911656466e-15,0.5661858737961308,,,,,,0,,NS,0.6775,0.2511161950857479,0.9652476759245807,12,p,,0.2348,0.0005,0.0526,0.0,0.0,0.0277,0.6775,0.0069,0.2075225678368889,0.0026111648393354675,0.06641802116409021,0.0,0.0,0.046620214976385986,0.2511161950857479,0.018624139868960013
IC2395_CXO-15.0,130.74482790072577,-48.12411586840355,0.3620770781442157,62.383522,9.418817858810528e-14,-0.5196783658680393,0.998,0.9078374160666438,12.808494,,,3,,YSO,0.29600000000000004,0.07766803224186405,0.35036487233449787,12,p,,0.0087,0.1984,0.18580000000000002,0.0621,0.0002,0.2475,0.0013,0.29600000000000004,0.010792346708420162,0.07371416266754835,0.08234173678130438,0.028895317854963874,0.001407052941362897,0.06075908711186062,0.003666666666666667,0.07766803224186405
IC2395_CXO-16.0,130.56037242560387,-48.12254164797685,0.2030622227321707,79.39858,8.722537419558816e-14,-0.7451735549059021,0.363,0.7381067161266972,12.371748,11.19499969482422,10.629,9,,LM-STAR,0.9386,0.04799031888902912,11.860292323924934,12,p,,0.0002,0.0178,0.0059,0.9386,0.0001,0.0019,0.0,0.0355,0.0014070529413628965,0.02661282443188667,0.008420153793072304,0.04799031888902912,0.001,0.005064233865696237,0.0,0.02815451593753243
IC2395_CXO-17.0,130.6216728820981,-48.1183682615846,0.2844157543197803,2.9280066,1.9167786373540026e-15,-0.22850713014329696,,0.1138522048387122,,,,0,,LMXB,0.5106,0.19914879468438274,0.3523789419938444,12,p,,0.0766,0.024900000000000002,0.009899999999999999,0.0060999999999999995,0.0,0.5106,0.37,0.0019,0.1306952658869193,0.037698833141120165,0.01388953533849106,0.01462632192074593,0.0,0.19914879468438274,0.19985348168449338,0.005259911279353167
IC2395_CXO-18.0,130.54910025136317,-48.10913807004356,0.171793492605582,200.41777,2.885666624684674e-13,-0.14017323491381867,0.997,1.0,10.337222,,,3,,HM-STAR,0.2697,0.0713712020695216,0.030444621461115123,12,p,,0.003,0.26539999999999997,0.2697,0.0676,0.0005,0.1574,0.0004,0.23600000000000002,0.0059458839001056306,0.06986885261442734,0.0713712020695216,0.027674880124383367,0.0021904291355759036,0.04164835961458576,0.001969463855669324,0.057665002603420785
IC2395_CXO-19.0,130.6579987362922,-48.10684120546122,0.1618290889338226,70.11868,5.5037718861531225e-14,-0.5439226115333068,0.994,0.9740144187097486,13.644716,,,3,,YSO,0.3529,0.08685637744593257,0.43446291810351856,12,p,,0.0083,0.17240000000000003,0.132,0.0507,0.0003,0.2824,0.001,0.3529,0.010352865216055804,0.05792924977762078,0.06332535834956649,0.02230436837224602,0.0017144660799776532,0.07541293729268944,0.003333333333333333,0.08685637744593257
IC2395_CXO-2.0,130.61490136081335,-48.17744097214102,0.257195671012395,81.80928,1.165705763483813e-13,-0.6456227313221419,0.833,0.9999308525434456,,,,0,,LMXB,0.7056,0.08810370381693736,3.3248250520596594,12,p,,0.0023,0.0053,0.0001,0.1004,0.0,0.7056,0.1832,0.0031,0.0046828722947879885,0.008343024667712579,0.0010000000000000002,0.06252143066924568,0.0,0.08810370381693736,0.06901734520679521,0.005259911279353167
IC2395_CXO-20.0,130.65273074108347,-48.10225667545828,0.2570001456647408,32.81651,2.1880384569693293e-14,-0.5385493683810056,0.923,0.9954911152747692,15.927036,,,3,,LMXB,0.4072,0.08775632009816567,0.6769828934594112,12,p,,0.0108,0.1736,0.0605,0.0414,0.0002,0.4072,0.0177,0.28859999999999997,0.009606395176278575,0.06569780833636706,0.06417109390472701,0.024079833550886175,0.001407052941362897,0.08775632009816567,0.016444273818388623,0.0874327447154946
IC2395_CXO-21.0,130.60455996446296,-48.09434647842238,0.0917846127214073,146.5676,1.2685897133151468e-13,-0.648735561585458,1.0,0.9999898812107648,,,10.108,2,,NS,0.307,0.06738252028830653,0.5053175180270268,12,p,,0.07980000000000001,0.0232,0.0151,0.2354,0.0013,0.1999,0.307,0.1383,0.03256632703523159,0.016010097823662178,0.013521027395068089,0.07431056860272707,0.003666666666666666,0.043146333107299636,0.06738252028830653,0.05644439473472716
IC2395_CXO-22.0,130.59988012127272,-48.09299227395184,0.9928696449414334,2.7632787,2.2780089527991715e-14,-0.9992994895302563,,,,,,0,,NS,0.9081999999999999,0.09005475326632452,4.703409899691296,12,p,,0.0034999999999999996,0.0,0.0001,0.0048,0.0,0.0832,0.9081999999999999,0.0002,0.011135075167680681,0.0,0.001,0.01150142722808036,0.0,0.08534990369418152,0.09005475326632452,0.0020000000000000005
IC2395_CXO-23.0,130.69488742756076,-48.09064284962816,0.306282444893966,42.594307,4.9031312692856196e-14,-0.6429085383132521,0.435,0.6585382342492344,14.575971,,11.661424973885886,5,,CV,0.25780000000000003,0.07369853965632392,0.11781514165162672,12,p,,0.0421,0.25780000000000003,0.0575,0.1464,0.0019,0.2327,0.019799999999999998,0.2418,0.022665552557289945,0.07369853965632392,0.03465194909031201,0.04983852714395548,0.004648231987117318,0.06386309536418469,0.015372808212009682,0.062107433800901266
IC2395_CXO-24.0,130.6753156113443,-48.08804357506417,0.2277718376482662,65.25341,5.61452558662878e-14,-0.41073941357195837,0.999,0.8774766563905535,11.05584,,,3,,HM-STAR,0.3697,0.06331666447310692,1.454157547737286,12,p,,0.0036,0.12960000000000002,0.3697,0.1107,0.0,0.18,0.0004,0.20600000000000002,0.0059492805778463154,0.054696961302777826,0.06331666447310692,0.040383389924796835,0.0,0.04223551093379104,0.0019694638556693234,0.049257107367999445
IC2395_CXO-25.0,130.5534913909661,-48.08707256911071,0.3982877821965702,28.237099,2.05538860255374e-14,-0.07533652650798205,0.661,0.2584710044815931,14.34801,,,3,,HM-STAR,0.33299999999999996,0.14134634016764594,0.41433856170704486,12,p,,0.0339,0.2273,0.33299999999999996,0.0168,0.0026,0.1303,0.0089,0.24719999999999998,0.019534739839733233,0.1137590489241239,0.14134634016764594,0.016507115086678483,0.005617433182117572,0.05765545520721795,0.011000000000000001,0.06347002792219682
IC2395_CXO-26.0,130.595208660456,-48.077923198503726,0.384330829931735,21.76373,1.2228056703398335e-14,-0.064662757572491,0.905,0.0411135945793964,17.379025,,,3,,YSO,0.2845,0.06821497510285282,0.22121904863012884,12,p,,0.0472,0.2354,0.08900000000000001,0.006999999999999999,0.0013,0.2546,0.081,0.2845,0.030619199100161868,0.07671829618609217,0.04073813888232942,0.00846859915908007,0.0036666666666666666,0.0669451758206412,0.048896923123128,0.06821497510285282
IC2395_CXO-27.0,130.6486405228701,-48.0619723985484,0.6411694811941258,12.280109,1.2094387356717216e-14,-0.3218004240682986,0.35,0.586077523586215,17.513924,,,3,,CV,0.3348,0.09324107994815906,0.15533990676239112,12,p,,0.0176,0.3348,0.046799999999999994,0.0231,0.0006,0.3059,0.0774,0.1938,0.015117051714049685,0.09324107994815906,0.0354446502638019,0.016495790708878164,0.0027779797906341435,0.09280254916387333,0.04945398841041004,0.07020575820293151
IC2395_CXO-28.0,130.5979090079969,-48.187436149576925,0.9426444536811016,9.545311,1.1406858200816362e-14,-0.7720882645889728,0.162,0.3852986945213636,16.56017,,,3,,CV,0.3421,0.09085780876810431,0.5141282607539851,12,p,,0.0169,0.3421,0.06570000000000001,0.0526,0.0009,0.2551,0.061900000000000004,0.2048,0.011950656125007605,0.09085780876810431,0.057370935519862686,0.02932300093507457,0.0032082595426382353,0.07836066576665833,0.0413825464600132,0.06459633788913169
IC2395_CXO-29.0,130.69423889335852,-48.176442977704,0.5129175136053163,30.134605,3.6204113832118204e-14,0.44051191832059244,,1.0,16.28261,,,3,,CV,0.3448,0.08621654672563109,0.07330217404383205,12,p,,0.0296,0.3448,0.045,0.0183,0.0039000000000000003,0.33270000000000005,0.0732,0.1525,0.019223302357694778,0.08621654672563109,0.03217690997211409,0.01435868089943213,0.007900262110470856,0.0788535914774266,0.05499090833947009,0.05230784942158406
IC2395_CXO-3.0,130.62959735291656,-48.17518050765273,0.3195554930415812,35.089256,4.2871160034024e-14,0.6229416987571119,,0.1356959166915993,,,,0,,NS,0.769,0.14138921136674146,2.923644756956284,12,p,,0.1097,0.0245,0.0114,0.0001,0.0,0.0849,0.769,0.0004,0.08411698203494146,0.05572977732602274,0.028710326161205973,0.001,0.0,0.08578214125082073,0.14138921136674146,0.001969463855669324
IC2395_CXO-30.0,130.7099422055047,-48.171839719780806,1.331750124669441,5.2642636,6.099214071309279e-15,-0.6999549646994894,,0.6769882384787853,17.903114,,,3,,LMXB,0.37189999999999995,0.09263477759568496,0.706467850512531,12,p,,0.029300000000000003,0.1757,0.0713,0.028300000000000002,0.0011,0.37189999999999995,0.07,0.25239999999999996,0.020804768295714902,0.07730635631869302,0.04704725756560572,0.01938733315514764,0.003732196796699357,0.09263477759568496,0.042497771777595665,0.07651658564512588
IC2395_CXO-31.0,130.63359536788525,-48.17055024289703,0.877471920898182,7.762706,9.637462314487241e-15,0.34386008861490247,,,,,,0,,NS,0.555,0.19706687579436968,0.5522839924058828,12,p,,0.0562,0.009000000000000001,0.036000000000000004,0.0012000000000000001,0.0,0.34149999999999997,0.555,0.0011,0.07885263073441098,0.018882946183412602,0.034082490543036345,0.005734883511361752,0.0,0.18950960104672504,0.19706687579436968,0.0031446603773522008
IC2395_CXO-32.0,130.61894334517,-48.16517661346572,1.5827287291858734,2.3288214,3.584921400314506e-15,0.7382029211497125,,,,,,0,,AGN,0.4474,0.16306793527591965,0.14822368996245547,12,p,,0.4474,0.0002,0.0775,0.0001,0.0,0.053200000000000004,0.3996,0.022000000000000002,0.16306793527591965,0.001407052941362897,0.08517806660345743,0.0010000000000000002,0.0,0.09190333085488371,0.1594176269989608,0.03190896140869863
IC2395_CXO-33.0,130.52237028703914,-48.15502863034655,0.5197979122471535,27.557646,1.3069780751372698e-14,0.05879397536327736,1.0,1.0,16.451056,14.78600025177002,13.408,9,,YSO,0.4039,0.11545163839496086,0.8013611496596381,12,p,,0.029900000000000003,0.2293,0.0126,0.1013,0.0275,0.1797,0.0158,0.4039,0.021578842986742005,0.10242765369969306,0.01460731793909263,0.06415975956528162,0.021147629234082536,0.07597786759074227,0.014576860035166986,0.11545163839496086
IC2395_CXO-34.0,130.54063406785107,-48.14942293637326,0.59997846181242,15.731441,2.8015558665952547e-14,-0.6291749216332485,0.856,0.8379892483896221,16.182245,,,3,,CV,0.33649999999999997,0.09998358451124452,0.04059248789940142,12,p,,0.011699999999999999,0.33649999999999997,0.0482,0.036699999999999997,0.0007000000000000001,0.32909999999999995,0.0713,0.16580000000000003,0.012231355632392537,0.09998358451124452,0.042172804679620896,0.023828299955890243,0.0032582451743479366,0.08231615573476142,0.03383426629554091,0.0791900922279467
IC2395_CXO-35.0,130.48276809755467,-48.14407606173332,0.4918581411741063,35.818398,7.218322865425974e-14,0.5360200076108624,0.296,0.6829538817069192,,,,0,,NS,0.7854000000000001,0.10137857841583775,4.043216899549404,12,p,,0.0449,0.08900000000000001,0.0029000000000000002,0.0,0.0,0.0776,0.7854000000000001,0.0002,0.06738244533551702,0.07086051171994259,0.005373898759633259,0.0,0.0,0.053675418070570316,0.10137857841583775,0.0014070529413628971
IC2395_CXO-36.0,130.53394197580374,-48.14053302354807,0.6868771625016107,12.105185,8.926150386318664e-15,-0.6743636312102367,0.488,0.4221259508185405,16.013487,,,3,,YSO,0.3036,0.08559382588892163,0.3495003540914141,12,p,,0.0446,0.23600000000000002,0.1396,0.0333,0.0004,0.2346,0.0079,0.3036,0.024920884917083202,0.10782514839434547,0.10813310166996817,0.023486725242703854,0.001969463855669324,0.0947982440275508,0.01066429897964572,0.08559382588892163
IC2395_CXO-37.0,130.62995606378146,-48.13992382669559,0.7781797380130673,4.3911757,2.9075409317816484e-15,-0.3524150139996782,,0.2275988143237778,16.439531,15.291999816894531,13.835,9,,YSO,0.45660000000000006,0.14839355263840293,0.9676535059752887,12,p,,0.013300000000000001,0.1655,0.053500000000000006,0.1796,0.0473,0.0787,0.0055000000000000005,0.45660000000000006,0.015702730895476674,0.1524372697607813,0.06035877581745522,0.13092460626350008,0.04534614346637128,0.06022944345240008,0.013132964154171268,0.14839355263840293
IC2395_CXO-38.0,130.6053299187968,-48.11784360116446,0.7818242593417545,2.8943384,2.669301958714216e-15,-0.3401770382362124,,,,,,0,,LMXB,0.5081,0.19167889289068316,0.23291386603134118,12,p,,0.0424,0.004,0.0165,0.006500000000000001,0.0,0.5081,0.4205,0.002,0.07986250811250671,0.009639984073082948,0.01838834721042958,0.020761999086326106,0.0,0.19167889289068316,0.18442580835631106,0.004923659639173308
IC2395_CXO-39.0,130.51842058831278,-48.11769163801982,0.7492032977533759,10.356618,9.175905753942562e-15,0.5308705829424655,,,,,,0,,NS,0.7854000000000001,0.1755074604877772,2.198697556346567,12,p,,0.12619999999999998,0.0012,0.0577,0.0,0.0,0.0262,0.7854000000000001,0.0033,0.12430639890239283,0.0051796025743567255,0.06460220154487341,0.0,0.0,0.04672680108239744,0.1755074604877772,0.012231355632392535
IC2395_CXO-4.0,130.6474432487236,-48.15703972144032,0.2928373010726829,29.446436,2.646450227079601e-14,0.6705489031258958,0.851,0.0446212346055365,,,,0,,NS,0.7431,0.1425007177015419,2.0710665586740036,12,p,,0.1752,0.0059,0.0155,0.0,0.0,0.059000000000000004,0.7431,0.0013,0.13170582463362904,0.010926291154085103,0.018055749804704903,0.0,0.0,0.07224397496810318,0.1425007177015419,0.003379976689896311
IC2395_CXO-40.0,130.72723013980365,-48.1083528224763,0.4417375429772175,34.183174,3.5657914258179817e-14,-0.43146474188810174,0.846,0.999979265718721,,,,0,,LMXB,0.6573,0.10459981458932521,2.121891045354744,12,p,,0.0025,0.0068000000000000005,0.0004,0.0783,0.0,0.6573,0.25,0.0047,0.005388914922357194,0.012050399213807036,0.0019694638556693234,0.0565873776838202,0.0,0.10459981458932521,0.08735160576831447,0.007028800779936817
IC2395_CXO-41.0,130.71106602485588,-48.10303644584712,0.6565029769452223,14.626534,1.3035003479875195e-14,-0.4538704714872377,0.817,0.974780131235876,16.753231,,,3,,LMXB,0.3995,0.09608892135975308,0.5835510764943922,12,p,,0.0144,0.1515,0.0712,0.0398,0.0008,0.3995,0.0341,0.2887,0.013432961119739921,0.0662925106606845,0.07537488797586195,0.021601533802632224,0.003673547263197997,0.09608892135975308,0.028394586196184037,0.09378306151039552
IC2395_CXO-42.0,130.6746505709361,-48.09821513575147,0.9618937349479684,4.310095,3.336123303007547e-15,-0.5016577823236629,0.554,0.0507384466670581,17.548378,,,3,,YSO,0.2763,0.0823966141306912,0.06564657293062044,12,p,,0.0363,0.2647,0.1033,0.026600000000000002,0.003,0.2262,0.0636,0.2763,0.029904055331217625,0.09430720271987968,0.08844395588921457,0.019705918712996665,0.008102873913406628,0.07507275932000365,0.04260506917248134,0.0823966141306912
IC2395_CXO-43.0,130.66938473014608,-48.097052442632304,1.0195427238687618,3.6070278,2.2939137725211604e-15,0.6623090137913712,,,,,,0,,AGN,0.5318,0.16459549437234536,0.5734108761917581,12,p,,0.5318,0.0004,0.0656,0.0,0.0,0.0464,0.3367,0.019100000000000002,0.16459549437234536,0.003152680437246049,0.0775420381262169,0.0,0.0,0.10103024849574069,0.1756491854909563,0.02741727686527367
IC2395_CXO-44.0,130.689665247675,-48.08900758963964,0.6530556309607486,10.472532,1.153093485418561e-14,-0.6783343024356535,0.922,0.1395897920149672,16.227577,,12.531861343750988,5,,YSO,0.3224,0.06973427196772536,0.8032898261108079,12,p,,0.06520000000000001,0.20600000000000002,0.061,0.1863,0.0034999999999999996,0.1191,0.0365,0.3224,0.026532998322843192,0.07516984136277696,0.05018148879997303,0.06256560193472566,0.008333333333333333,0.04575064165802719,0.02483785803806745,0.06973427196772536
IC2395_CXO-45.0,130.71776985160136,-48.08453862917876,0.7076972352489483,13.802293,1.0004134988642883e-14,0.4926782516778259,,0.0022618538462664,,,,0,,AGN,0.5304,0.11627136493148388,0.9322808791043722,12,p,,0.5304,0.0016,0.105,0.0,0.0,0.0478,0.3136,0.0016,0.11627136493148388,0.004653661532230901,0.06366738060840381,0.0,0.0,0.07899085741752367,0.11627657728124967,0.003949172013974524
IC2395_CXO-46.0,130.61679542030913,-48.08044327766128,2.053034782340592,0.8656485,1.3812593695889784e-15,-0.87483589581309,,,,,,0,,NS,0.7014,0.1691692118035141,1.4188460222352726,12,p,,0.030500000000000003,0.0003,0.0012,0.024900000000000002,0.0001,0.2386,0.7014,0.003,0.03128154973039785,0.001714466079977653,0.004557156653844234,0.042414381970975336,0.001,0.15701135518352055,0.1691692118035141,0.00674199862463242
IC2395_CXO-47.0,130.51576965587424,-48.06849378939738,0.6992617651061102,17.724297,2.1497275377656864e-14,-0.438642745823641,0.543,0.9338804960407364,16.27799,13.975000381469728,12.927,9,,YSO,0.6356,0.1563298765528531,1.429445066418097,12,p,,0.0029,0.2309,0.0022,0.0685,0.0046,0.054400000000000004,0.0009,0.6356,0.006860073327640605,0.12678698432386262,0.00612661028100805,0.04591109106553975,0.008923920866769474,0.04416040550245677,0.003785938897200182,0.1563298765528531
IC2395_CXO-48.0,130.66368658788682,-48.06562313601009,0.4757357493955235,23.256233,2.421046981845852e-14,0.5807667953523864,0.583,0.3194830058720397,,,,0,,NS,0.7605,0.20933938902647964,1.412245971024625,12,p,,0.1746,0.0043,0.0097,0.0,0.0,0.0504,0.7605,0.0005,0.20553168302544678,0.00807227453457922,0.01833774051710644,0.0,0.0,0.05108756594259893,0.20933938902647964,0.002190429135575903
IC2395_CXO-49.0,130.5743483049203,-48.06475445584354,0.7643083345827014,9.68634,8.175627224293187e-15,-0.524479269759162,0.257,0.7514906727593286,10.67666,,,3,,HM-STAR,0.3148,0.06269180669164533,1.1237718265166505,12,p,,0.0031,0.1483,0.3148,0.1745,0.0008,0.1825,0.0006,0.1754,0.006465916857498309,0.06535149716585062,0.06269180669164533,0.05701984414449612,0.006305360874492097,0.05503671868889355,0.0027779797906341427,0.04959268437415283
IC2395_CXO-5.0,130.61958014507596,-48.15548633225576,0.2044123271407645,90.481026,8.767816956297517e-14,-0.39418156894259476,1.0,0.9999999848452948,14.44697,,,3,,LMXB,0.4579,0.0676338179709924,1.2060753479929724,12,p,,0.0014000000000000002,0.2998,0.0262,0.0116,0.0003,0.4579,0.0029,0.1999,0.00348735088019777,0.0634525194316366,0.018844392033470096,0.011867960433388915,0.0017144660799776527,0.0676338179709924,0.006403124237432847,0.07050316992658537
IC2395_CXO-50.0,130.56155312472683,-48.06383439720833,0.5141692363132585,20.120766,1.641403621800033e-14,-0.3062845381237142,0.997,0.9974863399660724,16.069912,,,3,,LMXB,0.33030000000000004,0.07416137195945807,0.011616032075507798,12,p,,0.0082,0.2004,0.0717,0.0346,0.0001,0.33030000000000004,0.0263,0.3284,0.00880541614776687,0.06765808275155422,0.03604304385177547,0.020420825179460825,0.001,0.07416137195945807,0.020629242753083702,0.0894056694923411
IC2395_CXO-51.0,130.597022971891,-48.04993176896404,0.6856813373134708,12.447269,1.3549497186638904e-14,-0.9373558968706478,0.821,0.318402404321921,16.923782,,12.818,5,,YSO,0.27140000000000003,0.07399180953854204,0.1758014874222798,12,p,,0.0875,0.2462,0.0344,0.1335,0.003,0.1642,0.059800000000000006,0.27140000000000003,0.03367626625816628,0.06935168754728731,0.025949445800897895,0.05115583243305882,0.005595813731096784,0.054182258828118,0.03281352271133462,0.07399180953854204
IC2395_CXO-52.0,130.6082464019822,-48.03204271602495,0.4326251821349215,36.26906,6.207272031406871e-14,-0.6070742806409171,0.944,0.93158154136604,13.413999,,11.221,5,,CV,0.2487,0.0680857302719642,0.07002162831447635,12,p,,0.021099999999999997,0.2487,0.0891,0.2389,0.0013,0.1491,0.0263,0.2255,0.0158206488265472,0.0680857302719642,0.04065362433679403,0.07187102646021166,0.0036666666666666666,0.04921802659000197,0.018348753845336952,0.05255828895020973
IC2395_CXO-53.0,130.71572038136011,-48.21084617932621,0.9643977422575896,17.149721,4.679583013889032e-14,0.7916635168638558,0.899,0.3210942427399245,,,,0,,NS,0.8461,0.08066510141231202,5.785589188658369,12,p,,0.09820000000000001,0.0034000000000000002,0.0072,0.0,0.0,0.0434,0.8461,0.0017000000000000001,0.04860436028160269,0.006391281940932106,0.014980121508320296,0.0,0.0,0.0571939814591668,0.08066510141231202,0.004934930126509933
IC2395_CXO-54.0,130.6740179479854,-48.20494916737251,0.9478227113848738,10.693027,2.5303603310773528e-14,-0.2247213531358184,,0.8550675023338223,,,,0,,LMXB,0.7062,0.18087207377234074,1.3519523799152338,12,p,,0.0078000000000000005,0.022799999999999997,0.0024000000000000002,0.011300000000000001,0.0,0.7062,0.2493,0.0002,0.038047816805125145,0.06416645021608515,0.010359205148713456,0.016676057960168793,0.0,0.18087207377234074,0.1570836166704301,0.0014070529413628967
IC2395_CXO-55.0,130.68505959996955,-48.1877528355614,0.8312739984079517,15.209583,1.6568050287700655e-14,-0.0316206943269069,0.95,0.7561412802845476,16.419329,,,3,,YSO,0.31920000000000004,0.08018513930683518,0.07854306321610335,12,p,,0.026000000000000002,0.188,0.098,0.0103,0.0012000000000000001,0.3058,0.051500000000000004,0.31920000000000004,0.025226248955475646,0.07667325399895246,0.06447926610605735,0.010294158390548348,0.0038349798835288188,0.09042190670474279,0.026907060392950752,0.08018513930683518
IC2395_CXO-56.0,130.62668616655893,-48.18583577374504,0.9620022766774085,7.991093,4.087300852060081e-15,-0.7321097983400243,0.166,0.8590322904718164,16.309504,,,3,,YSO,0.3281,0.0800340205440439,0.14150998860295014,12,p,,0.0279,0.0867,0.29460000000000003,0.0403,0.0015,0.1941,0.0268,0.3281,0.017014254273545127,0.06078701017537057,0.15669838492589463,0.02942049721819222,0.004578165130223675,0.09208137595616062,0.02440731799516636,0.0800340205440439
IC2395_CXO-57.0,130.71545280850066,-48.18369358381199,1.835433490462932,4.4676304,6.301574996872652e-15,-0.10249264119905398,,0.4086140153082329,16.540058,,,3,,CV,0.3784,0.1345529072464986,0.8472447184215994,12,p,,0.0199,0.3784,0.1365,0.04190000000000001,0.0026,0.1479,0.0673,0.20550000000000002,0.017261798775611334,0.1345529072464986,0.12414861573081988,0.03317218623175053,0.006759953379792623,0.057967162421425446,0.046750033760048305,0.06952036254278893
IC2395_CXO-58.0,130.7356949387184,-48.16774381902475,1.129431503271613,9.021656,1.3589638485928961e-14,-0.5339494458164844,0.016,0.8447504854040734,17.526539,14.42300033569336,13.589,8,,CV,0.40549999999999997,0.18254306258242112,0.27904303286199605,12,p,,0.012199999999999999,0.40549999999999997,0.0027,0.16150000000000003,0.008100000000000001,0.0817,0.0109,0.3174,0.012679419417610445,0.18254306258242112,0.005835281060112276,0.12074997124453299,0.009607972278953106,0.057648446937826815,0.012234658503075134,0.13317884989969714
IC2395_CXO-59.0,130.60835434734386,-48.15610488327033,0.842067930111261,5.4718313,4.8559364530215286e-15,-0.5489676022336447,,0.4084081646283325,17.19769,,,3,,YSO,0.2715,0.08443962639099316,0.06211710743674491,12,p,,0.0265,0.26,0.08960000000000001,0.0405,0.0018,0.2357,0.07440000000000001,0.2715,0.01783057186209385,0.10069455764535606,0.08285218674534094,0.02512091968978457,0.00592546294487706,0.07051405762847805,0.05339617509851725,0.08443962639099316
IC2395_CXO-6.0,130.54452118488726,-48.15358710402552,0.2985115546466796,49.411537,5.4982490960624686e-14,-0.36609074776463235,0.791,0.9998635298213048,14.605258,,,3,,LMXB,0.3604,0.07129282338823918,0.39330235069934394,12,p,,0.0074,0.2643,0.0377,0.0203,0.0003,0.3604,0.009899999999999999,0.29969999999999997,0.009600084174715143,0.07077143463005367,0.028314788940185888,0.018116067983751864,0.0022270150335361376,0.07129282338823918,0.011236214898822702,0.08304136732297156
IC2395_CXO-60.0,130.56249838215464,-48.15084013770765,0.8643388733844981,7.4032044,5.177136504399587e-15,-0.5752492973515478,0.813,0.4557627417297976,18.176271,,,3,,LMXB,0.3056,0.08970569163164127,0.1910545542512743,12,p,,0.0262,0.27399999999999997,0.0525,0.0291,0.0011,0.3056,0.08439999999999999,0.2271,0.020239974448021558,0.07569209291130037,0.0345351526372299,0.019545078690302097,0.0037321967966993546,0.08970569163164127,0.04928416878602391,0.08043185207542365
IC2395_CXO-61.0,130.74834711129785,-48.14759840021891,1.2828965174124125,7.1771464,1.1385190652334308e-14,0.7913529899922009,,,,,,0,,NS,0.6888,0.21208098319826657,1.6036785072052726,12,p,,0.1518,0.0001,0.0757,0.0,0.0001,0.0702,0.6888,0.013300000000000001,0.12277416238563778,0.001,0.09767245820040106,0.0,0.0010000000000000002,0.14439689971209443,0.21208098319826657,0.028321922836052518
IC2395_CXO-62.0,130.6679711282702,-48.14358994941186,1.210950250870848,3.1603155,3.034678334394573e-15,-0.2550159118578102,,0.9015951501534654,,,,0,,LMXB,0.5535,0.14261182038362497,0.9895206931374547,12,p,,0.07980000000000001,0.0206,0.032799999999999996,0.0296,0.0,0.5535,0.2818,0.0019,0.0939587272383062,0.04408027571454955,0.0422613322319612,0.03463868334446885,0.0,0.14261182038362497,0.13196556024550152,0.005259911279353166
IC2395_CXO-63.0,130.5485946070645,-48.14351866936213,0.6629967848075403,11.232392,1.1785980211131161e-14,-0.6535595514330353,0.981,0.2017692546126309,15.714906,,,3,,CV,0.3184,0.1113073822050152,0.16349663722719132,12,p,,0.0148,0.3184,0.0873,0.07,0.0007000000000000001,0.1771,0.0462,0.28550000000000003,0.013888444437333105,0.1113073822050152,0.05879007337359537,0.05112867506733784,0.002564323999762428,0.06916960563306938,0.026734005885895043,0.08991999811280059
IC2395_CXO-64.0,130.4696790838265,-48.14067234039644,1.4733611692871047,5.400591,1.5830834315854273e-14,-0.007923049524090998,,0.710865897607122,16.824114,14.118000030517578,,6,,YSO,0.3197,0.1131322190620293,0.06303562608516877,12,p,,0.0089,0.23129999999999998,0.01,0.3057,0.0103,0.1043,0.0098,0.3197,0.010337242662266656,0.1284142208682984,0.0150420286618071,0.10896440897945724,0.021530105771812982,0.06815394042870591,0.014140707053029418,0.1131322190620293
IC2395_CXO-65.0,130.54288492195076,-48.130582461925215,0.960264666048655,5.330457,5.323169349346956e-15,0.49354502436261805,,,,,,0,,NS,0.6306,0.22917868288056087,0.9522061356314396,12,p,,0.2415,0.0014000000000000002,0.0697,0.0001,0.0,0.043,0.6306,0.0137,0.17945132425752056,0.010446593374460075,0.07861753730381771,0.0010000000000000002,0.0,0.0876459821202215,0.22917868288056087,0.0294616682995023
IC2395_CXO-66.0,130.71851984389684,-48.12856286261558,1.528450004308329,3.8313124,6.2724526637367204e-15,-0.34589959810140264,,0.005373806687879,16.861786,,,3,,CV,0.4978,0.17189132107999597,1.240766600387712,12,p,,0.018600000000000002,0.4978,0.0917,0.058600000000000006,0.0021,0.13449999999999998,0.013900000000000001,0.18280000000000002,0.016698152078247545,0.17189132107999597,0.08435201613632376,0.05881008640213227,0.005373898759633259,0.05963483152749851,0.015884367513789504,0.08198398463952417
IC2395_CXO-67.0,130.61480448650676,-48.12688060033534,0.5918084490153378,5.096894,2.992032988355992e-15,-0.49118553944028703,,0.0018523245576548,16.976738,,13.370814294334956,5,,YSO,0.38299999999999995,0.07056052634999171,1.596666902811531,12,p,,0.0824,0.1574,0.1029,0.1351,0.0083,0.0993,0.0316,0.38299999999999995,0.045106383789723814,0.07073381600954898,0.087042251437756,0.056951068843562914,0.012557343217690146,0.0386973493728556,0.02419282805487877,0.07056052634999171
IC2395_CXO-68.0,130.55878004685005,-48.12059051056726,1.1456132089834787,3.131876,1.8931250875725296e-15,0.10149549923727991,,,17.141294,,,3,,HM-STAR,0.2882,0.18708492102991003,0.09543726458119405,12,p,,0.0376,0.2564,0.2882,0.019299999999999998,0.0038,0.15990000000000001,0.015600000000000001,0.2192,0.022252908106400817,0.14611825845713278,0.18708492102991003,0.027459980062820608,0.006783819132332614,0.08244367529386104,0.016594997420727106,0.07291450646150775
IC2395_CXO-69.0,130.56595947507958,-48.1019697833637,0.9573079652974826,4.0649285,3.3218558646064648e-15,-0.003150188874199956,,0.3444533221165219,17.607317,12.192999839782717,,6,,YSO,0.7458,0.0998097179536131,4.5852615769352365,12,p,,0.0109,0.0634,0.0462,0.05890000000000001,0.008,0.06509999999999999,0.0017000000000000001,0.7458,0.011109646368100221,0.049014943093557174,0.035327615317770934,0.04972439191699734,0.013483997249264842,0.04477767751950077,0.004277023415055065,0.0998097179536131
IC2395_CXO-7.0,130.65270233273054,-48.14679720713066,0.3606892292153301,7.3299537,4.177257634803797e-15,0.7448996417041641,,,,,,0,,NS,0.44299999999999995,0.17969390359691947,0.07268170409075816,12,p,,0.41729999999999995,0.0001,0.0732,0.0,0.0,0.04019999999999999,0.44299999999999995,0.0262,0.17390264895375032,0.0009999999999999998,0.0806774347934321,0.0,0.0,0.08518524081391833,0.17969390359691947,0.032807365519395684
IC2395_CXO-70.0,130.69613210269145,-48.08791133828864,1.4737507693194063,2.8910477,1.4714720809613945e-15,0.5422357271004296,,,,,,0,,AGN,0.4705,0.16495101813519794,0.2933424794671268,12,p,,0.4705,0.0017,0.0924,0.0002,0.0,0.0462,0.371,0.018000000000000002,0.16495101813519794,0.01146404127802419,0.10919466446431687,0.001407052941362897,0.0,0.0718975140408382,0.1742429512508499,0.03405284069789126
IC2395_CXO-71.0,130.65413627427466,-48.08045369395278,0.9018427674368932,4.6643457,5.2757019578579655e-15,0.042082746620651264,,0.079836749133955,19.52997,14.598999977111816,,6,,YSO,0.3574,0.16725121732582307,0.20314101100732315,12,p,,0.0174,0.15810000000000002,0.0271,0.11109999999999999,0.0166,0.30219999999999997,0.0101,0.3574,0.017673812162734906,0.12538180075112956,0.031472129726075895,0.05820366540576862,0.03435465651469134,0.10448120994859905,0.01789390732042388,0.16725121732582307
IC2395_CXO-72.0,130.7383754700817,-48.0599411093316,0.7993258242397088,17.227936,3.415518242104384e-14,-0.9658803763664319,0.986,0.3088549139468903,13.166957,,,3,,YSO,0.2588,0.063743171549523,0.07912826497967605,12,p,,0.0086,0.24780000000000002,0.1623,0.1943,0.0,0.1182,0.01,0.2588,0.010152374454811403,0.0752716293288393,0.06056726788781166,0.06394844830333288,0.0,0.04673976958229534,0.01100963765126361,0.063743171549523
IC2395_CXO-73.0,130.66147443564856,-48.05107424539086,0.5861669793478939,16.064064,1.6806161379783792e-14,-0.38847119891835336,0.879,0.5463721030662174,16.944868,14.01200008392334,12.913,9,,YSO,0.5776,0.17210004137833396,0.8399490564801988,12,p,,0.0079,0.29350000000000004,0.0073,0.0632,0.0045000000000000005,0.0433,0.0027,0.5776,0.009243616415908032,0.1661347572778122,0.013915691310404406,0.03770914740457278,0.007571210756756964,0.03420245723348077,0.005290548080293666,0.17210004137833396
IC2395_CXO-74.0,130.63455533186408,-48.05091990535441,0.8882168635519674,7.681114,8.409847745075714e-15,-0.9655968760058077,0.582,0.277796808408866,16.636423,,,3,,YSO,0.2707,0.08209694933984509,0.010546624116938054,12,p,,0.0239,0.26899999999999996,0.0718,0.044199999999999996,0.0006,0.22830000000000003,0.0915,0.2707,0.015432813002551324,0.07909207011803117,0.042459249625822156,0.023492100542071327,0.0027779797906341427,0.06075376697802533,0.045156853457049166,0.08209694933984509
IC2395_CXO-75.0,130.5941909886014,-48.05025685224467,1.0873266718301982,4.3416123,6.0069484085220216e-15,0.5446214720583227,,,,,,0,,LMXB,0.5938,0.18838913091382056,0.6210054318624331,12,p,,0.0371,0.0003,0.0026,0.006900000000000001,0.0004,0.5938,0.3533,0.005600000000000001,0.0531682102939208,0.0022270150335361367,0.00719427381725048,0.017848690640373525,0.0019694638556693234,0.18838913091382056,0.1988860645361224,0.009568466729604881
IC2395_CXO-76.0,130.68808856667823,-48.04970837102923,1.3545942271910425,5.5067086,7.412166171092268e-15,0.8608193360306493,,,,,,0,,NS,0.5414,0.1906343477588825,0.7371731286332428,12,p,,0.2849,0.0004,0.0722,0.0,0.0,0.0542,0.5414,0.046900000000000004,0.15731647958009592,0.001969463855669324,0.08634649484326028,0.0,0.0,0.06669968879124165,0.1906343477588825,0.0464213247757902
IC2395_CXO-77.0,130.59890523320422,-48.03535840401314,0.7728011630705196,14.662509,1.6902511903722188e-14,0.6354680545770732,0.687,0.9351148871987536,,,,0,,NS,0.47759999999999997,0.13676729480871122,0.9604292664514882,12,p,,0.1858,0.09910000000000001,0.0017000000000000001,0.0001,0.0,0.2317,0.47759999999999997,0.004,0.16705518352758272,0.06383525196895047,0.005135536717202727,0.001,0.0,0.11104694611930685,0.13676729480871122,0.010444659357341872
IC2395_CXO-78.0,130.69384301447698,-48.21748003455136,1.325442613387729,10.668069,3.1185214796637465e-14,-0.6074575208543305,0.088,0.4466951110520344,15.539556,,,3,,CV,0.3901,0.11372921055442764,0.824489536804371,12,p,,0.0141,0.3901,0.059699999999999996,0.047700000000000006,0.0005,0.2372,0.0663,0.1844,0.012398680281678075,0.11372921055442764,0.06473652896022601,0.025419907890700883,0.002190429135575903,0.07171886752867727,0.0405431557078069,0.08734374215093654
IC2395_CXO-79.0,130.46897251844908,-48.19001514164469,2.162908802349119,5.4571195,8.328590809566717e-15,0.43076100727811134,,,,,,0,,NS,0.7528,0.21829032655311748,1.6417117605748859,12,p,,0.1483,0.001,0.0655,0.0,0.0,0.0265,0.7528,0.0059,0.14992290948310336,0.009045340337332905,0.0886757229369112,0.0,0.0,0.04226838252897976,0.21829032655311748,0.018482588038639516
IC2395_CXO-8.0,130.6360816292092,-48.14449215327206,0.1869303628887577,88.95247,6.713778519622105e-14,-0.23854342776213394,1.0,1.0,16.948204,,,3,,LMXB,0.5761,0.07006339121023751,3.197764475713054,12,p,,0.016,0.1206,0.043500000000000004,0.0191,0.0012,0.5761,0.0342,0.1893,0.01414213562373095,0.05562900195568727,0.026029315252715596,0.013264595544135336,0.0038349798835288183,0.07006339121023751,0.029065582409579908,0.05089611126023424
IC2395_CXO-80.0,130.7000623839627,-48.18931393157314,1.4341015998408797,5.5801992,6.678289941091189e-15,0.523219780020089,0.357,0.3997282841695198,,,,0,,NS,0.4716,0.2086111844140344,0.2106016143529762,12,p,,0.12269999999999999,0.0027,0.0037,0.0024,0.0,0.3875,0.4716,0.0094,0.17858509558089208,0.01003579452346309,0.00949800617035603,0.011730991501836562,0.0,0.19072098717628047,0.2086111844140344,0.015163752633810465
IC2395_CXO-81.0,130.62747156720786,-48.17736239686931,1.6691660920277862,2.610684,4.033330010871548e-15,0.7765019056845397,,,,,15.876,2,,AGN,0.7698,0.07764175696261919,4.211103803220928,12,p,,0.7698,0.0003,0.0096,0.0001,0.0017,0.005699999999999999,0.16140000000000002,0.051399999999999994,0.07764175696261919,0.001714466079977653,0.01325126256610892,0.0010000000000000002,0.006824643402827548,0.01112418422840411,0.06683342779408424,0.03302952459466371
IC2395_CXO-82.0,130.79768576083043,-48.17047386454723,1.9836205446375124,8.029769,1.2712674870697924e-14,-0.43207199566802085,0.743,0.4424299767383013,17.586832,,13.664,5,,YSO,0.2927,0.06357775800648614,0.48945657804178805,12,p,,0.1381,0.19149999999999998,0.0368,0.0397,0.0034000000000000002,0.23129999999999998,0.0665,0.2927,0.046486557196677845,0.06191187937771561,0.023436137165764436,0.026302628819726042,0.00589812502307969,0.061867486279837305,0.033525958584206046,0.06357775800648614
IC2395_CXO-83.0,130.7551952387577,-48.1696247378284,1.0042876950273365,13.024993,2.2090278206609563e-14,-0.6206041463151871,0.357,0.5351144330835338,15.27329,,11.852,5,,YSO,0.3892,0.07144511208196148,1.6092564093460815,12,p,,0.056299999999999996,0.1638,0.0703,0.12890000000000001,0.0038,0.1436,0.0441,0.3892,0.02307891599786185,0.06861957785243555,0.046219830454824536,0.04014858765771334,0.0066332495807108,0.047471841733555675,0.023956821427920966,0.07144511208196148
IC2395_CXO-84.0,130.46527190461293,-48.16649731742673,1.6718873633999334,8.347887,3.50978104695765e-14,-0.541403133618927,,0.9256714889744873,,,,0,,NS,0.5573,0.1348463772392327,0.8521566253884069,12,p,,0.011399999999999999,0.0264,0.0005,0.0635,0.0,0.3403,0.5573,0.0006,0.014071965108690474,0.029662069783452122,0.0026111648393354675,0.0830282293481372,0.0,0.11980164582940564,0.1348463772392327,0.0027779797906341427
IC2395_CXO-85.0,130.69189193526208,-48.15734401649336,1.3994047593783023,3.3860934,7.498609316396942e-15,-0.7350431386719914,,0.0146965186887322,17.68894,,,3,,CV,0.36310000000000003,0.1017592226480696,0.8343693129730808,12,p,,0.0248,0.36310000000000003,0.0383,0.0416,0.0028000000000000004,0.2213,0.1401,0.168,0.02139007605258461,0.1017592226480696,0.03635001007322051,0.023983159074482233,0.005699548094792121,0.06818950125061835,0.0697686653639488,0.07312642988328327
IC2395_CXO-86.0,130.63459306504635,-48.1569375939678,1.155385572435644,3.3195243,7.831358007794479e-15,0.13233170374852718,,0.0031877587710847,17.70877,,,3,,CV,0.4278,0.10818596036548375,1.2288755923984405,12,p,,0.0323,0.4278,0.0409,0.0178,0.0070999999999999995,0.2145,0.10300000000000001,0.1566,0.02424017034976979,0.10818596036548375,0.03348737135703608,0.016488747310781003,0.015909783534706314,0.06538734625678772,0.06972529068864584,0.06318515360718557
IC2395_CXO-87.0,130.68869229010105,-48.15536563247329,0.8874739312043123,6.5510793,6.531951459548785e-15,-0.9640181632933111,0.885,0.5443539113883118,17.224165,,,3,,LMXB,0.3037,0.07803981113003876,0.1782544453045545,12,p,,0.0223,0.20670000000000002,0.0661,0.0417,0.0005,0.3037,0.08410000000000001,0.2749,0.015430194719798878,0.08001331959824758,0.04915230915175292,0.026592890369078317,0.002611164839335468,0.07803981113003876,0.0412945810517848,0.08352698711049965
IC2395_CXO-88.0,130.58604034625424,-48.15499025832485,1.1599202609984878,3.88682,2.2248229253210344e-15,-0.9928274331253781,,,16.63375,,,3,,YSO,0.319,0.06777115384091739,0.43557455866572076,12,p,,0.0325,0.12029999999999999,0.2343,0.10060000000000001,0.002,0.1377,0.0536,0.319,0.021099810904413815,0.07310508556423101,0.12668464784653272,0.05022816627021822,0.005318160234783106,0.07821047748146526,0.03224025966760106,0.06777115384091739
IC2395_CXO-89.0,130.46852729692324,-48.12924812083973,1.1497234155972087,9.311636,2.2094254469249664e-14,-0.6666066501132999,0.41,0.5858463147315005,17.017242,,,3,,LMXB,0.36229999999999996,0.0884987587654782,0.4706442937656449,12,p,,0.016200000000000003,0.282,0.04,0.0388,0.0008,0.36229999999999996,0.0797,0.1802,0.012695342341651024,0.08211841659112981,0.02399494896342928,0.023453370889077032,0.00338743966363203,0.0884987587654782,0.04663321311743986,0.054290278535243715
IC2395_CXO-9.0,130.63384595755124,-48.14100576001342,0.451037546427737,12.190339,8.678443336943181e-15,-0.2644833851386331,0.964,0.3531097856797115,17.181805,,,3,,CV,0.3505,0.07949811000866304,0.6231574208823885,12,p,,0.0228,0.3505,0.063,0.025699999999999997,0.0009,0.19210000000000002,0.0877,0.25730000000000003,0.015313557735061127,0.07949811000866304,0.03978477451021034,0.019082754391112285,0.0032082595426382345,0.06342569023525232,0.05122450092435744,0.07006281452952044
IC2395_CXO-90.0,130.4837830870641,-48.12467263266988,1.039112538749995,9.3890295,1.3292817886758496e-14,0.7748190226821564,,0.2367607967376405,,,,0,,NS,0.5555,0.25449246382047186,0.5108633550861836,12,p,,0.1144,0.0015,0.0164,0.0008,0.0,0.3044,0.5555,0.007000000000000001,0.1160922656399389,0.005388914922357194,0.03491750740291069,0.004422166387140533,0.0,0.23702840472497097,0.25449246382047186,0.012102257907706582
IC2395_CXO-91.0,130.48245900022613,-48.11478541058275,1.1825165968971292,8.972125,1.5510899169223738e-14,-0.9953864748686202,0.677,0.4236160655389483,15.72576,,,3,,CV,0.3322,0.1106142628756127,0.419474077324725,12,p,,0.0173,0.3322,0.0689,0.051000000000000004,0.0007000000000000001,0.217,0.0653,0.24760000000000001,0.01413177521428468,0.1106142628756127,0.06517877512866233,0.030928395635170868,0.002931886695621029,0.06769658989069008,0.03157338733615366,0.09106685301014698
IC2395_CXO-92.0,130.55814150297616,-48.10720416287339,1.261176998554328,2.5351079,2.412622997021596e-15,0.7394912930192369,,,21.01799,,,3,,CV,0.39740000000000003,0.11639032206634307,0.7439353040626053,12,p,,0.08929999999999999,0.39740000000000003,0.047700000000000006,0.0016,0.0265,0.24,0.0687,0.1288,0.03473579936572293,0.11639032206634307,0.028598756771735533,0.004197161137740797,0.02938339392214314,0.09518721584648886,0.039966020921313,0.06265634989223502
IC2395_CXO-93.0,130.58484592075467,-48.102676954526686,0.8335968254770328,3.7387035,4.774866087866257e-15,0.26996177196202464,,0.8246030359204539,17.75862,,,3,,CV,0.3354,0.10520225830045263,0.5445017247612522,12,p,,0.024900000000000002,0.3354,0.085,0.0202,0.0044,0.23800000000000002,0.0708,0.2213,0.017144366215445024,0.10520225830045263,0.09038078816146086,0.015697905670000775,0.010182178925788314,0.07367688123341559,0.05830397529631693,0.0802477854567157
IC2395_CXO-94.0,130.80400326672398,-48.10113163629635,1.176818031075963,15.179233,3.342915325652386e-14,0.32326254510422187,,0.0278881961584015,,,,0,,NS,0.6970999999999999,0.13112023166359627,2.0461598474152956,12,p,,0.07100000000000001,0.024700000000000003,0.011899999999999999,0.0003,0.0,0.19440000000000002,0.6970999999999999,0.0006,0.06017650805100046,0.041180926250737576,0.010981619170047722,0.001714466079977653,0.0,0.11455949889851469,0.13112023166359627,0.0023868325657594204
IC2395_CXO-95.0,130.55683596430555,-48.0987626729643,1.1347151341671322,3.5339994,2.653953725749667e-15,-0.4670549628280994,,,14.354387,,,3,,HM-STAR,0.6174000000000001,0.10231284959338781,3.0626690001560686,12,p,,0.0176,0.0787,0.6174000000000001,0.0547,0.0036,0.0801,0.0052,0.1427,0.015706911558516865,0.05407916008552236,0.10231284959338781,0.035289710063468024,0.007456269817808339,0.03737592267703362,0.0075852062289270385,0.05268267880873795
IC2395_CXO-96.0,130.60204122867205,-48.0959810552349,0.7424351115875465,4.015531,2.765823788908604e-15,-0.9212087674885632,,0.0183833721484137,17.980766,,14.022,5,,YSO,0.2784,0.06704016585886284,0.5331696232624059,12,p,,0.0926,0.20420000000000002,0.043,0.1909,0.0047,0.1262,0.06,0.2784,0.03804887871826412,0.07212755256061193,0.03167065365650515,0.07149337752759363,0.006735253251633259,0.05229635829490512,0.037172815091383406,0.06704016585886284
IC2395_CXO-97.0,130.62203311322472,-48.09454725322142,0.702672556271154,4.7138114,1.7883347836945122e-14,-0.7105197202380074,,,16.050943,,,3,,CV,0.4191,0.10662020768535713,1.5219026824167747,12,p,,0.0194,0.4191,0.0558,0.046799999999999994,0.0159,0.1686,0.12040000000000001,0.154,0.014200583285786737,0.10662020768535713,0.046843388330724225,0.03296401466184395,0.013034143197344767,0.054901564806313294,0.060149980897920514,0.06756964233778782
IC2395_CXO-98.0,130.73840099702656,-48.074745691229865,1.7873538430242333,3.8441136,9.4345055433562e-15,-0.20894343792586154,,0.0364498489570451,17.411448,,,3,,CV,0.4618,0.11692508177236716,1.4894571553728877,12,p,,0.0222,0.4618,0.0412,0.0259,0.004200000000000001,0.19580000000000003,0.0993,0.1496,0.019877402021167438,0.11692508177236716,0.03551297955919381,0.024785748593361735,0.012405603165464784,0.06166347248074695,0.07251965947314569,0.0634037885622019
IC2395_CXO-99.0,130.6126373184365,-48.0692592414707,1.4431359096139424,2.2160387,3.580451230543286e-15,-0.49629174130165393,,0.5757282362355144,17.27139,,,3,,YSO,0.2704,0.07954313993746481,0.109684265114599,12,p,,0.018699999999999998,0.2504,0.1094,0.058600000000000006,0.0031,0.21960000000000002,0.0698,0.2704,0.012922066320051063,0.10279841998549956,0.10118310235419846,0.03117302641319216,0.008127146181194544,0.08011254709482278,0.04707569661854419,0.07954313993746481
