_rs_catwise,_q,_r_catwise,objID_catwise,RA_ICRS_catwise,e_RA_ICRS_catwise,DE_ICRS_catwise,e_DE_ICRS_catwise,Name_catwise,ePos_catwise,Xpos_catwise,Ypos_catwise,skyW1_catwise,e_skyW1_catwise,confW1_catwise,skyW2_catwise,e_skyW2_catwise,confW2_catwise,nW1_catwise,mW1_catwise,nW2_catwise,mW2_catwise,_tab1_20_catwise,RAPMdeg_catwise,e_RAPMdeg_catwise,DEPMdeg_catwise,e_DEPMdeg_catwise,ePosPM_catwise,pmRA_catwise,e_pmRA_catwise,pmDE_catwise,e_pmDE_catwise,snrW1pm_catwise,snrW2pm_catwise,FW1pm_catwise,e_FW1pm_catwise,FW2pm_catwise,e_FW2pm_catwise,W1mproPM_catwise,e_W1mproPM_catwise,chi2W1pm_catwise,W2mproPM_catwise,e_W2mproPM_catwise,chi2W2pm_catwise,chi2pm_catwise,pmQual_catwise,Dist_catwise,dW1mpro_catwise,chi2dW1mpro_catwise,dW2mpro_catwise,chi2dW2mpro_catwise,ELONavg_catwise,e_ELONavg_catwise,ELATavg_catwise,e_ELATavg_catwise,dELON_catwise,e_dELON_catwise,dELAT_catwise,e_dELAT_catwise,snrdELON_catwise,snrdELAT_catwise,chi2pmRA_catwise,chi2pmDE_catwise,ka_catwise,k1_catwise,k2_catwise,km_catwise,plx1_catwise,e_plx1_catwise,plx2_catwise,e_plx2_catwise,Sep_catwise,ccf_catwise,abf_catwise,WISEA_catwise
[],1.0,,,,,,,,,,,,,,,,,,,,,,,,,,,,,,,,,,,,,,,,,,,,,,,,,,,,,,,,,,,,,,,,,,,,,,,,,
"[0.085, 8.976]",2.0,0.085,1304m485_b0-001406,130.6045792,0.0172,-48.0943662,0.0196,J084225.09-480539.7,-0.0077,933.05,1506.003,24.01,17.4,0.0,64.86,23.1,4.7,12,12,12,12,57249.247392,130.6045846,0.016,-48.0943667,0.0182,-0.0073,-0.03126,0.0031,7e-05,0.0035,116.0,147.5,90000.0,800.0,78000.0,500.0,10.108,0.009,7.038,10.274,0.007,2.151,4.558,2N000,0.016,-0.033,2.119,-0.01,0.452,158.732238,0.019,-62.194941,0.017,-0.032,0.039,0.01,0.035,0.829,0.283,14.3,12.0,3,3,3,3,-0.002,0.018,-0.013,0.019,0.053,dddD,H0,WISEA
[0.077],3.0,0.077,1304m485_b0-001633,130.6149315,0.018,-48.1774337,0.0209,J084227.58-481038.7,-0.0005,924.161,1397.243,71.39,17.3,4.45,105.25,23.8,5.68,12,12,12,12,57255.31794,130.6149355,0.0181,-48.1774338,0.021,-0.0011,-0.00545,0.0035,-0.00189,0.004,88.6,137.9,64000.0,700.0,64000.0,500.0,10.491,0.012,0.7026,10.482,0.008,0.7846,0.7379,1N000,0.055,-0.038,2.356,-0.014,0.803,158.843623,0.019,-62.260165,0.02,0.006,0.039,0.021,0.04,0.153,0.515,11.5,3.26,3,3,3,3,0.011,0.019,0.007,0.019,0.039,hhh0,00,WISEA
"[0.072, 8.473]",4.0,0.072,1304m485_b0-002582,130.5792263,0.0193,-48.1368234,0.0199,J084219.01-480812.5,-0.004,955.275,1450.447,36.81,17.9,4.22,77.49,32.3,7.06,12,12,12,12,57253.970395,130.5792294,0.0191,-48.1368241,0.0197,-0.0039,-0.00215,0.0035,0.00245,0.0037,99.1,134.7,40000.0,400.0,38000.0,300.0,10.99,0.011,2.694,11.051,0.008,0.9311,1.8,3N000,0.05,-0.023,0.971,-0.009,0.279,158.752614,0.02,-62.239649,0.019,0.005,0.04,0.006,0.039,0.113,0.161,5.95,8.2,3,3,3,3,0.009,0.02,0.005,0.02,1.045,HdhH,H0,WISEA
[0.101],5.0,0.101,1304m485_b0-001946,130.7448681,0.0181,-48.1241242,0.0192,J084258.76-480726.8,-0.0007,810.51,1466.767,47.84,18.4,4.39,85.82,27.5,3.95,12,12,12,12,57254.055887,130.744871,0.0182,-48.1241248,0.0195,-0.0014,-0.00051,0.0036,0.00205,0.004,91.7,138.7,56000.0,600.0,55000.0,400.0,10.635,0.012,2.838,10.654,0.008,3.427,3.111,1N000,0.059,-0.027,1.261,-0.014,0.81,158.934561,0.019,-62.167645,0.019,0.0,0.037,-0.038,0.038,0.005,1.002,5.13,7.58,3,3,3,3,0.007,0.019,0.003,0.019,0.343,dd00,H0,WISEA
[0.073],6.0,0.073,1304m485_b0-005179,130.6195621,0.0188,-48.1555026,0.0217,J084228.69-480919.8,-0.0037,920.074,1425.948,106.87,25.8,0.0,142.97,33.3,0.0,12,12,12,12,57232.397279,130.6195637,0.0192,-48.1555034,0.0219,-0.0038,-0.01223,0.004,-0.00118,0.0044,84.4,130.6,16000.0,200.0,16000.0,100.0,11.99,0.013,0.9703,12.021,0.008,1.272,1.112,1N000,0.032,-0.022,0.747,-0.022,1.826,158.822939,0.02,-62.240221,0.021,-0.014,0.04,-0.009,0.041,0.348,0.212,2.41,15.6,3,3,3,3,-0.001,0.021,-0.007,0.02,0.038,hhh0,H0,WISEA
[],7.0,,,,,,,,,,,,,,,,,,,,,,,,,,,,,,,,,,,,,,,,,,,,,,,,,,,,,,,,,,,,,,,,,,,,,,,,,
[],8.0,,,,,,,,,,,,,,,,,,,,,,,,,,,,,,,,,,,,,,,,,,,,,,,,,,,,,,,,,,,,,,,,,,,,,,,,,
"[1.498, 9.564, 9.671]",9.0,1.498,1304m485_b0-056775,130.5714084,0.039,-47.9864991,0.0457,J084217.13-475911.3,-0.0157,961.921,1647.251,-1.2,13.6,3.1,12.09,19.7,4.78,12,12,12,12,57215.916156,130.5714078,0.0395,-47.9864974,0.0464,-0.0163,-0.03912,0.0139,0.01445,0.0161,73.4,44.9,820.0,10.0,920.0,20.0,15.217,0.015,2.905,15.091,0.024,1.29,2.082,2N000,0.63,0.012,0.163,0.041,0.706,158.564745,0.044,-62.117439,0.041,-0.615,0.089,0.269,0.082,6.943,3.263,0.252,0.418,3,3,3,3,-0.293,0.045,-0.311,0.044,,,00,WISEA
"[0.553, 4.811]",10.0,0.553,1304m485_b0-005580,130.4718743,0.0262,-47.986559,0.0244,J084153.25-475911.6,0.0115,1049.134,1647.198,-2.03,10.2,7.27,6.1,19.5,11.88,12,12,12,12,57256.238052,130.47188,0.0264,-47.9865616,0.0247,0.0118,-0.01134,0.0041,0.01435,0.0046,77.1,101.5,15000.0,200.0,15000.0,200.0,12.071,0.014,0.7377,12.061,0.011,0.8277,0.7767,2N000,0.057,-0.021,0.551,-0.025,1.299,158.446049,0.023,-62.154324,0.027,0.008,0.047,-0.022,0.055,0.17,0.409,18.0,21.3,3,3,3,3,0.018,0.024,0.01,0.024,0.207,hhH0,H0,WISEA
[0.072],11.0,0.072,1304m485_b0-011002,130.6360927,0.0187,-48.1445106,0.0208,J084232.66-480840.2,-0.0011,905.612,1440.314,109.1,31.9,0.55,144.45,29.8,7.1,12,12,12,12,57237.421314,130.6360967,0.019,-48.1445122,0.0212,-0.0017,-0.0099,0.0047,0.01255,0.0053,104.5,131.1,6300.0,60.0,6700.0,50.0,13.009,0.01,1.996,12.933,0.008,2.7,2.332,2N000,0.055,-0.025,1.389,-0.033,4.109,158.8295,0.019,-62.224952,0.02,0.008,0.039,0.016,0.04,0.194,0.399,14.4,15.6,3,3,3,3,0.016,0.02,0.009,0.02,0.07,hhh0,00,WISEA
"[0.246, 8.943]",12.0,0.246,1304m485_b0-003275,130.6082843,0.0187,-48.0319794,0.0185,J084225.98-480155.1,0.0073,929.695,1587.672,-5.98,12.4,2.2,11.58,21.5,3.68,12,12,12,12,57261.083226,130.6082877,0.0182,-48.0319796,0.0179,0.0068,-0.00294,0.0035,0.00044,0.0037,104.6,146.6,32000.0,300.0,28000.0,200.0,11.221,0.01,3.584,11.384,0.007,1.069,2.309,3N000,0.062,-0.022,0.945,0.005,0.113,158.662552,0.017,-62.141652,0.02,-0.007,0.035,-0.049,0.04,0.211,1.237,8.16,6.47,3,3,3,3,0.004,0.017,0.0,0.017,0.354,hhh0,00,WISEA
"[2.386, 6.562]",13.0,2.386,1304m485_b0-116182,130.8247126,0.1056,-48.1277763,0.1219,J084317.93-480739.9,0.0227,740.757,1461.728,-6.86,15.9,4.59,16.92,25.7,7.28,12,12,5,12,57199.925084,130.8247158,0.1098,-48.1277722,0.1253,0.0254,0.02238,0.0401,-0.06465,0.0445,30.0,8.8,320.0,10.0,310.0,40.0,16.236,0.036,2.026,16.275,0.123,0.5073,1.258,3N000,0.553,0.034,0.217,0.119,0.134,159.033731,0.109,-62.141033,0.119,0.198,0.218,-0.497,0.239,0.91,2.076,0.0619,0.681,3,3,3,3,0.096,0.113,0.111,0.113,,,00,WISEA
[8.783],14.0,8.783,1304m485_b0-046581,130.6716689,0.0492,-48.0879101,0.0468,J084241.20-480516.4,0.015,874.37,1514.349,5.93,14.5,0.0,46.1,27.5,4.9,12,12,12,12,57404.685385,130.6716629,0.0565,-48.0878792,0.0539,0.0164,0.02077,0.0162,-0.06675,0.0187,53.5,36.2,1100.0,20.0,990.0,30.0,14.928,0.02,9.248,15.012,0.03,3.315,6.238,1N000,0.947,0.047,1.546,0.16,9.35,158.804426,0.046,-62.164694,0.05,0.899,0.093,0.07,0.101,9.646,0.693,6.33,65.2,3,3,3,3,0.392,0.054,0.404,0.052,,,P0,WISEA
[0.08],15.0,0.08,1304m485_b0-003199,130.658005,0.0193,-48.106863,0.0211,J084237.92-480624.7,-0.0028,886.37,1489.563,48.97,32.8,2.47,51.94,31.3,2.35,12,12,12,12,57251.175465,130.6580104,0.0196,-48.106865,0.0214,-0.0027,-0.01124,0.0038,0.01005,0.0041,92.6,129.0,29000.0,300.0,29000.0,200.0,11.348,0.012,1.1,11.354,0.008,1.293,1.189,1N000,0.028,-0.022,0.945,-0.019,1.253,158.810716,0.02,-62.185525,0.02,-0.017,0.04,-0.003,0.041,0.422,0.072,26.8,22.5,3,3,3,3,0.006,0.02,-0.002,0.02,0.023,hhH0,00,WISEA
[],16.0,,,,,,,,,,,,,,,,,,,,,,,,,,,,,,,,,,,,,,,,,,,,,,,,,,,,,,,,,,,,,,,,,,,,,,,,,
[1.636],17.0,1.636,1304m485_b0-000297,130.7210697,0.0183,-48.128074,0.0193,J084253.05-480741.0,-0.0059,831.322,1461.659,150.77,65.3,0.97,141.17,59.2,0.69,12,12,12,12,57254.13514,130.7210723,0.0183,-48.1280745,0.0195,-0.0061,0.00038,0.0035,0.00205,0.0037,95.3,138.0,430000.0,4000.0,430000.0,3000.0,8.407,0.011,1.081,8.422,0.008,1.203,1.133,1N000,0.011,-0.036,2.378,-0.009,0.335,158.910982,0.02,-62.179761,0.018,-0.043,0.039,-0.011,0.037,1.094,0.303,4.76,9.43,3,3,3,3,-0.015,0.02,-0.018,0.02,0.019,hh00,00,WISEA
"[0.782, 3.943]",18.0,0.782,1304m485_b0-004150,130.6952076,0.0406,-48.0906811,0.0394,J084246.85-480526.4,0.0025,853.795,1510.673,20.14,20.2,2.43,42.44,30.0,4.77,12,12,12,12,57148.453489,130.6952067,0.049,-48.0906816,0.0457,0.0102,-0.0094,0.008,-0.02375,0.0133,32.8,49.4,14000.0,400.0,20000.0,400.0,12.132,0.033,4.823,11.745,0.022,2.616,3.693,1N000,0.408,0.929,99.999,0.068,3.42,158.835723,0.04,-62.15827,0.04,-0.447,0.08,-0.074,0.08,5.558,0.926,1.43,0.964,3,3,3,3,-0.223,0.047,-0.223,0.044,,,D0,WISEA
"[1.631, 9.354, 9.46]",19.0,1.631,1304m485_b0-067035,130.7160317,0.0461,-48.2112489,0.0508,J084251.84-481240.4,-0.0062,836.031,1352.785,120.45,20.7,0.0,119.31,26.0,0.95,12,12,12,12,57287.206275,130.7160307,0.0471,-48.21125,0.0525,-0.007,-0.0032,0.0172,-0.02575,0.0194,61.5,42.9,630.0,10.0,890.0,20.0,15.508,0.018,2.652,15.123,0.025,1.112,1.867,1N000,0.193,-0.072,4.141,-0.109,4.451,159.004319,0.048,-62.250729,0.049,-0.237,0.096,0.018,0.098,2.462,0.186,1.71,3.06,3,3,3,3,-0.118,0.049,-0.118,0.049,,,00,WISEA
"[0.894, 7.742, 8.932]",20.0,0.894,1304m485_b0-172947,130.629612,0.0578,-48.1749324,0.0572,J084231.10-481029.7,0.0036,911.34,1400.498,75.85,18.1,0.0,95.8,22.9,1.79,12,12,12,12,57279.11083,130.6296151,0.0604,-48.1749359,0.0604,0.0075,0.04575,0.0249,0.02145,0.0252,57.3,26.6,510.0,9.0,520.0,20.0,15.723,0.019,6.347,15.702,0.041,1.279,3.784,2N000,0.156,-0.268,48.204,0.228,7.978,158.858109,0.058,-62.25264,0.058,-0.171,0.117,-0.091,0.118,1.464,0.773,4.31,2.56,3,3,3,3,-0.067,0.061,-0.064,0.061,,,00,WISEA
"[2.809, 6.662, 9.392]",21.0,2.809,1304m485_b0-195749,130.781639,0.3215,-48.0352012,0.3411,J084307.59-480206.7,0.0785,777.949,1583.07,-13.2,9.9,0.56,-4.72,17.4,3.54,3,12,1,12,57116.436437,130.7815956,0.3376,-48.0351404,0.3663,0.0809,0.09838,0.1184,-0.00844,0.1306,11.0,5.5,90.0,8.0,110.0,20.0,17.616,0.099,3.107,17.364,0.197,1.186,2.129,1N000,0.0,-0.097,0.197,-0.624,1.399,158.872607,0.319,-62.080057,0.344,-0.045,0.654,0.0,0.706,0.069,0.0,1.56,4.51,3,3,3,3,-0.035,0.338,-0.112,0.316,,,00,WISEA
"[0.189, 9.985]",22.0,0.189,1304m485_b0-008528,130.6942907,0.0316,-48.1764826,0.0371,J084246.63-481035.3,-0.0057,854.882,1398.349,129.01,36.4,0.0,132.72,36.0,0.0,12,12,12,12,57255.619815,130.6942963,0.0349,-48.1764848,0.0412,-0.0037,-0.01744,0.0067,-0.00555,0.0079,63.0,80.1,9400.0,200.0,9600.0,100.0,12.573,0.017,1.486,12.54,0.014,0.8486,1.159,3N000,0.084,0.007,0.041,-0.009,0.112,158.936901,0.034,-62.229926,0.035,0.033,0.068,-0.032,0.07,0.486,0.459,0.00133,2.17,3,3,3,3,0.024,0.038,0.018,0.034,0.087,hh00,00,WISEA
[0.493],23.0,0.493,1304m485_b0-006284,130.7271753,0.0172,-48.1084847,0.0207,J084254.52-480630.5,0.0035,825.91,1487.289,-9.11,8.2,5.72,66.84,17.2,8.02,12,12,12,12,57245.905007,130.7271804,0.0175,-48.108486,0.021,0.0032,-0.02769,0.0038,0.00755,0.0045,92.6,134.6,14000.0,200.0,13000.0,100.0,12.132,0.012,0.8312,12.189,0.008,2.079,1.446,1N000,0.031,-0.018,0.559,-0.025,2.358,158.894914,0.018,-62.161212,0.02,-0.014,0.036,-0.005,0.04,0.392,0.135,4.44,13.0,3,3,3,3,0.007,0.018,-0.004,0.018,0.053,0h00,00,WISEA
[],24.0,,,,,,,,,,,,,,,,,,,,,,,,,,,,,,,,,,,,,,,,,,,,,,,,,,,,,,,,,,,,,,,,,,,,,,,,,
"[2.943, 6.277, 8.834, 9.064]",25.0,2.943,1304m485_b0-006090,130.8071093,0.0216,-48.1216539,0.0222,J084313.70-480717.9,-0.0042,756.107,1469.806,9.13,21.4,3.08,22.68,22.9,6.1,12,12,12,12,57232.858217,130.8071119,0.0206,-48.1216546,0.0213,-0.004,0.00283,0.0046,0.00395,0.0049,90.4,122.1,16000.0,200.0,13000.0,100.0,12.017,0.012,4.643,12.195,0.009,1.732,3.163,3N000,0.067,0.01,0.138,-0.012,0.426,159.005543,0.022,-62.142484,0.022,-0.086,0.044,-0.053,0.044,1.94,1.212,1.45,7.38,3,3,3,3,-0.037,0.021,-0.04,0.022,,,00,WISEA
"[0.284, 6.742, 7.985]",26.0,0.284,1304m485_b0-002891,130.7384006,0.021,-48.059864,0.0224,J084257.21-480335.5,0.0098,815.9,1550.911,-3.5,13.8,0.57,2.98,22.0,2.52,12,12,12,12,57254.10821,130.7384062,0.0208,-48.0598656,0.0221,0.0097,-0.01214,0.0034,0.01025,0.0038,91.8,122.7,36000.0,400.0,33000.0,300.0,11.096,0.012,2.15,11.198,0.009,0.9956,1.561,3N000,0.063,-0.072,8.457,-0.019,1.068,158.850473,0.019,-62.116616,0.024,0.007,0.039,-0.036,0.048,0.18,0.755,32.0,27.0,3,3,3,3,0.018,0.019,0.01,0.019,0.214,ddd0,00,WISEA
[5.051],27.0,5.051,1304m485_b0-000205,130.8029332,0.018,-48.0999243,0.0205,J084312.70-480559.7,-0.004,759.644,1498.267,2.54,15.7,0.0,5.28,23.1,2.55,12,12,12,12,57262.440599,130.8029331,0.018,-48.0999213,0.0204,-0.0039,0.01924,0.0035,-0.03425,0.004,95.3,137.3,640000.0,7000.0,660000.0,5000.0,7.977,0.011,2.466,7.954,0.008,0.8798,1.661,1N000,0.074,-0.051,4.5,-0.007,0.202,158.974731,0.019,-62.125975,0.019,0.02,0.038,-0.035,0.039,0.531,0.895,0.172,0.0307,3,3,3,3,0.003,0.019,0.01,0.019,0.135,hh00,00,WISEA
[0.446],28.0,0.446,1304m485_b0-005999,130.6937471,0.019,-48.2175861,0.0201,J084246.50-481303.3,0.0028,855.492,1344.541,125.85,26.5,1.57,148.47,27.8,12.14,12,12,12,12,57273.708534,130.6937514,0.0192,-48.2175888,0.0203,0.0028,-0.00603,0.0041,0.01295,0.0043,94.4,130.0,14000.0,200.0,14000.0,100.0,12.146,0.011,2.551,12.131,0.008,2.083,2.3,2N000,0.031,-0.023,0.971,-0.037,4.753,158.985419,0.019,-62.264265,0.02,-0.024,0.038,0.023,0.04,0.632,0.562,12.8,29.2,3,3,3,3,0.003,0.019,-0.004,0.019,0.101,dd00,00,WISEA
[],29.0,,,,,,,,,,,,,,,,,,,,,,,,,,,,,,,,,,,,,,,,,,,,,,,,,,,,,,,,,,,,,,,,,,,,,,,,,
"[1.102, 6.551, 7.13]",30.0,1.102,1304m485_b0-083851,130.5860602,0.0494,-47.9639835,0.0493,J084220.65-475750.3,0.0179,949.05,1676.715,-13.37,12.0,3.97,3.05,19.7,5.77,12,12,12,12,57224.915665,130.5860628,0.0499,-47.9639809,0.0502,0.0183,-0.00092,0.0173,-0.06675,0.019,42.3,59.9,560.0,10.0,1400.0,20.0,15.631,0.026,3.007,14.594,0.018,1.381,2.176,2N000,0.249,0.054,1.223,0.03,0.641,158.555592,0.046,-62.093254,0.052,-0.249,0.093,0.142,0.105,2.689,1.357,1.87,0.389,3,3,3,3,-0.126,0.047,-0.118,0.047,,,00,WISEA
[],31.0,,,,,,,,,,,,,,,,,,,,,,,,,,,,,,,,,,,,,,,,,,,,,,,,,,,,,,,,,,,,,,,,,,,,,,,,,
"[1.3, 9.846]",32.0,1.3,1304m485_b0-005219,130.6735265,0.0206,-48.2047974,0.0241,J084241.64-481217.2,-0.004,873.092,1361.325,76.37,18.1,0.56,113.42,35.0,4.97,12,12,12,12,57253.241797,130.6735299,0.0204,-48.2047984,0.0238,-0.004,-0.00339,0.004,-0.00943,0.0045,90.8,112.8,18000.0,200.0,17000.0,200.0,11.858,0.012,2.689,11.909,0.01,0.9723,1.818,3N000,0.027,0.048,3.734,0.002,0.009,158.946067,0.022,-62.261153,0.023,-0.025,0.045,-0.018,0.046,0.555,0.398,4.24,28.1,3,3,3,3,-0.006,0.022,-0.008,0.022,0.028,hh00,00,WISEA
[9.919],33.0,9.919,1304m485_b0-001154,130.6618157,0.0188,-48.0680784,0.0206,J084238.83-480405.0,-0.0068,882.931,1540.331,5.55,16.0,1.24,29.52,20.9,7.98,12,12,12,12,57253.349465,130.6618208,0.0189,-48.0680797,0.0209,-0.0067,-0.02601,0.0035,0.01535,0.0039,86.9,130.3,96000.0,1000.0,90000.0,700.0,10.041,0.012,0.531,10.117,0.008,0.59,0.5565,1N000,0.028,-0.014,0.318,-0.004,0.06,158.769133,0.02,-62.151853,0.019,-0.028,0.041,0.022,0.038,0.675,0.567,5.18,10.1,3,3,3,3,0.001,0.021,-0.011,0.02,0.116,hhh0,00,WISEA
[],34.0,,,,,,,,,,,,,,,,,,,,,,,,,,,,,,,,,,,,,,,,,,,,,,,,,,,,,,,,,,,,,,,,,,,,,,,,,
[],35.0,,,,,,,,,,,,,,,,,,,,,,,,,,,,,,,,,,,,,,,,,,,,,,,,,,,,,,,,,,,,,,,,,,,,,,,,,
[0.733],36.0,0.733,1304m485_b0-004947,130.7549928,0.0197,-48.1697773,0.023,J084301.19-481011.1,0.0056,801.862,1406.972,132.23,19.6,2.4,144.61,25.9,1.29,12,12,12,12,57247.589826,130.7549973,0.0198,-48.1697792,0.0228,0.0055,-0.02431,0.0039,0.01495,0.0044,89.0,125.9,18000.0,200.0,18000.0,100.0,11.852,0.012,2.279,11.862,0.009,2.264,2.253,3N000,0.014,-0.05,4.078,-0.013,0.54,159.001032,0.02,-62.201819,0.023,-0.058,0.04,0.005,0.046,1.446,0.101,1.55,15.6,3,3,3,3,-0.015,0.02,-0.027,0.02,0.436,dd00,00,WISEA
[0.174],37.0,0.174,1304m485_b0-008352,130.6526868,0.0174,-48.1022952,0.0199,J084236.64-480608.2,0.0048,891.007,1495.552,30.98,21.4,4.1,51.15,27.0,6.66,12,12,12,12,57247.826161,130.6526905,0.0179,-48.1022975,0.0205,0.005,-0.00563,0.0043,0.01515,0.0049,93.1,136.2,9100.0,100.0,9300.0,70.0,12.607,0.012,2.715,12.578,0.008,2.222,2.451,1N000,0.027,-0.044,3.552,-0.043,7.64,158.79895,0.018,-62.183699,0.02,-0.036,0.035,0.026,0.039,1.036,0.662,9.07,24.3,3,3,3,3,-0.006,0.018,-0.012,0.018,0.102,hhH0,00,WISEA
[],38.0,,,,,,,,,,,,,,,,,,,,,,,,,,,,,,,,,,,,,,,,,,,,,,,,,,,,,,,,,,,,,,,,,,,,,,,,,
[],39.0,,,,,,,,,,,,,,,,,,,,,,,,,,,,,,,,,,,,,,,,,,,,,,,,,,,,,,,,,,,,,,,,,,,,,,,,,
[1.558],40.0,1.558,1304m485_b0-002927,130.6226641,0.0181,-48.0946451,0.0195,J084229.44-480540.7,-0.0037,917.237,1505.614,1.48,8.6,5.11,33.6,21.0,9.87,12,12,12,12,57223.388447,130.6226649,0.0187,-48.0946451,0.0205,-0.0042,0.00311,0.0037,0.00325,0.0041,91.5,136.8,32000.0,400.0,47000.0,300.0,11.226,0.012,7.785,10.822,0.008,10.26,8.959,1N000,0.151,0.042,3.052,0.089,32.731,158.754109,0.019,-62.188467,0.019,0.068,0.038,0.101,0.038,1.799,2.667,1.32,10.3,3,3,3,3,0.038,0.02,0.035,0.02,0.165,hdh0,H0,WISEA
[1.379],41.0,1.379,1304m485_b0-008722,130.5243036,0.0223,-48.0063943,0.0252,J084205.83-480023.0,-0.0034,1003.204,1621.231,-0.26,10.1,0.81,23.26,22.0,1.12,12,12,12,12,57254.496188,130.5243065,0.0224,-48.0063948,0.0254,-0.0032,-0.00122,0.0047,0.00225,0.0054,87.4,107.5,8900.0,100.0,9900.0,90.0,12.626,0.012,1.262,12.513,0.01,0.8003,1.023,2N000,0.043,-0.025,0.962,-0.017,0.686,158.532112,0.023,-62.151448,0.024,-0.002,0.047,0.003,0.048,0.05,0.058,3.15,4.11,3,3,3,3,0.006,0.024,0.002,0.023,0.047,hhHH,H0,WISEA
"[6.087, 6.265]",42.0,6.087,1304m485_b0-130534,130.5992562,0.0703,-48.0336839,0.0806,J084223.82-480201.2,-0.0049,937.601,1585.451,-2.8,13.6,25.08,15.66,27.3,20.04,12,12,10,12,57185.141128,130.5992618,0.0726,-48.0336814,0.0835,-0.0039,-0.03699,0.0289,-0.04765,0.0335,44.4,17.9,340.0,8.0,310.0,20.0,16.176,0.024,2.31,16.283,0.061,1.204,1.744,1N000,0.329,-0.136,7.755,-0.234,3.55,158.65382,0.074,-62.146415,0.078,-0.043,0.148,0.329,0.156,0.29,2.106,1.24,0.399,3,3,3,3,-0.013,0.076,-0.018,0.076,,,H0,WISEA
"[0.254, 8.186, 9.329, 9.748]",43.0,0.254,1304m485_b0-010661,130.6615707,0.0208,-48.0510455,0.0231,J084238.77-480303.7,-0.0077,883.098,1562.63,-2.89,15.2,2.44,8.52,22.0,4.07,12,12,12,12,57251.31983,130.6615736,0.0209,-48.0510458,0.0232,-0.0077,-0.00152,0.0047,0.00065,0.0052,85.8,116.1,6900.0,80.0,7500.0,60.0,12.903,0.013,1.756,12.819,0.009,1.06,1.398,3N000,0.041,-0.059,5.372,-0.016,0.757,158.748619,0.023,-62.137771,0.021,-0.005,0.046,0.009,0.043,0.105,0.203,3.65,3.97,3,3,3,3,0.005,0.023,0.001,0.023,0.102,00H0,00,WISEA
[0.468],44.0,0.468,1304m485_b0-009922,130.6852463,0.0249,-48.1877155,0.0272,J084244.45-481115.7,0.0006,862.813,1383.663,69.06,11.7,1.46,105.53,24.6,4.22,12,12,12,12,57263.614485,130.6852517,0.0255,-48.1877177,0.0278,-0.0019,-0.025,0.0053,0.00785,0.0059,82.0,91.9,7900.0,100.0,8000.0,90.0,12.761,0.013,0.9312,12.746,0.012,0.7856,0.8521,1N000,0.055,-0.006,0.05,-0.021,0.753,158.939572,0.026,-62.242614,0.027,0.006,0.051,-0.021,0.054,0.113,0.4,1.81,19.2,3,3,3,3,0.018,0.026,0.008,0.026,0.061,0h00,00,WISEA
"[0.608, 4.801, 9.896]",45.0,0.608,1304m485_b0-015381,130.6080587,0.0395,-48.1921905,0.0276,J084225.93-481131.8,-0.0135,930.188,1377.934,53.09,10.1,9.21,88.34,19.3,16.48,12,12,12,12,57258.796179,130.6080616,0.0399,-48.1921931,0.0277,-0.0139,-0.00418,0.0061,0.01935,0.0064,61.7,70.5,4300.0,70.0,4600.0,60.0,13.408,0.018,5.46,13.341,0.015,2.836,4.119,3N000,0.354,0.133,11.88,0.081,5.73,158.853085,0.038,-62.274978,0.029,0.299,0.085,0.082,0.059,3.53,1.377,2.74,15.7,3,3,3,3,0.162,0.042,0.155,0.043,0.679,hhh0,00,WISEA
[],46.0,,,,,,,,,,,,,,,,,,,,,,,,,,,,,,,,,,,,,,,,,,,,,,,,,,,,,,,,,,,,,,,,,,,,,,,,,
[],47.0,,,,,,,,,,,,,,,,,,,,,,,,,,,,,,,,,,,,,,,,,,,,,,,,,,,,,,,,,,,,,,,,,,,,,,,,,
[],48.0,,,,,,,,,,,,,,,,,,,,,,,,,,,,,,,,,,,,,,,,,,,,,,,,,,,,,,,,,,,,,,,,,,,,,,,,,
[],49.0,,,,,,,,,,,,,,,,,,,,,,,,,,,,,,,,,,,,,,,,,,,,,,,,,,,,,,,,,,,,,,,,,,,,,,,,,
"[0.47, 9.311, 9.587]",50.0,0.47,1304m485_b0-014669,130.7356844,0.0247,-48.1676135,0.0343,J084256.56-481003.4,0.0051,818.711,1409.859,140.42,18.0,7.69,149.87,27.9,10.83,12,12,12,12,57357.805881,130.7356908,0.024,-48.1676163,0.0328,0.0044,-0.01386,0.0073,0.00765,0.0082,98.9,60.0,3700.0,40.0,4400.0,70.0,13.589,0.011,8.574,13.399,0.018,2.525,5.511,2N000,0.379,0.03,1.413,0.122,12.352,158.975504,0.028,-62.207191,0.032,0.041,0.058,-0.369,0.072,0.701,5.166,0.0418,0.0416,3,3,3,3,0.03,0.028,0.025,0.029,,,00,WISEA
[0.307],51.0,0.307,1304m485_b0-011122,130.5969027,0.0252,-48.0499036,0.0279,J084223.25-480259.6,-0.006,939.688,1564.22,10.97,15.0,0.69,22.55,18.0,2.82,12,12,12,12,57247.409278,130.5969075,0.0256,-48.0499053,0.0283,-0.0065,-0.03535,0.006,0.02315,0.0065,77.8,105.6,7500.0,100.0,8300.0,80.0,12.818,0.014,6.125,12.705,0.01,6.583,6.306,1N000,0.275,0.149,27.682,-0.022,1.15,158.670255,0.027,-62.160789,0.026,-0.259,0.053,-0.173,0.053,4.843,3.261,1.66,2.45,3,3,3,3,-0.115,0.027,-0.131,0.027,,,H0,WISEA
[0.409],52.0,0.409,1304m485_b0-001248,130.750957,0.0178,-48.2184836,0.0195,J084300.23-481306.5,-0.0043,805.594,1343.222,126.4,24.3,5.97,104.81,29.8,12.8,12,12,12,12,57249.876332,130.7509601,0.0179,-48.2184838,0.0196,-0.0043,-0.00259,0.0034,0.00044,0.0036,101.8,138.7,87000.0,800.0,86000.0,600.0,10.15,0.011,0.7592,10.161,0.008,0.631,0.69,2N000,0.041,-0.001,0.002,-0.006,0.149,159.054471,0.019,-62.243763,0.019,-0.007,0.038,-0.013,0.037,0.176,0.357,8.25,7.24,3,3,3,3,0.004,0.019,0.0,0.019,0.036,0h00,00,WISEA
[],53.0,,,,,,,,,,,,,,,,,,,,,,,,,,,,,,,,,,,,,,,,,,,,,,,,,,,,,,,,,,,,,,,,,,,,,,,,,
[],54.0,,,,,,,,,,,,,,,,,,,,,,,,,,,,,,,,,,,,,,,,,,,,,,,,,,,,,,,,,,,,,,,,,,,,,,,,,
"[0.642, 9.649, 9.897]",55.0,0.642,1304m485_b0-009085,130.7110766,0.0183,-48.1032147,0.0222,J084250.65-480611.5,0.0021,839.964,1494.228,42.52,33.0,0.0,85.71,38.9,5.69,12,12,12,12,57263.115092,130.7110798,0.0182,-48.1032153,0.0221,0.0013,-0.00231,0.0041,0.00245,0.0049,101.5,116.1,9300.0,90.0,9100.0,80.0,12.581,0.011,2.536,12.603,0.009,1.299,1.903,3N000,0.046,0.004,0.033,-0.019,1.062,158.869504,0.02,-62.162804,0.021,-0.002,0.039,0.014,0.042,0.041,0.336,4.26,4.84,3,3,3,3,0.006,0.02,0.002,0.02,0.073,0h00,00,WISEA
"[0.171, 5.522, 9.804]",56.0,0.171,1304m485_b0-018420,130.7977571,0.0785,-48.1704736,0.0864,J084311.46-481013.7,0.0185,764.529,1405.927,117.6,45.2,4.5,109.82,38.7,9.57,12,12,12,12,57223.393084,130.7977575,0.0797,-48.1704732,0.0888,0.0189,-0.02797,0.0138,-0.0185,0.0149,27.6,36.8,3400.0,100.0,3900.0,100.0,13.664,0.039,0.9454,13.524,0.029,1.039,0.9854,3N000,0.123,-0.024,0.093,-0.006,0.01,159.052644,0.079,-62.186513,0.086,0.077,0.158,0.004,0.172,0.489,0.024,0.605,1.99,3,3,3,3,0.047,0.081,0.038,0.081,,,00,WISEA
"[0.694, 8.599]",57.0,0.694,1304m485_b0-007855,130.6873242,0.0173,-48.2119539,0.021,J084244.95-481243.0,-0.0044,861.077,1351.928,112.3,24.3,8.48,130.69,26.8,7.27,12,12,12,12,57248.567181,130.6873266,0.0172,-48.2119548,0.0208,-0.0043,0.01092,0.0039,-0.00807,0.0046,102.4,131.7,11000.0,100.0,9600.0,70.0,12.409,0.011,8.268,12.55,0.008,4.094,6.131,3N000,0.012,-0.055,6.289,-0.015,0.849,158.97104,0.019,-62.261974,0.02,-0.036,0.038,0.009,0.039,0.952,0.224,9.39,28.2,3,3,3,3,-0.014,0.019,-0.012,0.019,0.107,0h00,00,WISEA
[1.788],58.0,1.788,1304m485_b0-005869,130.5430251,0.0211,-48.0174765,0.0222,J084210.32-480102.9,0.0013,986.814,1606.715,-0.17,9.6,3.91,27.09,23.9,7.97,12,12,12,12,57250.024432,130.5430289,0.0211,-48.0174789,0.0222,-0.001,-0.02205,0.0042,0.01155,0.0045,85.4,119.7,14000.0,200.0,14000.0,100.0,12.103,0.013,1.4,12.132,0.009,1.037,1.21,1N000,0.03,-0.053,4.322,-0.032,3.03,158.567573,0.021,-62.153747,0.022,-0.015,0.043,-0.004,0.044,0.359,0.083,0.298,30.4,3,3,3,3,0.007,0.021,-0.004,0.021,0.037,ddHH,H0,WISEA
[0.216],59.0,0.216,1304m485_b0-014750,130.59521,0.0268,-48.0779831,0.0304,J084222.85-480440.7,0.0033,941.215,1527.461,44.22,25.7,4.21,69.81,29.3,9.18,12,12,12,12,57234.938722,130.5952157,0.0279,-48.0779856,0.0321,0.0026,-0.01271,0.0066,-0.0056,0.0078,79.8,86.8,4300.0,50.0,4500.0,50.0,13.425,0.014,1.223,13.372,0.013,1.917,1.559,2N000,0.007,-0.064,5.299,-0.006,0.058,158.701593,0.028,-62.184783,0.03,-0.043,0.057,-0.006,0.06,0.745,0.105,6.95,17.9,3,3,3,3,-0.009,0.03,-0.013,0.029,0.084,hhHH,H0,WISEA
"[0.178, 5.395]",60.0,0.178,1304m485_b0-016954,130.6487143,0.0223,-48.0619704,0.0254,J084235.69-480343.0,0.0023,894.377,1548.35,4.86,15.5,3.8,23.48,25.0,5.69,12,12,12,12,57248.568247,130.6487198,0.0223,-48.0619719,0.0253,0.0021,-0.01391,0.0055,0.00855,0.0062,99.4,102.5,4000.0,40.0,4200.0,40.0,13.485,0.011,3.914,13.438,0.011,1.284,2.58,2N000,0.072,-0.024,1.198,-0.05,5.556,158.746285,0.023,-62.151628,0.025,-0.024,0.047,0.069,0.049,0.506,1.394,14.5,8.32,3,3,3,3,0.002,0.023,-0.006,0.023,0.111,ddH0,00,WISEA
"[0.069, 9.33]",61.0,0.069,1304m485_b0-006093,130.6523545,0.0214,-48.1337259,0.0242,J084236.56-480801.4,0.0027,891.379,1454.406,64.99,36.1,0.0,100.94,42.2,0.0,12,12,12,12,57263.113499,130.6523608,0.0215,-48.1337279,0.0244,0.0029,-0.01575,0.0043,0.00895,0.0049,100.8,105.0,14000.0,100.0,13000.0,100.0,12.152,0.011,1.854,12.198,0.01,0.6905,1.263,2N000,0.12,0.014,0.407,-0.024,1.274,158.835991,0.022,-62.209955,0.024,0.063,0.045,-0.052,0.047,1.418,1.098,25.1,11.8,3,3,3,3,0.047,0.022,0.039,0.022,0.236,hhh0,00,WISEA
[],62.0,,,,,,,,,,,,,,,,,,,,,,,,,,,,,,,,,,,,,,,,,,,,,,,,,,,,,,,,,,,,,,,,,,,,,,,,,
"[0.663, 9.118]",63.0,0.663,1304m485_b0-008105,130.6894079,0.0244,-48.0889416,0.0301,J084245.45-480520.1,-0.0052,858.861,1512.963,1.71,12.6,4.03,21.07,22.5,6.46,12,12,12,12,57283.458433,130.6894126,0.0248,-48.0889428,0.0305,-0.0052,-0.00625,0.0059,-0.00431,0.0075,83.0,96.9,8700.0,100.0,9600.0,100.0,12.651,0.013,9.969,12.538,0.011,9.435,9.635,1N000,0.426,0.076,8.432,0.008,0.125,158.826762,0.027,-62.158974,0.028,-0.165,0.054,0.409,0.056,3.022,7.256,4.71,0.407,3,3,3,3,-0.073,0.028,-0.077,0.028,,,D0,WISEA
"[0.843, 5.051, 6.563, 9.157]",64.0,0.843,1304m485_b0-009261,130.5987059,0.0451,-48.0153124,0.0301,J084223.69-480055.1,-0.0179,938.052,1609.503,-5.29,12.1,0.0,5.11,19.7,5.49,12,12,12,12,57267.693588,130.5987083,0.0464,-48.0153134,0.0303,-0.0186,-0.01102,0.0053,0.00033,0.0056,49.9,52.8,7500.0,200.0,7500.0,100.0,12.811,0.022,2.212,12.817,0.021,1.155,1.673,3N000,0.057,-0.091,4.269,-0.057,1.922,158.631385,0.045,-62.131324,0.031,-0.075,0.089,-0.048,0.062,0.846,0.774,2.25,8.45,3,3,3,3,-0.031,0.046,-0.037,0.046,1.51,hhH0,00,WISEA
"[0.273, 8.135, 9.775]",65.0,0.273,1304m485_b0-010428,130.5978758,0.0192,-48.1875087,0.0229,J084223.49-481115.0,0.0027,939.067,1384.075,56.03,12.0,2.16,101.77,22.8,4.69,12,12,12,12,57261.742244,130.5978785,0.0194,-48.1875091,0.023,0.0028,-0.00068,0.0045,0.00155,0.0053,87.8,125.1,7000.0,80.0,6800.0,50.0,12.88,0.012,1.328,12.917,0.009,0.9663,1.139,3N000,0.059,-0.061,5.725,-0.053,8.974,158.835361,0.02,-62.274863,0.022,0.003,0.041,-0.035,0.044,0.064,0.802,3.8,3.83,3,3,3,3,0.008,0.02,0.005,0.021,0.095,ddh0,H0,WISEA
"[6.19, 8.512]",66.0,6.19,1304m485_b0-193755,130.750089,0.3626,-48.1463312,0.4153,J084300.02-480846.7,0.0858,806.043,1437.68,133.68,57.6,0.0,134.94,61.2,0.68,1,12,3,12,57239.69939,130.7501482,0.3084,-48.1463535,0.3563,0.0714,-0.40264,0.0944,0.27845,0.1079,,9.3,-54.0,8.0,260.0,30.0,19.471,,5.256,16.453,0.117,0.9446,3.079,1N000,0.0,,,-0.491,4.205,158.96723,0.371,-62.184161,0.408,-0.045,0.742,0.0,0.817,0.061,0.0,2.92,0.7,3,3,3,3,0.201,0.317,0.04,0.345,,,00,WISEA
[0.548],67.0,0.548,1304m485_b0-002453,130.5366262,0.0189,-48.0179798,0.0206,J084208.79-480104.7,-0.0029,992.418,1606.059,8.97,13.0,6.43,31.54,20.4,11.27,12,12,12,12,57252.509882,130.5366292,0.0189,-48.0179803,0.0206,-0.003,-0.00194,0.0036,0.00125,0.0039,86.3,134.5,40000.0,500.0,40000.0,300.0,10.988,0.013,2.696,11.0,0.008,2.21,2.435,1N000,0.048,-0.011,0.187,-0.006,0.136,158.560537,0.02,-62.156535,0.02,-0.006,0.039,-0.028,0.04,0.164,0.701,6.51,6.75,3,3,3,3,0.004,0.02,0.0,0.02,0.029,ddhH,H0,WISEA
[],68.0,,,,,,,,,,,,,,,,,,,,,,,,,,,,,,,,,,,,,,,,,,,,,,,,,,,,,,,,,,,,,,,,,,,,,,,,,
"[3.303, 9.245]",69.0,3.303,1304m485_b0-014659,130.713259,0.0315,-48.1897823,0.034,J084251.18-481123.2,0.0054,838.372,1380.894,119.81,22.4,3.81,136.55,30.3,11.58,12,12,12,12,57254.226099,130.713262,0.033,-48.1897829,0.0362,0.0006,-0.00715,0.0074,0.01515,0.0081,68.7,78.5,5000.0,70.0,4900.0,60.0,13.247,0.016,3.926,13.271,0.014,1.052,2.471,3N000,0.097,-0.062,3.606,-0.05,3.285,158.975344,0.032,-62.233931,0.034,0.031,0.064,-0.06,0.068,0.481,0.89,3.88,8.27,3,3,3,3,0.029,0.034,0.022,0.034,0.072,0000,00,WISEA
"[0.925, 4.956, 7.637, 8.587]",70.0,0.925,1304m485_b0-116713,130.717499,0.0927,-48.0847212,0.1243,J084252.20-480504.9,-0.0345,834.28,1518.423,-5.53,9.1,0.0,6.55,20.6,7.92,11,12,11,12,57179.132305,130.7175065,0.0802,-48.0847117,0.1093,-0.0303,-0.06267,0.0339,-0.09625,0.0405,34.5,17.1,370.0,10.0,350.0,20.0,16.078,0.031,3.035,16.153,0.063,0.8873,1.946,3N000,0.0,-0.043,0.282,-0.052,0.167,158.855147,0.109,-62.145043,0.111,-0.045,0.223,0.0,0.228,0.202,0.0,3.18,12.2,3,3,3,3,-0.025,0.098,-0.031,0.104,,,00,WISEA
"[0.674, 6.625]",71.0,0.674,1304m485_b0-016567,130.5754555,0.0225,-48.0538115,0.0247,J084218.11-480313.7,0.0045,958.462,1559.125,5.91,10.6,0.29,47.98,18.7,11.51,12,12,12,12,57258.455255,130.5754601,0.0226,-48.0538137,0.0247,0.0046,-0.00888,0.0055,0.01405,0.0061,91.9,109.6,3900.0,40.0,4400.0,40.0,13.522,0.012,1.888,13.394,0.01,1.655,1.76,3N000,0.033,-0.056,5.407,-0.02,1.02,158.649337,0.023,-62.171988,0.024,-0.017,0.046,0.017,0.049,0.362,0.352,8.9,13.2,3,3,3,3,0.005,0.023,-0.002,0.023,0.059,hhHH,H0,WISEA
"[6.354, 8.555]",72.0,6.354,1304m485_b0-071747,130.6324749,0.0453,-48.1689513,0.0552,J084231.79-481008.2,0.0079,908.828,1408.323,76.46,14.0,0.0,104.2,22.8,0.86,12,12,12,12,57295.172914,130.6324789,0.046,-48.1689522,0.0561,0.0076,0.02177,0.015,0.01505,0.0175,66.6,27.5,810.0,10.0,780.0,30.0,15.225,0.016,7.529,15.274,0.039,1.527,4.491,3N000,0.185,-0.094,7.91,-0.07,0.738,158.854369,0.048,-62.246607,0.053,0.111,0.096,-0.099,0.106,1.153,0.928,5.06,0.174,3,3,3,3,0.065,0.049,0.064,0.048,0.137,hHh0,00,WISEA
[1.846],73.0,1.846,1304m485_b0-019573,130.6348422,0.0246,-48.1859386,0.0285,J084232.36-481109.3,-0.004,906.8,1386.081,62.56,12.4,2.83,89.11,20.7,2.18,12,12,12,12,57261.723005,130.6348476,0.0251,-48.1859421,0.0289,-0.0044,0.00246,0.0064,0.00965,0.0074,84.4,93.3,3200.0,40.0,3600.0,40.0,13.752,0.013,1.421,13.593,0.012,1.122,1.262,2N000,0.092,-0.02,0.584,-0.016,0.466,158.877489,0.026,-62.259844,0.027,0.045,0.053,0.015,0.055,0.864,0.277,14.8,19.1,3,3,3,3,0.036,0.027,0.033,0.026,0.097,hhh0,00,WISEA
"[1.515, 4.099]",74.0,1.515,1304m485_b0-006493,130.7380033,0.0199,-48.0744194,0.0224,J084257.12-480427.9,-0.0044,816.307,1531.856,-13.95,8.8,8.83,6.06,22.5,13.92,12,12,12,12,57260.473319,130.7380089,0.0197,-48.074421,0.0223,-0.0047,-0.0193,0.0039,-0.00556,0.0046,94.9,118.3,14000.0,200.0,12000.0,100.0,12.147,0.011,4.485,12.268,0.009,3.7,4.062,3N000,0.127,-0.008,0.111,-0.011,0.358,158.867281,0.021,-62.128868,0.021,0.05,0.042,-0.084,0.043,1.168,1.959,19.8,37.1,3,3,3,3,0.04,0.021,0.033,0.021,0.093,ddd0,00,WISEA
"[1.315, 8.531]",75.0,1.315,1304m485_b0-120006,130.7703905,0.087,-48.0817767,0.1052,J084304.89-480454.3,0.0012,788.011,1522.131,-6.4,11.9,2.41,14.87,23.2,6.94,12,12,4,12,57261.481109,130.7703907,0.0912,-48.0817803,0.1117,-0.0046,0.00895,0.0323,0.01255,0.0403,36.8,7.4,320.0,9.0,220.0,30.0,16.228,0.03,0.9089,16.656,0.146,0.5815,0.7393,2N000,0.065,-0.138,5.017,0.129,0.106,158.914509,0.093,-62.122969,0.1,-0.07,0.194,-0.06,0.204,0.359,0.295,0.00391,0.359,3,3,3,3,-0.026,0.101,-0.029,0.099,,,00,WISEA
[],76.0,,,,,,,,,,,,,,,,,,,,,,,,,,,,,,,,,,,,,,,,,,,,,,,,,,,,,,,,,,,,,,,,,,,,,,,,,
[],77.0,,,,,,,,,,,,,,,,,,,,,,,,,,,,,,,,,,,,,,,,,,,,,,,,,,,,,,,,,,,,,,,,,,,,,,,,,
"[0.063, 7.825, 9.996]",78.0,0.063,1304m485_b0-008024,130.6338204,0.0185,-48.1410015,0.0187,J084232.11-480827.6,0.001,907.589,1444.911,108.82,40.2,0.0,133.95,41.3,1.62,12,12,12,12,57213.982615,130.6338224,0.0185,-48.1410015,0.0187,-0.0006,0.00149,0.0042,0.00295,0.0042,98.8,140.1,10000.0,100.0,11000.0,80.0,12.475,0.011,4.196,12.394,0.008,2.21,3.18,3N000,0.029,-0.037,2.674,-0.02,1.653,158.822609,0.019,-62.222879,0.019,-0.068,0.037,-0.017,0.037,1.836,0.461,2.24,8.48,3,3,3,3,-0.03,0.019,-0.033,0.019,0.754,hhh0,00,WISEA
[],79.0,,,,,,,,,,,,,,,,,,,,,,,,,,,,,,,,,,,,,,,,,,,,,,,,,,,,,,,,,,,,,,,,,,,,,,,,,
"[1.748, 3.678]",80.0,1.748,1304m485_b0-009515,130.6360084,0.0424,-48.0128976,0.0478,J084232.64-480046.4,0.022,905.38,1612.615,-11.42,11.3,14.94,-8.89,18.5,17.05,12,12,12,12,57195.519982,130.6360192,0.0459,-48.0129026,0.0525,0.0267,-0.0377,0.0101,0.05355,0.0103,35.8,46.8,9500.0,300.0,9000.0,200.0,12.556,0.03,1.413,12.61,0.023,0.8632,1.131,1N000,0.388,-0.029,0.256,0.157,12.811,158.672964,0.039,-62.115485,0.051,0.337,0.078,0.067,0.102,4.324,0.657,12.8,8.86,3,3,3,3,0.205,0.041,0.18,0.04,,,00,WISEA
"[0.157, 5.942]",81.0,0.157,1304m485_b0-009927,130.6345497,0.0193,-48.0509633,0.0205,J084232.29-480303.4,0.0033,906.745,1562.783,-1.88,14.4,0.0,8.16,24.6,1.0,12,12,12,12,57254.136652,130.6345545,0.0189,-48.0509648,0.0201,0.0032,-0.02075,0.0041,0.02075,0.0045,101.7,127.3,8800.0,90.0,8600.0,70.0,12.638,0.011,7.803,12.669,0.009,2.199,4.963,3N000,0.098,-0.064,8.516,-0.012,0.46,158.716354,0.019,-62.147719,0.02,0.036,0.039,0.056,0.041,0.925,1.363,7.2,3.53,3,3,3,3,0.032,0.019,0.021,0.019,0.241,ddH0,00,WISEA
[],82.0,,,,,,,,,,,,,,,,,,,,,,,,,,,,,,,,,,,,,,,,,,,,,,,,,,,,,,,,,,,,,,,,,,,,,,,,,
[0.263],83.0,0.263,1304m485_b0-001564,130.5742393,0.0176,-48.0647483,0.0187,J084217.81-480353.0,0.0027,959.54,1544.808,20.03,16.2,1.86,39.86,20.9,9.04,12,12,12,12,57260.470132,130.5742423,0.0179,-48.064749,0.0189,0.0027,-0.00075,0.0035,0.00175,0.0037,93.3,140.8,68000.0,700.0,67000.0,500.0,10.427,0.012,0.7727,10.437,0.008,0.7744,0.7684,1N000,0.013,-0.03,1.651,-0.025,2.583,158.660876,0.018,-62.181541,0.019,-0.044,0.036,-0.012,0.037,1.221,0.335,5.8,8.78,3,3,3,3,-0.015,0.018,-0.018,0.018,0.046,hhhH,H0,WISEA
[0.372],84.0,0.372,1304m485_b0-017794,130.6344772,0.0428,-48.157006,0.0495,J084232.27-480925.2,-0.0071,907.052,1423.958,96.19,23.2,0.0,128.73,32.6,0.0,12,12,12,12,57258.18034,130.6344817,0.0432,-48.1570071,0.0499,-0.0061,-0.0124,0.0075,0.01095,0.0087,54.9,52.4,3800.0,70.0,3900.0,80.0,13.561,0.02,1.256,13.513,0.021,0.4281,0.8355,2N000,0.151,-0.024,0.367,-0.039,0.868,158.842487,0.046,-62.235937,0.047,0.054,0.091,-0.114,0.095,0.592,1.204,6.95,4.69,3,3,3,3,0.041,0.046,0.034,0.046,0.077,ddh0,00,WISEA
[],85.0,,,,,,,,,,,,,,,,,,,,,,,,,,,,,,,,,,,,,,,,,,,,,,,,,,,,,,,,,,,,,,,,,,,,,,,,,
"[1.109, 9.895]",86.0,1.109,1304m485_b0-006671,130.5866769,0.0274,-48.2086029,0.0315,J084220.80-481230.9,-0.0016,948.872,1356.472,55.32,30.1,4.51,68.24,34.0,7.13,12,12,12,12,57246.611446,130.5866799,0.0274,-48.2086034,0.0315,-0.0021,-0.01162,0.0051,-0.01056,0.0058,74.5,89.1,13000.0,200.0,12000.0,100.0,12.248,0.015,0.5343,12.292,0.012,0.4242,0.476,3N000,0.034,0.0,0.0,0.014,0.32,158.847269,0.029,-62.296544,0.03,-0.013,0.058,-0.01,0.061,0.219,0.157,0.0643,11.7,3,3,3,3,0.001,0.029,-0.003,0.029,0.056,hhh0,00,WISEA
"[0.936, 8.098]",87.0,0.936,1304m485_b0-018507,130.6915178,0.0217,-48.1574171,0.0246,J084245.96-480926.6,0.0034,857.24,1423.314,138.27,31.3,4.78,145.01,32.2,5.39,12,12,12,12,57248.189433,130.6915209,0.0221,-48.157418,0.0248,0.0037,-0.00926,0.0059,-0.01324,0.0067,99.6,105.3,3700.0,40.0,3800.0,40.0,13.567,0.011,13.21,13.546,0.01,4.369,8.729,2N000,0.173,-0.016,0.532,-0.014,0.466,158.910839,0.022,-62.215115,0.024,-0.124,0.046,0.154,0.048,2.719,3.215,0.883,9.35,3,3,3,3,-0.055,0.023,-0.058,0.023,0.073,hh00,00,WISEA
"[2.814, 5.449, 7.862]",88.0,2.814,1304m485_b0-147370,130.6875066,0.1471,-48.0503863,0.1764,J084245.00-480301.3,0.0369,860.4,1563.442,-10.55,11.6,1.53,-1.54,18.9,8.52,12,12,6,12,57241.51605,130.6875042,0.1461,-48.0503834,0.1758,0.0344,-0.00122,0.0471,-0.05025,0.057,21.5,9.1,280.0,10.0,220.0,20.0,16.376,0.051,1.453,16.653,0.119,0.6804,1.059,2N000,0.361,-0.265,6.569,-0.072,0.094,158.778699,0.153,-62.127607,0.172,-0.248,0.307,-0.298,0.345,0.807,0.864,2.49e-05,0.0607,3,3,3,3,-0.129,0.153,-0.125,0.152,,,00,WISEA
"[5.935, 9.276]",89.0,5.935,1304m485_b0-137714,130.6048602,0.0999,-47.9703544,0.1045,J084225.16-475813.2,0.0446,932.582,1668.354,-12.34,12.9,14.43,3.16,18.3,14.25,12,12,9,12,57349.438162,130.6048575,0.1022,-47.9703439,0.1088,0.0462,0.12569,0.0353,0.05115,0.0437,32.2,11.7,330.0,10.0,240.0,20.0,16.209,0.034,3.079,16.536,0.093,1.51,2.278,3N000,2.741,-0.082,1.108,0.432,6.691,158.585604,0.093,-62.091616,0.112,-0.693,0.192,2.663,0.245,3.6,10.873,3.38,2.73,3,3,3,3,-0.315,0.097,-0.319,0.096,,,00,WISEA
"[2.062, 6.384]",90.0,2.062,1304m485_b0-029297,130.6993149,0.0689,-48.1890315,0.0731,J084247.83-481120.5,0.019,850.539,1381.91,101.35,21.6,0.0,111.49,21.3,0.0,12,12,12,12,57224.263067,130.6993225,0.0706,-48.1890345,0.0747,0.0195,-0.01184,0.0173,0.03065,0.0181,31.4,42.3,2000.0,60.0,1800.0,40.0,14.251,0.035,0.8279,14.334,0.026,0.8007,0.808,1N000,0.204,-0.018,0.067,-0.136,7.13,158.957872,0.068,-62.238484,0.074,0.145,0.136,0.073,0.148,1.071,0.489,5.34,1.8,3,3,3,3,0.089,0.07,0.08,0.068,,,00,WISEA
"[1.376, 4.62, 7.875, 9.787]",91.0,1.376,1304m485_b0-110886,130.5622789,0.0781,-47.9814397,0.0863,J084214.94-475853.1,0.0189,969.915,1653.882,-1.93,11.9,2.3,10.77,16.9,4.61,12,12,12,12,57209.350084,130.5622884,0.0792,-47.9814514,0.0875,0.0181,0.03288,0.0306,0.11045,0.0312,38.7,21.1,340.0,9.0,430.0,20.0,16.183,0.028,1.922,15.926,0.052,1.318,1.607,2N000,0.302,-0.026,0.205,0.164,2.464,158.547871,0.079,-62.116601,0.086,0.168,0.161,0.215,0.178,1.042,1.212,4.78,5.39,3,3,3,3,0.103,0.082,0.098,0.081,,,00,WISEA
[0.338],92.0,0.338,1304m485_b0-015131,130.6885692,0.0215,-48.155411,0.0237,J084245.25-480919.4,-0.0047,859.808,1425.947,149.7,39.2,0.0,158.2,37.9,1.79,12,12,12,12,57262.352459,130.6885725,0.0216,-48.1554114,0.024,-0.005,-0.01334,0.0054,-0.00876,0.0065,95.0,111.6,4300.0,40.0,4400.0,40.0,13.416,0.011,4.583,13.384,0.01,1.28,2.909,3N000,0.041,-0.075,10.321,-0.07,12.5,158.904937,0.023,-62.214542,0.023,-0.069,0.045,-0.033,0.045,1.521,0.72,0.00137,7.91,3,3,3,3,-0.027,0.023,-0.032,0.023,0.074,hh00,00,WISEA
"[0.471, 9.56]",93.0,0.471,1304m485_b0-009020,130.7152565,0.0202,-48.183691,0.0229,J084251.66-481101.2,-0.0022,836.606,1388.864,122.4,20.1,1.27,144.69,29.0,2.77,12,12,12,12,57256.158928,130.7152599,0.0198,-48.1836906,0.0225,-0.0024,-0.00313,0.0043,-0.00275,0.0047,89.5,122.7,9400.0,100.0,8700.0,70.0,12.571,0.012,9.583,12.657,0.009,2.595,6.046,3N000,0.139,-0.104,16.691,-0.052,8.639,158.970437,0.021,-62.22813,0.022,0.051,0.042,-0.101,0.044,1.201,2.289,7.64,2.06,3,3,3,3,0.032,0.021,0.029,0.021,0.116,0h00,00,WISEA
[6.375],94.0,6.375,1304m485_b0-000297,130.7210697,0.0183,-48.128074,0.0193,J084253.05-480741.0,-0.0059,831.322,1461.659,150.77,65.3,0.97,141.17,59.2,0.69,12,12,12,12,57254.13514,130.7210723,0.0183,-48.1280745,0.0195,-0.0061,0.00038,0.0035,0.00205,0.0037,95.3,138.0,430000.0,4000.0,430000.0,3000.0,8.407,0.011,1.081,8.422,0.008,1.203,1.133,1N000,0.011,-0.036,2.378,-0.009,0.335,158.910982,0.02,-62.179761,0.018,-0.043,0.039,-0.011,0.037,1.094,0.303,4.76,9.43,3,3,3,3,-0.015,0.02,-0.018,0.02,0.019,hh00,00,WISEA
[0.489],95.0,0.489,1304m485_b0-015589,130.5696009,0.0215,-48.1551886,0.0244,J084216.70-480918.6,-0.002,963.706,1426.413,57.98,20.3,0.0,128.42,28.3,0.66,12,12,12,12,57242.442999,130.569605,0.0221,-48.1551904,0.025,-0.0018,-0.00893,0.0057,0.01365,0.0065,86.0,110.9,3800.0,40.0,4300.0,40.0,13.547,0.013,5.117,13.425,0.01,3.577,4.315,2N000,0.108,-0.021,0.678,-0.076,15.825,158.763062,0.023,-62.258487,0.023,0.063,0.045,-0.008,0.047,1.396,0.17,7.61,11.4,3,3,3,3,0.044,0.023,0.037,0.023,0.038,hhHH,H0,WISEA
[0.794],96.0,0.794,1304m485_b0-022803,130.7096487,0.053,-48.1719412,0.0573,J084250.31-481018.9,0.0119,841.458,1404.259,150.2,41.9,0.0,155.22,42.3,2.55,12,12,12,12,57255.234202,130.7096508,0.0579,-48.1719425,0.0654,0.0058,-0.01046,0.01,0.00875,0.0113,47.0,45.6,2500.0,50.0,3600.0,80.0,13.991,0.023,1.778,13.602,0.024,0.7245,1.242,2N000,0.192,-0.03,0.365,0.133,5.91,158.949735,0.053,-62.220451,0.057,0.143,0.122,0.036,0.126,1.175,0.287,4.15,8.84,3,3,3,3,0.085,0.064,0.079,0.064,0.118,0h00,00,WISEA
"[4.275, 7.68]",97.0,4.275,1304m485_b0-056959,130.4988914,0.063,-47.971475,0.0745,J084159.73-475817.3,-0.0021,1025.462,1666.95,1.38,13.6,0.62,18.7,23.2,3.82,12,12,12,12,57248.54823,130.4988966,0.0627,-47.9714756,0.075,-0.005,0.02372,0.0132,0.03865,0.0155,45.2,24.4,930.0,20.0,1100.0,40.0,15.078,0.024,1.986,14.889,0.045,0.7257,1.347,3N000,0.188,0.0,0.0,-0.046,0.257,158.460463,0.067,-62.131756,0.071,0.127,0.134,-0.076,0.143,0.948,0.53,10.9,0.0112,3,3,3,3,0.076,0.067,0.073,0.068,0.242,hhH0,00,WISEA
[1.563],98.0,1.563,1304m485_b0-009297,130.6572725,0.0249,-48.2113988,0.0294,J084237.74-481241.0,-0.0055,887.291,1352.714,69.02,15.1,0.34,103.98,28.7,1.09,12,12,12,12,57235.415877,130.6572754,0.0249,-48.2113993,0.0295,-0.0056,-0.00156,0.005,0.00165,0.0057,82.6,89.5,8700.0,100.0,8600.0,100.0,12.647,0.013,1.242,12.667,0.012,0.6638,0.9464,2N000,0.084,-0.04,2.336,-0.039,2.465,158.934637,0.027,-62.272668,0.028,0.039,0.055,-0.002,0.056,0.72,0.036,3.22,3.32,3,3,3,3,0.026,0.027,0.022,0.027,0.113,dd00,00,WISEA
"[6.649, 8.683]",99.0,6.649,1304m485_b0-011122,130.5969027,0.0252,-48.0499036,0.0279,J084223.25-480259.6,-0.006,939.688,1564.22,10.97,15.0,0.69,22.55,18.0,2.82,12,12,12,12,57247.409278,130.5969075,0.0256,-48.0499053,0.0283,-0.0065,-0.03535,0.006,0.02315,0.0065,77.8,105.6,7500.0,100.0,8300.0,80.0,12.818,0.014,6.125,12.705,0.01,6.583,6.306,1N000,0.275,0.149,27.682,-0.022,1.15,158.670255,0.027,-62.160789,0.026,-0.259,0.053,-0.173,0.053,4.843,3.261,1.66,2.45,3,3,3,3,-0.115,0.027,-0.131,0.027,,,H0,WISEA
"[5.804, 7.951]",100.0,5.804,1304m485_b0-014194,130.569558,0.0228,-48.0201587,0.0246,J084216.69-480112.5,-0.0025,963.583,1603.187,-2.91,11.0,0.0,18.16,19.0,1.41,12,12,12,12,57261.127115,130.5695626,0.0228,-48.0201613,0.0246,-0.0025,-0.00886,0.0053,0.01565,0.0058,96.3,104.0,4700.0,50.0,5100.0,50.0,13.311,0.011,1.069,13.24,0.01,1.026,1.039,3N000,0.126,-0.02,0.781,-0.006,0.08,158.602388,0.024,-62.146154,0.024,0.077,0.047,-0.029,0.048,1.638,0.595,8.65,15.1,3,3,3,3,0.052,0.024,0.045,0.024,0.113,hhH0,H0,WISEA
[],101.0,,,,,,,,,,,,,,,,,,,,,,,,,,,,,,,,,,,,,,,,,,,,,,,,,,,,,,,,,,,,,,,,,,,,,,,,,
[],102.0,,,,,,,,,,,,,,,,,,,,,,,,,,,,,,,,,,,,,,,,,,,,,,,,,,,,,,,,,,,,,,,,,,,,,,,,,
"[0.413, 8.929]",103.0,0.413,1304m485_b0-014375,130.6380569,0.0276,-48.2206066,0.0331,J084233.13-481314.1,-0.0057,904.076,1340.692,62.65,14.1,0.55,104.66,23.6,2.31,12,12,12,12,57247.966995,130.6380594,0.028,-48.2206078,0.0332,-0.0054,-0.01026,0.0059,-0.00201,0.0066,69.6,84.7,4900.0,70.0,5200.0,60.0,13.279,0.016,3.675,13.218,0.013,1.263,2.45,3N000,0.098,-0.026,0.667,-0.006,0.052,158.922804,0.03,-62.287448,0.031,0.014,0.061,-0.079,0.063,0.223,1.262,0.48,8.7,3,3,3,3,0.014,0.031,0.008,0.031,0.725,0000,00,WISEA
[5.038],104.0,5.038,1304m485_b0-180209,130.586419,0.261,-48.0019512,0.3055,J084220.74-480007.0,0.0397,948.792,1627.008,-3.36,11.0,5.08,15.09,20.6,6.46,7,12,0,12,57325.728071,130.5863511,0.2921,-48.0019568,0.3397,0.0612,0.05213,0.1182,0.01115,0.1341,12.3,0.3,81.0,7.0,5.9,20.0,17.726,0.088,2.405,18.428,,1.071,1.725,1N000,0.0,-0.333,3.604,-0.488,7.459,158.60092,0.273,-62.124748,0.295,-0.045,0.557,0.0,0.61,0.081,0.0,3.61,0.0717,3,3,3,3,-0.116,0.311,-0.136,0.304,,,00,WISEA
[],105.0,,,,,,,,,,,,,,,,,,,,,,,,,,,,,,,,,,,,,,,,,,,,,,,,,,,,,,,,,,,,,,,,,,,,,,,,,
"[0.506, 5.956, 8.543]",106.0,0.506,1304m485_b0-015069,130.608149,0.0203,-48.1560732,0.0236,J084225.95-480921.8,0.0052,930.043,1425.216,72.66,20.9,1.83,115.22,29.3,3.44,12,12,12,12,57253.450474,130.6081541,0.0203,-48.1560748,0.0236,0.0051,-0.02598,0.0051,0.01125,0.0057,89.8,114.7,5100.0,60.0,5000.0,40.0,13.239,0.012,6.3,13.249,0.009,2.03,4.137,3N000,0.032,-0.046,3.452,-0.033,2.984,158.810032,0.021,-62.244928,0.023,-0.026,0.042,-0.026,0.046,0.629,0.55,1.58,8.38,3,3,3,3,0.002,0.021,-0.009,0.021,1.438,hhh0,H0,WISEA
[9.811],107.0,9.811,1304m485_b0-082706,130.583907,0.0471,-48.105329,0.0539,J084220.13-480619.1,0.0163,951.141,1491.673,39.24,22.9,0.0,75.29,26.3,1.94,12,12,12,12,57247.089094,130.5839174,0.0483,-48.1053212,0.0556,0.0167,0.02841,0.018,-0.02305,0.0204,67.6,33.5,980.0,20.0,730.0,20.0,15.019,0.016,17.13,15.337,0.032,2.227,9.61,2N003,5.328,0.064,3.098,-0.211,10.515,158.720668,0.047,-62.211746,0.054,4.913,0.101,-1.95,0.125,48.6,15.596,43.3,7.81,3,3,3,3,2.451,0.052,2.476,0.051,,,H0,WISEA
"[4.043, 4.409]",108.0,4.043,1304m485_b0-086456,130.6161917,0.0718,-48.1360018,0.0852,J084227.88-480809.6,0.0195,922.979,1451.481,70.69,35.8,0.4,86.82,45.9,3.95,12,12,12,12,57332.118879,130.6161942,0.0767,-48.1360473,0.0886,0.0182,-0.06291,0.0335,-0.03745,0.0369,32.0,35.4,300.0,9.0,720.0,20.0,16.311,0.034,10.54,15.355,0.031,4.502,7.463,1N000,4.535,-0.455,37.882,0.247,14.416,158.795703,0.074,-62.225262,0.083,0.858,0.153,-4.444,0.176,5.598,25.282,49.2,188.0,3,3,3,3,0.463,0.084,0.449,0.084,,,H0,WISEA
[0.924],109.0,0.924,1304m485_b0-000233,130.7401647,0.018,-48.1214795,0.0209,J084257.64-480717.3,-0.0019,814.609,1470.242,79.81,44.3,3.61,117.77,38.9,9.36,12,12,12,12,57255.880262,130.7401683,0.0181,-48.1214796,0.0209,-0.002,-0.00325,0.0034,-0.00146,0.004,95.7,135.8,600000.0,6000.0,610000.0,4000.0,8.057,0.011,1.775,8.031,0.008,0.6588,1.209,1N000,0.017,-0.039,2.971,-0.012,0.543,158.925823,0.019,-62.167193,0.02,-0.036,0.038,-0.014,0.04,0.934,0.352,10.7,3.96,3,3,3,3,-0.01,0.019,-0.014,0.019,0.021,hh00,00,WISEA
[],110.0,,,,,,,,,,,,,,,,,,,,,,,,,,,,,,,,,,,,,,,,,,,,,,,,,,,,,,,,,,,,,,,,,,,,,,,,,
"[0.68, 8.434]",111.0,0.68,1304m485_b0-010068,130.6267848,0.0229,-48.1856588,0.0264,J084230.42-481108.3,0.0026,913.832,1386.459,65.16,15.5,0.54,98.35,24.0,4.7,12,12,12,12,57248.072819,130.6267909,0.0236,-48.18566,0.0272,0.0036,-0.02419,0.0053,-0.00399,0.006,81.0,104.7,7400.0,90.0,7400.0,70.0,12.829,0.013,1.071,12.822,0.01,1.128,1.093,2N000,0.055,0.003,0.012,-0.019,0.799,158.867564,0.024,-62.262602,0.025,-0.004,0.048,0.037,0.051,0.086,0.72,6.62,19.3,3,3,3,3,0.011,0.025,0.003,0.025,0.03,hhH0,00,WISEA
"[0.584, 7.337, 7.931, 8.91]",112.0,0.584,1304m485_b0-176661,130.627439,0.0652,-48.1772015,0.083,J084230.58-481037.9,-0.0137,913.242,1397.53,67.77,15.5,1.17,90.95,21.7,0.0,12,12,10,12,57324.563124,130.6274412,0.0669,-48.1771847,0.0848,-0.0146,-0.02457,0.0259,-0.06495,0.0337,48.2,18.6,450.0,9.0,360.0,20.0,15.876,0.023,2.954,16.107,0.058,1.332,2.128,2N000,0.432,-0.198,18.345,0.334,8.022,158.85823,0.072,-62.255332,0.077,-0.213,0.147,0.398,0.159,1.443,2.508,0.416,12.3,3,3,3,3,-0.15,0.075,-0.145,0.075,,,00,WISEA
"[0.098, 8.347]",113.0,0.098,1304m485_b0-011005,130.6408603,0.0392,-48.1285932,0.0465,J084233.80-480742.9,-0.0108,901.409,1461.144,88.6,52.8,0.84,100.04,59.8,8.84,12,12,12,12,57248.124061,130.6408635,0.0406,-48.1285926,0.0495,-0.0116,-0.0067,0.0066,-0.00553,0.0079,64.8,44.1,6300.0,100.0,6600.0,200.0,13.009,0.017,0.7694,12.951,0.025,0.2422,0.5023,2N000,0.13,-0.026,0.61,-0.027,0.297,158.816193,0.043,-62.209951,0.043,0.064,0.086,-0.071,0.088,0.74,0.804,10.3,17.7,3,3,3,3,0.045,0.046,0.042,0.046,0.129,hhh0,00,WISEA
[0.134],114.0,0.134,1304m485_b0-017728,130.5665748,0.0215,-48.0578657,0.025,J084215.97-480328.3,-0.0067,966.238,1553.824,17.28,15.4,2.33,51.77,25.3,3.66,12,12,12,12,57249.615674,130.5665806,0.0218,-48.0578675,0.0252,-0.0068,-0.01346,0.0057,0.00815,0.0067,88.8,104.6,3600.0,40.0,3700.0,40.0,13.613,0.012,2.293,13.584,0.01,1.66,1.961,2N000,0.092,-0.009,0.132,-0.053,6.672,158.643567,0.024,-62.178651,0.023,0.043,0.047,0.025,0.047,0.917,0.538,14.1,6.62,3,3,3,3,0.037,0.024,0.029,0.024,0.111,hhHH,H0,WISEA
"[2.359, 3.973, 7.829, 9.158]",115.0,2.359,1304m485_b0-176754,130.617979,0.0543,-48.1653012,0.0601,J084228.31-480955.0,-0.0152,921.477,1413.122,81.82,21.1,8.28,110.78,23.6,22.89,12,12,12,12,57315.59957,130.6179774,0.0509,-48.1653049,0.0558,-0.0143,-0.01303,0.0207,0.01425,0.0226,68.1,20.8,550.0,8.0,400.0,20.0,15.658,0.016,13.17,15.995,0.052,3.617,8.338,3N000,0.0,-0.155,20.004,0.091,0.688,158.832755,0.058,-62.248952,0.057,-0.045,0.116,0.0,0.114,0.386,0.0,8.19,4.06,3,3,3,3,-0.022,0.055,-0.028,0.058,,,H0,WISEA
"[1.324, 6.263, 6.939, 7.264]",116.0,1.324,1304m485_b0-014321,130.6130393,0.0487,-48.069008,0.033,J084227.13-480408.4,0.0277,925.603,1539.19,14.19,14.0,2.7,33.03,18.7,6.14,12,12,12,12,57237.823458,130.6130433,0.0542,-48.0690096,0.0365,0.031,0.0043,0.0075,0.01745,0.0076,56.1,61.6,3800.0,70.0,4400.0,70.0,13.541,0.019,10.73,13.378,0.018,4.083,7.345,3N000,0.682,0.136,12.943,0.029,0.789,158.712171,0.036,-62.170709,0.047,-0.218,0.072,-0.66,0.094,3.043,7.011,14.5,4.9,3,3,3,3,-0.097,0.04,-0.101,0.037,1.636,ddH0,H0,WISEA
"[0.698, 8.857]",117.0,0.698,1304m485_b0-015677,130.6749402,0.021,-48.0982291,0.0224,J084241.98-480553.6,-0.0042,871.54,1500.834,40.64,26.6,2.22,55.89,33.8,4.02,12,12,12,12,57254.726003,130.6749417,0.0207,-48.0982304,0.0222,-0.0045,0.00161,0.005,-0.00995,0.0054,103.9,110.2,4400.0,40.0,4200.0,40.0,13.398,0.01,17.83,13.445,0.01,3.733,10.71,2N000,0.09,-0.12,29.938,-0.036,3.306,158.820594,0.022,-62.172064,0.022,-0.01,0.044,0.083,0.043,0.229,1.905,0.139,24.2,3,3,3,3,0.0,0.022,0.0,0.022,0.135,hhH0,00,WISEA
[],118.0,,,,,,,,,,,,,,,,,,,,,,,,,,,,,,,,,,,,,,,,,,,,,,,,,,,,,,,,,,,,,,,,,,,,,,,,,
[],119.0,,,,,,,,,,,,,,,,,,,,,,,,,,,,,,,,,,,,,,,,,,,,,,,,,,,,,,,,,,,,,,,,,,,,,,,,,
[],120.0,,,,,,,,,,,,,,,,,,,,,,,,,,,,,,,,,,,,,,,,,,,,,,,,,,,,,,,,,,,,,,,,,,,,,,,,,
[],121.0,,,,,,,,,,,,,,,,,,,,,,,,,,,,,,,,,,,,,,,,,,,,,,,,,,,,,,,,,,,,,,,,,,,,,,,,,
"[1.468, 2.039, 8.922]",122.0,1.468,1304m485_b0-071722,130.6716056,0.0661,-48.0346983,0.075,J084241.18-480204.9,-0.0166,874.269,1584.012,-11.35,10.9,0.45,-7.04,18.9,4.93,12,12,12,12,57260.867211,130.6716069,0.0674,-48.0347009,0.0768,-0.0181,-0.01562,0.018,0.01025,0.0207,43.9,24.3,850.0,20.0,720.0,30.0,15.177,0.025,1.94,15.36,0.045,1.045,1.482,2N000,0.084,-0.048,0.91,0.069,0.574,158.741173,0.071,-62.120447,0.071,0.038,0.143,0.014,0.145,0.264,0.093,1.07,4.4,3,3,3,3,0.029,0.073,0.021,0.073,0.044,0000,00,WISEA
[],123.0,,,,,,,,,,,,,,,,,,,,,,,,,,,,,,,,,,,,,,,,,,,,,,,,,,,,,,,,,,,,,,,,,,,,,,,,,
"[1.327, 9.609]",124.0,1.327,1304m485_b0-015116,130.6144774,0.0347,-48.1271775,0.0403,J084227.47-480737.8,0.0103,924.459,1463.036,45.6,27.2,6.28,87.48,38.7,10.38,12,12,12,12,57140.632094,130.6144791,0.0352,-48.1271757,0.0408,0.0102,0.02406,0.009,0.01225,0.0105,49.9,74.2,5200.0,100.0,5100.0,70.0,13.217,0.022,9.713,13.235,0.015,5.116,7.357,2N000,1.216,,,,,,,,,,,,,,,,,1,1,1,1,,,,,,,D0,WISEA
[0.136],125.0,0.136,1304m485_b0-004619,130.6299784,0.0189,-48.1398891,0.0206,J084231.19-480823.5,-0.0063,910.943,1446.373,107.95,39.6,1.17,126.43,38.2,7.32,12,12,12,12,57141.271119,130.6299779,0.0224,-48.1398882,0.0237,-0.0069,0.00896,0.0044,0.00435,0.0047,87.3,127.4,17000.0,200.0,31000.0,200.0,11.949,0.012,3.773,11.285,0.009,5.058,4.385,2N000,0.097,-0.049,3.891,-0.039,5.74,158.816709,0.02,-62.223379,0.019,0.028,0.041,0.063,0.038,0.688,1.644,0.153,8.43,3,3,3,3,0.015,0.024,0.013,0.023,0.012,hhh0,H0,WISEA
[9.272],126.0,9.272,1304m485_b0-126021,130.637169,0.0798,-48.1070212,0.0899,J084232.92-480625.2,0.0229,904.584,1489.391,18.14,15.9,3.32,43.21,26.4,4.26,12,12,0,12,57282.667145,130.6371721,0.0807,-48.1070266,0.0898,0.0234,-0.01003,0.0344,0.06395,0.0371,42.5,1.7,320.0,8.0,34.0,20.0,16.225,0.026,2.117,17.817,,1.273,1.682,1N000,0.0,0.179,11.626,0.016,0.197,158.786105,0.08,-62.193384,0.09,-0.045,0.162,0.0,0.182,0.278,0.0,0.0316,0.0551,3,3,3,3,-0.012,0.081,-0.024,0.083,,,00,WISEA
"[0.533, 7.038, 8.428]",127.0,0.533,1304m485_b0-052719,130.6018912,0.0316,-48.0960901,0.0444,J084224.45-480545.9,0.0227,935.403,1503.749,21.17,16.2,7.25,55.19,26.2,10.44,12,12,12,12,57246.636584,130.6018989,0.0333,-48.096084,0.0474,0.0241,-0.01155,0.0087,0.00085,0.0109,76.5,69.5,2500.0,30.0,2900.0,40.0,14.022,0.014,3.671,13.848,0.016,2.161,2.894,2N000,0.337,0.114,15.024,0.031,1.039,158.731086,0.029,-62.197371,0.046,0.017,0.06,-0.331,0.093,0.277,3.549,7.23,1.41,3,3,3,3,0.023,0.033,0.017,0.033,,,H0,WISEA
"[0.515, 7.49, 8.513, 8.953]",128.0,0.515,1304m485_b0-028492,130.5888521,0.0265,-48.0069023,0.0294,J084221.32-480024.8,-0.0047,946.668,1620.524,-2.75,9.9,1.91,16.42,19.8,5.46,12,12,12,12,57254.74736,130.5888554,0.0265,-48.0069043,0.0294,-0.0051,0.00979,0.007,0.01195,0.008,93.1,77.4,2400.0,20.0,2000.0,30.0,14.068,0.012,6.66,14.25,0.014,1.372,3.989,3N000,0.086,-0.051,4.484,-0.046,2.619,158.609681,0.028,-62.12797,0.028,-0.024,0.056,-0.083,0.057,0.43,1.456,10.3,15.9,3,3,3,3,-0.001,0.028,-0.003,0.028,0.259,hhH0,00,WISEA
"[0.853, 6.663, 9.74]",129.0,0.853,1304m485_b0-012005,130.6174894,0.0227,-48.1936297,0.0236,J084228.19-481137.0,-0.0079,921.961,1376.037,59.91,10.7,0.0,88.54,20.7,6.53,12,12,12,12,57244.070149,130.6174923,0.0226,-48.1936301,0.0235,-0.0076,0.00023,0.0055,-0.01175,0.0057,85.9,113.5,5900.0,70.0,6600.0,60.0,13.079,0.013,2.22,12.944,0.01,1.589,1.89,2N000,0.186,0.053,4.101,0.014,0.537,158.866032,0.024,-62.272674,0.022,-0.216,0.049,-0.073,0.044,4.457,1.654,1.69,19.5,3,3,3,3,-0.103,0.024,-0.103,0.024,,,00,WISEA
[7.715],130.0,7.715,1304m485_b0-063397,130.6021209,0.0436,-48.1177933,0.0529,J084224.50-480704.0,0.0077,935.24,1475.336,40.11,21.9,0.0,90.21,31.2,2.53,12,12,11,12,57230.922805,130.6021224,0.0443,-48.1177992,0.0538,0.009,-0.03139,0.0167,0.00105,0.0198,71.3,19.5,690.0,10.0,380.0,20.0,15.4,0.015,5.052,16.053,0.056,1.999,3.498,3N000,0.211,-0.237,57.906,0.051,0.219,158.757199,0.046,-62.215337,0.051,0.059,0.092,-0.184,0.102,0.639,1.806,0.391,3.58,3,3,3,3,0.045,0.047,0.032,0.046,,,H0,WISEA
[],131.0,,,,,,,,,,,,,,,,,,,,,,,,,,,,,,,,,,,,,,,,,,,,,,,,,,,,,,,,,,,,,,,,,,,,,,,,,
[],132.0,,,,,,,,,,,,,,,,,,,,,,,,,,,,,,,,,,,,,,,,,,,,,,,,,,,,,,,,,,,,,,,,,,,,,,,,,
[],133.0,,,,,,,,,,,,,,,,,,,,,,,,,,,,,,,,,,,,,,,,,,,,,,,,,,,,,,,,,,,,,,,,,,,,,,,,,
"[0.658, 5.419]",134.0,0.658,1304m485_b0-012014,130.5860587,0.0249,-48.1551725,0.0347,J084220.65-480918.6,-0.0165,949.333,1426.419,84.85,38.2,0.0,104.71,32.1,3.75,12,12,12,12,57246.161296,130.586062,0.025,-48.1551722,0.0352,-0.0167,-0.00474,0.0048,-0.00285,0.0056,61.8,69.7,6000.0,100.0,6000.0,90.0,13.061,0.018,4.523,13.06,0.016,2.47,3.472,3N000,0.111,-0.054,2.234,-0.059,3.763,158.782649,0.032,-62.252372,0.028,-0.12,0.065,0.083,0.056,1.833,1.467,6.23,1.44,3,3,3,3,-0.052,0.033,-0.056,0.033,0.37,hhHH,H0,WISEA
[],135.0,,,,,,,,,,,,,,,,,,,,,,,,,,,,,,,,,,,,,,,,,,,,,,,,,,,,,,,,,,,,,,,,,,,,,,,,,
[],136.0,,,,,,,,,,,,,,,,,,,,,,,,,,,,,,,,,,,,,,,,,,,,,,,,,,,,,,,,,,,,,,,,,,,,,,,,,
[],137.0,,,,,,,,,,,,,,,,,,,,,,,,,,,,,,,,,,,,,,,,,,,,,,,,,,,,,,,,,,,,,,,,,,,,,,,,,
[8.111],138.0,8.111,1304m485_b0-040833,130.6957757,0.0334,-48.0856708,0.0387,J084246.98-480508.4,0.0084,853.281,1517.231,0.3,11.8,0.0,20.97,20.2,0.0,12,12,12,12,57251.616899,130.6957807,0.0338,-48.0856731,0.0393,0.0085,-0.01667,0.0095,0.00555,0.0115,80.8,52.4,1600.0,20.0,1400.0,30.0,14.502,0.013,5.564,14.639,0.021,1.401,3.459,1N000,0.59,-0.022,0.67,-0.099,5.617,158.83043,0.034,-62.153894,0.038,-0.168,0.069,-0.577,0.076,2.434,7.554,0.122,8.1,3,3,3,3,-0.07,0.035,-0.078,0.035,,,00,WISEA
[2.918],139.0,2.918,1304m485_b0-033293,130.6175505,0.0246,-48.0810776,0.0294,J084228.21-480451.8,0.0039,921.681,1523.383,44.2,29.2,2.56,58.29,24.6,4.53,12,12,12,12,57252.706247,130.617554,0.0251,-48.0810774,0.0296,0.0023,0.01031,0.0084,-0.00696,0.0092,103.6,76.6,1800.0,20.0,1600.0,20.0,14.375,0.01,4.88,14.523,0.014,1.768,3.301,2N000,0.07,-0.089,17.602,0.019,0.451,158.731881,0.026,-62.179077,0.028,0.012,0.052,-0.04,0.057,0.23,0.712,8.54,1.66,3,3,3,3,0.012,0.027,0.013,0.027,,,H0,WISEA
"[6.983, 8.25, 9.91]",140.0,6.983,1304m485_b0-028807,130.588749,0.0253,-48.1886855,0.0278,J084221.30-481119.2,-0.002,947.034,1382.544,69.85,24.9,1.61,101.34,24.2,9.61,12,12,12,12,57239.071506,130.5887529,0.0253,-48.1886868,0.0279,-0.0028,-0.01708,0.0072,-0.00113,0.0082,100.2,75.3,2200.0,20.0,1800.0,20.0,14.152,0.011,3.886,14.39,0.014,1.323,2.587,3N000,0.085,-0.067,9.333,-0.15,27.847,158.8259,0.026,-62.279227,0.027,-0.041,0.052,-0.085,0.054,0.784,1.564,0.825,15.4,3,3,3,3,-0.009,0.026,-0.016,0.027,0.092,hhh0,H0,WISEA
