GAIA_Source,CSC__2CXO
2.8482052988956605e+18,J000150.5+233015
2.8605868263209595e+18,J001826.4+300400
4.237935971490508e+17,J005240.0+562837
3.135088743246862e+17,J010705.6+321056
2.5795137597651604e+18,J011142.0+085149
2.9707340887220454e+17,J012827.8+285814
2.512198458161659e+18,J014357.4+021858
3.380814473785942e+17,J022333.7+400142
5.136712553151626e+17,J022635.3+621937
3.3621770644959565e+17,J025404.8+413424
2.397039845142408e+17,J031702.7+421947
2.3970501100858048e+17,J031720.6+422305
2.393730615754843e+17,J031725.1+412303
1.2265365742199936e+16,J033848.2+095337
3.269934872198988e+18,J034310.6+010132
3.284737631604181e+18,J041442.8+053316
2.604359247942496e+17,J043741.6+505646
3.2861946906697144e+18,J043927.5+072447
3.2861962712176737e+18,J043931.3+072601
3.233060344580724e+18,J045400.8+024952
3.420496870610261e+18,J051600.7+245921
3.4037705199104737e+18,J053426.0+215542
3.4410199466340163e+18,J053907.7+261737
3.215796671994195e+18,J053939.1-033344
3.451181289503591e+18,J055207.0+323120
3.4511939682464906e+18,J055209.4+323626
3.377032630506433e+18,J061805.9+222540
3.378176083940627e+18,J064525.9+211709
3.353815098158513e+18,J065955.4+141808
8.650374445556321e+17,J072906.3+205536
8.650374445554026e+17,J072908.2+205609
9.202910649467023e+17,J074648.8+390201
7.142990045922132e+17,J091215.2+345644
8.15326080025325e+17,J091409.3+400655
6.207541358474813e+17,J093457.9+170614
6.442627596009297e+17,J093630.5+232509
6.473350012472293e+17,J095010.1+275926
1.0220215572394784e+18,J095045.7+561526
7.497750178434388e+17,J103104.8+350652
7.792594228695848e+17,J104046.0+395925
3.872882000621284e+18,J105052.7+132603
5.33735287377638e+18,J111901.6-613106
8.428961622933352e+17,J112332.9+535311
3.706832895602388e+18,J122859.9+033112
1.6924343068262764e+18,J122912.2+752723
3.928650192454872e+18,J123521.2+121404
6.055231574654402e+18,J124846.4-623743
5.862502888743006e+18,J131148.0-624139
1.461997869602905e+18,J132447.8+290335
1.4920510571471506e+18,J142111.4+414735
1.4796223881622057e+18,J143105.2+341444
1.236678456415102e+18,J144812.1+182516
1.6005928221127383e+18,J151519.1+552944
1.6005868435182792e+18,J151535.9+552832
1.2040516858149253e+18,J155217.0+200114
1.6214209052373775e+18,J160100.7+552706
1.1990970115419894e+18,J160213.9+155940
1.4047444093593088e+18,J160252.0+524422
1.6219198730619663e+18,J161320.5+564602
4.465695613270536e+18,J162514.2+154522
6.025344817107454e+18,J162806.9-320548
5.935810868004734e+18,J165839.3-532406
4.501154111651244e+18,J174507.0+154952
4.155000844481175e+18,J183327.7-103524
2.1016640821953897e+18,J192642.3+413423
2.0327445630931863e+18,J193437.7+302948
2.031052517772284e+18,J200509.2+322201
2.0606268722747727e+18,J201536.0+370458
2.068284008684199e+18,J202001.8+402602
2.064337036816956e+18,J203150.7+400956
2.067782150345882e+18,J203309.1+411343
1.7729137433255526e+18,J215458.3+165527
6.826006886631418e+18,J221421.5-165352
2.6532111723165645e+18,J224652.8-004842
2.2073441920509404e+18,J230631.0+622831
2.8251514262803466e+18,J232215.0+194418
4.680333451451868e+17,J030346.9+645435
2.3854101045151898e+17,J033131.4+435648
1.7265074892810355e+17,J042142.7+325426
4.804695423438691e+18,J054320.3-410154
3.118721026600835e+18,J062244.5-002044
9.515186382850716e+17,J065036.5+413053
5.25900954353318e+18,J101011.8-565532
5.255509901121775e+18,J101855.6-585645
3.83138264792243e+18,J102347.6+003840
5.33728270686479e+18,J110526.2-610749
7.894302490335677e+17,J111810.7+480212
5.33502166427492e+18,J114400.3-610736
6.054569565614461e+18,J122637.5-624613
6.128369984328414e+18,J122758.7-485343
6.139930631836615e+18,J124850.7-412654
6.179115508262195e+18,J131145.7-343030
5.852296053620906e+18,J135809.6-644405
6.116222927763847e+18,J141249.0-402136
6.096705840454621e+18,J141730.5-440257
5.878377736381364e+18,J143308.3-611540
5.88409922124644e+18,J155058.6-562835
5.933976985766949e+18,J162636.5-515630
5.969790961312131e+18,J165400.1-395044
6.029391608332997e+18,J170206.5-295644
4.054559284753424e+18,J173527.5-325554
4.060784345959549e+18,J174445.7-271344
4.174878674679897e+18,J175013.1-064228
4.0530963889190825e+18,J181921.6-252425
4.0817192835362345e+18,J190109.3-220005
4.264296556603632e+18,J191116.0+003505
1.823773960079217e+18,J195936.7+204814
2.056188624872569e+18,J202403.8+335201
2.2872482103013425e+18,J223715.5+821027
2.8433743884021494e+18,J225848.2+251543
2.7674276499378176e+18,J000009.3+135618
2.738349136498974e+18,J000230.7+004959
2.5458892854387743e+18,J000622.6-000424
2.545776959158461e+18,J000659.2-001740
2.769535856108235e+18,J000703.6+155423
3.95430805659672e+17,J000833.8+512412
2.769540666471561e+18,J000856.7+155045
2.545465385051234e+18,J001306.1+000431
2.793520396598023e+18,J001837.3+163446
2.792568082089076e+18,J002025.2+154054
2.8573125494135163e+18,J002037.9+284231
2.5468717334386227e+18,J002140.9+003841
2.546805792804731e+18,J002209.9+001629
2.5472148841456425e+18,J002227.4+012412
4.304466432356415e+17,J002257.6+614107
2.322088396593711e+18,J002301.4-275238
2.5411391203294126e+18,J002733.7-013452
2.855865871283967e+18,J002756.6+261651
2.5440637826039296e+18,J003131.4+003420
4.992443119851264e+18,J003346.2-431943
4.992804751801338e+18,J003504.4-431610
4.980776094593795e+18,J003515.6-433357
4.980792896506026e+18,J003516.1-432451
4.992805512011713e+18,J003548.4-431444
4.926271417716146e+18,J003802.3-504402
3.807441091466093e+17,J003823.9+401250
3.807465873442203e+17,J003831.2+401711
5.739420503394843e+17,J004243.4+851414
2.348925796095954e+18,J004252.7-233227
2.549166856586652e+18,J004351.5+005501
3.619845896466642e+17,J004446.5+330254
2.780975419896755e+18,J004526.2+143643
2.549256471079162e+18,J004610.3+010643
2.5492539585226977e+18,J004613.5+010425
2.342029483072133e+18,J004821.6-285207
2.5366737931547264e+18,J005006.3-005319
2.536732655682517e+18,J005009.8-003900
2.3694905461857e+18,J005027.8-174009
3.119841609343634e+17,J005055.6+293328
3.7826165670743744e+17,J005203.1+473538
3.782850213295232e+17,J005214.7+473701
4.237948040403547e+17,J005216.8+563133
2.77656441976425e+18,J005424.8+124215
3.638436576510079e+17,J005453.1+352803
2.53566523604975e+18,J005614.6-011828
2.778173653815207e+18,J005701.1+145003
5.034270530740524e+18,J005717.8-271830
2.535739624883271e+18,J005734.9-012327
5.034263525649951e+18,J005759.9-272126
5.034253488310254e+18,J005811.4-272635
5.034206174950514e+18,J005818.1-272848
3.076704675809752e+17,J005838.9+265130
2.535789717086721e+18,J005926.8-004938
5.027218572398395e+18,J010026.1-334107
2.53264236505187e+18,J010032.2-020046
4.932809320013593e+18,J010034.9-475203
2.352222338114614e+18,J010250.3-220929
2.536289994877063e+18,J010514.4+000226
4.263787938094761e+17,J010523.0+602518
3.135324107454652e+17,J010705.0+321208
2.4748645107770225e+18,J010715.9-083429
3.13536533914053e+17,J010722.0+322322
2.5382372643292247e+18,J010838.7+013500
2.5847423842320097e+18,J010852.8+132014
5.3533145828421645e+17,J010944.3+731157
3.212460002107744e+17,J010959.3+354206
4.033551878146605e+17,J011130.8+490246
4.0339082316200986e+17,J011206.7+492805
2.5328986586356936e+18,J011227.5-011221
2.5912566427337293e+18,J011309.0+153553
2.5349387981655465e+18,J011341.8+005000
2.589945857370021e+18,J011351.0+131617
4.913699120727384e+18,J011424.9-552349
2.5348599082060897e+18,J011439.9+002435
2.534668627543048e+18,J011537.7+002029
2.53370377602542e+18,J011853.6-010007
2.4721419438918246e+18,J011927.4-083133
2.5592267007858903e+18,J012519.1+014703
2.559211827314207e+18,J012527.3+014006
3.166445784078943e+17,J012657.2+330730
2.971685166279479e+17,J012826.4+290332
4.916088153336372e+18,J012930.7-522857
3.23321873867828e+17,J012940.0+384210
4.935919632249715e+18,J012951.2-421935
2.565257869956609e+18,J013120.2+061959
2.565257556423505e+18,J013131.4+061855
2.464902793694083e+18,J013253.3-095239
2.5099823280520207e+18,J013418.1+001536
2.888038101209938e+17,J013622.9+210017
2.589380467874616e+18,J013632.0+154507
3.1608509878783744e+17,J013729.5+331230
2.454307830929556e+18,J013805.3-125210
2.4638696307216046e+18,J013847.5-103127
2.465605312905024e+18,J014040.8-075848
2.512199149652097e+18,J014357.7+022059
2.5093004891085496e+18,J014756.9+000021
2.458998519332196e+18,J015234.7-135929
2.507930222742637e+18,J015650.2+005308
2.507402044844673e+18,J015716.9-005304
3.4291633930710515e+17,J015734.7+374906
3.428692364011438e+17,J015738.9+374612
3.428678276518775e+17,J015745.0+374317
3.4286937384009344e+17,J015747.1+374730
3.4287095438855066e+17,J015749.5+374914
3.42918130308817e+17,J015751.4+375305
3.428706408543392e+17,J015757.7+374822
4.956574748449687e+18,J015841.4-432503
2.4625708712660475e+18,J020011.5-093126
3.0154567241833805e+17,J020014.8+312546
2.4625962931771884e+18,J020052.2-092431
2.507262716105154e+18,J020847.2+002014
2.507046215393546e+18,J020950.7-000506
2.5070306847927265e+18,J021102.7-000910
2.507030276770325e+18,J021113.3-000901
7.424654989079974e+16,J021340.6+134756
2.4881847806137416e+18,J021429.2-051744
2.489661184211565e+18,J021817.1-050258
4.583722800756525e+17,J021821.6+570651
4.583727954717179e+17,J021829.8+570902
4.583716959603548e+17,J021847.8+570552
4.583777089144872e+17,J021855.7+570906
4.583780525118377e+17,J021856.8+571051
4.583776058353065e+17,J021857.8+570730
4.583747196172607e+17,J021909.2+570806
2.4894922373780506e+18,J021934.1-050859
2.489495261035069e+18,J022002.0-050101
2.493757384716604e+18,J022054.3-015650
7.469542551265869e+16,J022150.6+132740
3.391664591963356e+17,J022224.0+421515
3.3916820724687974e+17,J022224.4+422138
3.39154605087397e+17,J022353.6+421221
3.3808021042789606e+17,J022353.7+395902
1.3069259064248166e+17,J022412.3+275011
2.500805902790198e+18,J022436.9-000603
2.4899456141262377e+18,J022525.6-043509
2.501217021355164e+18,J022641.9+002811
2.489177983211183e+18,J022659.9-044430
5.136699152799135e+17,J022701.4+621440
5.1357789990412864e+17,J022715.6+613730
5.136720455892362e+17,J022736.3+622000
2.501225675713825e+18,J022800.6+002711
2.500480687866975e+18,J022837.5+003010
2.5004726476881725e+18,J022837.8+002215
2.501347588361032e+18,J022841.4+005208
5.176371177291758e+18,J022849.5-090154
8.5779297289739e+16,J023019.4+182909
2.500508759773175e+18,J023101.4+002403
2.5005565198094653e+18,J023101.7+002741
1.3129182877517133e+17,J023104.0+293507
2.500594212442584e+18,J023123.8+004426
5.178140772537136e+18,J023132.5-072725
4.965809684051921e+18,J023150.9-364019
1.0211700499095322e+17,J023430.6+243835
5.178213782685802e+18,J023524.0-070952
3.3424301362904115e+17,J024011.3+390609
4.656455151298559e+17,J024031.6+611345
5.177089983018387e+18,J024104.8-081520
2.49887151823988e+18,J024145.2+003028
2.49870343039973e+18,J024207.2+000039
5.185660847955522e+18,J024810.7-033536
3.3737834405189645e+17,J025134.5+431515
3.373782753324196e+17,J025135.8+431511
3.3630982490813606e+17,J025504.2+413652
5.05207179579316e+18,J025642.5-331521
5.078124590671537e+18,J025702.8-232229
2.9057412263213056e+16,J025855.5+132501
110951890948096.0,J025951.7+004619
1.4199539837731942e+17,J025958.5+364913
112669877897344.0,J025959.6+004813
5.188062623732623e+18,J030054.5-003403
4.3326836801676416e+17,J030114.1+445350
5.188068812780173e+18,J030116.1-003150
3383957488516736.0,J030518.4+034600
5.059604618674575e+18,J030641.0-283559
1.1254453704739853e+17,J030928.1+264138
1.1254116979304512e+17,J030929.8+263804
5.104802002639658e+18,J031115.2-172247
3.267222681954919e+18,J031120.4+011841
3.265812352133751e+18,J031645.5-000553
2.3942690758385395e+17,J031920.1+413745
2.3942525831647142e+17,J031921.1+413119
2.394217149725147e+17,J031948.1+413042
2.3942165054476083e+17,J031957.3+413134
5.535491719622413e+16,J032138.3+165042
4.353062441047854e+17,J032206.8+473406
4.353079620908445e+17,J032208.0+473612
3.262780448820198e+18,J032356.6-003001
3.262779795985188e+18,J032402.0-003035
5.059841769588621e+18,J032444.2-291821
3.264405870603733e+18,J032515.5+003408
4.735633586270228e+18,J032738.9-532604
3.268352125209599e+18,J032754.1+023342
3.2683543929529897e+18,J032757.7+023511
2.385381242335712e+17,J033102.5+434758
2.3853898322699635e+17,J033106.0+435230
2.3854049505645005e+17,J033111.9+435415
5.057495755372391e+18,J033115.0-275518
2.385408042930907e+17,J033133.1+435624
5.057503451953862e+18,J033208.6-274734
5.05750695664724e+18,J033216.1-273930
5.05750678484854e+18,J033226.4-274035
5.057505925855076e+18,J033226.9-274105
5.057529496635741e+18,J033238.1-273945
5.057502318082683e+18,J033239.0-274602
5.057488849066912e+18,J033244.2-275141
5.057484588457415e+18,J033312.6-275551
5.057483385866924e+18,J033320.0-275912
4.859919670550318e+18,J033336.3-360825
4.85034354274784e+18,J033339.5-391841
3.2632803185894093e+18,J033354.8-010923
3.263087968478596e+18,J033422.0-011517
4.732655322803848e+18,J033446.6-534430
4.4475297313116966e+17,J033459.9+531023
5.112057542432419e+18,J033514.4-150606
5.11205737492916e+18,J033518.1-150616
4.860248282791783e+18,J033609.3-360732
4.860286078504304e+18,J033650.6-354240
4.860288964722451e+18,J033702.4-353639
3.247951988331138e+18,J033731.4-050502
4.240706826894528e+16,J033829.4+153650
4.86038730229358e+18,J033851.6-352644
4.860085658150877e+18,J033930.6-354847
4.86008322290515e+18,J033941.1-354745
3.269936040430121e+18,J034313.7+010336
6.522358381299686e+16,J034635.5+240135
6.522361817273395e+16,J034639.3+240146
6.522561103755136e+16,J034639.3+240611
6.521155790456986e+16,J034643.5+235942
6.521317281226675e+16,J034658.2+240141
6.521317281226624e+16,J034659.3+240142
6.521293229409126e+16,J034709.1+240307
2.1801470890798067e+17,J034846.9+335315
4.855895801590236e+18,J035057.9-380536
5.080691263127536e+18,J035135.7-274435
5.093969377860656e+18,J035435.5-202740
4.85720336143367e+18,J035504.8-381142
1.6844982423751053e+17,J035515.5+310033
1.68641139261643e+17,J035518.0+311105
1.6878792406408883e+17,J035743.1+320336
3.3029762274051185e+18,J035854.4+102603
2.521984223367717e+17,J035904.7+540753
2.5219852541598528e+17,J035907.5+540940
3.245426998534322e+18,J040148.9-054056
3.259547751492164e+18,J040248.1+015757
3.303797734391876e+18,J040432.3+110535
1.63837403021862e+17,J040633.3+273125
3.2604704135472133e+18,J040716.4+034225
3.298483210578598e+18,J040924.8+075856
3.300546439851024e+18,J041247.4+102142
3.300571286238273e+18,J041247.4+103625
1.6451927632585075e+17,J041817.1+282842
1.6452109739159782e+17,J041832.0+283115
1.7265136740394906e+17,J042132.8+325327
1.49629483705467e+17,J042335.3+250302
3.2837679954907e+18,J042340.7+040801
4.899015246017691e+18,J042610.3-220217
1.5126270085229773e+17,J042704.6+260615
3.204844780267292e+18,J042921.6-024947
1.73360754267381e+17,J043013.0+351358
1.7336707645924915e+17,J043019.1+351745
3.314302777720463e+18,J043105.7+180320
3.314312226648611e+18,J043136.1+181343
3.2045842947941417e+18,J043244.8-031330
1.4779020690839578e+17,J043334.5+242105
3.3142377347358034e+18,J043339.3+175152
1.5112790759778867e+17,J043354.7+261327
1.4840156543782093e+17,J044008.0+260525
1.580484098782172e+17,J044116.8+283959
3.184664584368982e+18,J044754.1-101043
2.6075183252655258e+17,J045311.0+520613
2.6070472532525453e+17,J045325.2+520317
3.4056900610519736e+18,J045423.6+170953
1.5690790708274048e+17,J045510.9+302159
1.569137783024407e+17,J045514.1+302217
1.5672885848820608e+17,J045846.2+295036
2.066128076876317e+17,J050109.3+451626
4.823508724520907e+18,J050742.3-373045
2.9624682652448154e+18,J051100.5-220154
3.2407999443675443e+18,J051647.4+062404
3.44683035019252e+18,J052034.3+302954
1.8117865989630246e+17,J052214.8+332907
1.8117972934700582e+17,J052245.3+333105
1.8117326542084288e+17,J052247.8+332206
3.222286127060186e+18,J052438.9+015406
3.222267297922229e+18,J052545.9+014549
3.222238676262149e+18,J052646.5+014055
3.3342280544230446e+18,J053238.9+073243
3.0172683714481244e+18,J053419.5-053019
3.0172702912981023e+18,J053426.1-052630
3.209424035744296e+18,J053428.5-052457
3.017263453710145e+18,J053435.0-053700
3.01726414090228e+18,J053435.1-053432
3.01726349236528e+18,J053436.5-053617
3.017263939041876e+18,J053437.4-053452
3.0172708453492664e+18,J053438.2-052423
3.0172641795586324e+18,J053439.1-053402
3.017268921203932e+18,J053439.8-053006
3.0172622210549627e+18,J053440.0-054009
3.209518421946388e+18,J053440.8-052242
3.017270467392149e+18,J053441.6-052652
3.017262732153081e+18,J053441.7-053648
3.01726431270115e+18,J053442.1-053303
3.0172692648013097e+18,J053442.7-052837
3.01727067355133e+18,J053444.4-052438
3.01726235419592e+18,J053446.2-053907
3.017364750525704e+18,J053446.5-052325
3.0172640077613496e+18,J053446.9-053414
3.017263247551729e+18,J053446.9-053503
3.0172660006269414e+18,J053447.8-053046
3.0173647805782595e+18,J053448.1-052238
3.017244319631274e+18,J053448.1-054229
3.017268955560617e+18,J053448.2-053010
3.017264042121086e+18,J053448.8-053332
3.017265828826063e+18,J053448.9-053131
3.017243044023821e+18,J053449.1-054605
3.0172689899234e+18,J053449.5-052903
3.2095185980408714e+18,J053450.4-052020
3.017269780197376e+18,J053450.7-052701
3.017269883276585e+18,J053451.5-052513
3.017364887967711e+18,J053452.1-052231
3.0173649910441226e+18,J053452.6-052125
3.017266034986671e+18,J053452.6-052945
3.01726936788052e+18,J053452.9-052859
3.017269775899585e+18,J053453.0-052627
3.017364510007529e+18,J053453.1-052400
3.0172505387439145e+18,J053453.4-054004
3.0173649223243566e+18,J053454.2-052135
3.017363715426119e+18,J053454.8-052512
3.2095194226745897e+18,J053454.9-051701
3.01724301396122e+18,J053454.9-054644
3.017269569741153e+18,J053455.0-052659
3.2095759788037755e+18,J053455.1-044828
3.017250263866009e+18,J053455.8-054126
3.209576940876434e+18,J053456.8-044605
3.017364716165926e+18,J053456.9-052206
3.0172647980353265e+18,J053457.1-053329
3.017251054138574e+18,J053458.0-053758
3.017266447303734e+18,J053458.1-052847
3.0172495079517645e+18,J053458.2-054150
3.0172431471039e+18,J053458.2-054505
3.017264896816704e+18,J053458.5-053249
3.017364647446461e+18,J053459.1-052307
3.017262938311603e+18,J053459.1-053621
3.0172401578057994e+18,J053459.2-054559
3.0173634448556426e+18,J053459.6-052539
3.0173638528652324e+18,J053500.2-052409
3.017251088499724e+18,J053500.8-053808
3.017363852865233e+18,J053501.1-052406
3.0173650898159094e+18,J053501.2-052144
3.0173653346410496e+18,J053501.3-052022
3.017249542311501e+18,J053501.3-054113
3.01736512417565e+18,J053502.3-052123
3.017365437719986e+18,J053502.7-051944
3.017365025403441e+18,J053502.8-052208
3.209576013163656e+18,J053502.9-044832
3.0173642694893056e+18,J053503.0-052237
3.0172661681267937e+18,J053503.0-053001
3.0173655407998874e+18,J053503.1-051829
3.209575703925862e+18,J053503.2-044921
3.209520724048941e+18,J053503.3-051622
3.017363887225069e+18,J053503.4-052332
3.0173634104959007e+18,J053503.4-052610
3.209575600846656e+18,J053503.6-045053
3.0173642694893056e+18,J053503.6-052245
3.017363582294584e+18,J053503.7-052454
3.017365540799184e+18,J053503.9-051859
3.0173633761361654e+18,J053504.0-052637
3.01724991597159e+18,J053504.0-054051
3.0173642694923264e+18,J053504.1-052224
3.017363410495899e+18,J053504.5-052604
3.017363582297636e+18,J053504.6-052435
3.0172508823383163e+18,J053504.6-053838
3.2095764941998326e+18,J053504.7-044709
3.209520625265432e+18,J053504.7-051742
3.0173634104959027e+18,J053504.7-052638
3.0173652315618284e+18,J053504.8-052057
3.017364269489201e+18,J053504.8-052238
3.01725266474974e+18,J053505.0-053643
3.2095210719428746e+18,J053505.1-051450
3.017365231561559e+18,J053505.1-052024
3.017363410496163e+18,J053505.2-052603
3.017363822812731e+18,J053505.3-052410
3.017264626236632e+18,J053505.3-053428
3.0173642651821947e+18,J053505.4-052230
3.0173603524791936e+18,J053505.5-052752
3.017363582294584e+18,J053505.6-052519
3.01736420076983e+18,J053505.7-052315
3.0173636123470684e+18,J053505.7-052418
3.0172646262366305e+18,J053505.7-053355
3.017250878045906e+18,J053505.7-053839
3.209575807005071e+18,J053505.8-044843
3.017360421198667e+18,J053505.8-052708
3.209520655329465e+18,J053506.4-051722
3.017365162842352e+18,J053506.4-052118
3.017360421198665e+18,J053506.4-052704
3.017264660596368e+18,J053506.4-053335
3.017363582294576e+18,J053506.5-052501
3.017360455558401e+18,J053506.5-052650
3.01736341049616e+18,J053506.9-052600
3.0173643038489165e+18,J053507.2-052226
3.0173635135750897e+18,J053507.3-052548
3.017365261614613e+18,J053507.5-051950
3.017365162841656e+18,J053507.7-052101
3.017365162841787e+18,J053507.9-052117
3.0172652447119165e+18,J053508.0-053244
3.017365265922547e+18,J053508.2-051936
3.017365162844422e+18,J053508.2-052046
3.017363616654297e+18,J053508.2-052434
3.0172526003282084e+18,J053508.2-053704
3.0173669495408374e+18,J053508.3-051913
3.0173603524791905e+18,J053508.3-052756
3.017360146320763e+18,J053508.3-052829
3.017365162841149e+18,J053508.4-052119
3.017363513575096e+18,J053508.5-052517
3.017360558637611e+18,J053508.5-052619
3.209576459840252e+18,J053508.6-044652
3.017265279072423e+18,J053508.8-053149
3.0173667433900124e+18,J053508.9-051933
3.017265347791125e+18,J053509.2-053058
3.017364406927435e+18,J053509.3-052141
3.017360348171928e+18,J053509.4-052748
3.017360146320762e+18,J053509.5-052822
3.017360558637482e+18,J053509.6-052623
3.01736055864099e+18,J053509.7-052550
3.0173667390833705e+18,J053509.8-051933
3.017365197201799e+18,J053510.1-052020
3.0173642351323863e+18,J053510.1-052232
3.0173667433900145e+18,J053510.2-051955
3.017364235119026e+18,J053510.2-052316
3.017363994614284e+18,J053510.2-052321
3.0173644069304914e+18,J053510.3-052112
3.0172457928022205e+18,J053510.3-054633
3.01736055433036e+18,J053510.4-052600
3.0173644026211656e+18,J053510.5-052156
3.0173639903041976e+18,J053510.5-052416
3.0173605543303613e+18,J053510.8-052556
3.01736354793481e+18,J053510.9-052448
3.017367155709057e+18,J053511.2-051720
3.017363925891919e+18,J053511.6-052421
3.0173605586375526e+18,J053511.6-052608
3.017265382150863e+18,J053511.6-053101
3.0173667777495373e+18,J053511.7-051834
3.017366743390001e+18,J053511.8-051925
3.017366670363905e+18,J053511.8-052001
3.0173644412867456e+18,J053511.8-052103
3.017265279071651e+18,J053511.8-053155
3.017365197201793e+18,J053511.9-052032
3.017364235132342e+18,J053511.9-052253
3.017266236846519e+18,J053511.9-052932
3.01736017637306e+18,J053512.0-052808
3.017363925892203e+18,J053512.1-052433
3.0172654852300754e+18,J053512.1-053020
3.017364436980913e+18,J053512.2-052044
3.0173639903043144e+18,J053512.2-052347
3.017265450870337e+18,J053512.2-053032
3.0172462437767496e+18,J053512.3-054318
3.0173640289710106e+18,J053512.5-052344
3.017366674670235e+18,J053512.6-051935
3.017364441287008e+18,J053512.7-052034
3.017360489921436e+18,J053512.7-052710
3.017364436980916e+18,J053512.8-052043
3.017250087773385e+18,J053513.0-053934
3.017363925891923e+18,J053513.1-052455
3.0173666746705326e+18,J053513.2-052018
3.0173644412870164e+18,J053513.2-052052
3.017360180680492e+18,J053513.2-052753
3.20957240539098e+18,J053513.3-045145
3.017364441286758e+18,J053513.4-052107
3.0173640246640594e+18,J053513.4-052340
3.017366777749536e+18,J053513.5-051856
3.017360180680492e+18,J053513.5-052757
3.20957900246071e+18,J053513.6-044258
3.0173600776043653e+18,J053513.6-052846
3.017265377852812e+18,J053513.6-053057
3.017250092067309e+18,J053513.7-053910
3.017360180680489e+18,J053513.8-052736
3.017366670363917e+18,J053514.0-051951
3.017360588690111e+18,J053514.0-052520
3.0173666746595835e+18,J053514.2-052003
3.017360077604363e+18,J053514.2-052843
3.0172462437767485e+18,J053514.2-054317
3.017364028970885e+18,J053514.3-052333
3.017367121333532e+18,J053514.4-051725
3.0173659187560315e+18,J053514.6-052042
3.0172500920673085e+18,J053514.6-053911
3.0173659187556137e+18,J053514.7-052028
3.0172532145056527e+18,J053514.7-053416
3.0172515695360563e+18,J053514.8-053805
3.0172525316087265e+18,J053514.9-053639
3.017360279452469e+18,J053515.2-052737
3.017364372567255e+18,J053515.3-052113
3.0173641277432863e+18,J053515.3-052215
3.017363960241964e+18,J053515.4-052345
3.017366880827931e+18,J053515.6-051746
3.0173641277432883e+18,J053515.6-052256
3.017363960251436e+18,J053515.6-052402
3.017360902234948e+18,J053515.6-052533
3.209572508470187e+18,J053515.7-045054
3.0173593560467727e+18,J053515.8-052852
3.209521209381041e+18,J053515.9-051458
3.017367121346097e+18,J053515.9-051657
3.017365914449686e+18,J053516.0-052036
3.0173609709543e+18,J053516.1-052456
3.017366910881808e+18,J053516.2-051743
3.0173658500368143e+18,J053516.2-052108
3.017360107653781e+18,J053516.2-052833
3.0173675680226924e+18,J053516.3-051537
3.01736711704024e+18,J053516.6-051723
3.017366709030057e+18,J053516.6-051935
3.209576597279032e+18,J053516.7-044544
3.0173639559444787e+18,J053516.7-052404
3.017364063330453e+18,J053516.9-052300
3.0173602794524744e+18,J053516.9-052708
3.0172458658171034e+18,J053516.9-054555
3.0173640590238177e+18,J053517.0-052333
3.0173593560396723e+18,J053517.0-052858
3.0173603181194163e+18,J053517.1-052645
3.017249611031104e+18,J053517.1-054153
3.0173659187558845e+18,J053517.2-052027
3.017363960251515e+18,J053517.3-052400
3.0173674949977385e+18,J053517.5-051612
3.0173643682614656e+18,J053517.5-052145
3.0173640633334543e+18,J053517.5-052256
3.017360902234944e+18,J053517.5-052542
3.017249778532637e+18,J053517.5-054048
3.016943736342835e+18,J053517.7-063143
3.209578074747778e+18,J053517.8-044452
3.017366807802892e+18,J053517.8-051835
3.017367494997364e+18,J053517.9-051644
3.017360318119415e+18,J053517.9-052650
3.0173610053169684e+18,J053518.0-052402
3.0173669108818084e+18,J053518.2-051744
3.017364063330467e+18,J053518.2-052335
3.01735935604677e+18,J053518.2-052846
3.209571580757262e+18,J053518.3-045323
3.017361005316981e+18,J053518.3-052426
3.0172652103490714e+18,J053518.3-053142
3.017365850029114e+18,J053518.5-052042
3.0173668121116723e+18,J053518.6-051834
3.017364063333444e+18,J053518.6-052256
3.0173640590238254e+18,J053518.6-052313
3.0172497141103176e+18,J053518.6-054109
3.0173669151876664e+18,J053518.7-051728
3.017367701155797e+18,J053518.8-051445
3.017365850036801e+18,J053518.9-052051
3.017365850035789e+18,J053518.9-052107
3.017361108392968e+18,J053519.0-052349
3.017364059023828e+18,J053519.1-052326
3.017367499303217e+18,J053519.2-051644
3.017265206054357e+18,J053519.2-053103
3.01736728883931e+18,J053519.5-051702
3.017360210733006e+18,J053519.5-052735
3.017265137334876e+18,J053519.5-053158
3.0173610010069883e+18,J053519.6-052426
3.2095213425241774e+18,J053519.7-051405
3.017364166410348e+18,J053519.8-052221
3.0173658800899656e+18,J053520.0-052043
3.017365850036801e+18,J053520.0-052105
3.017360902234822e+18,J053520.0-052537
3.0173592873303613e+18,J053520.0-052911
3.017265107272954e+18,J053520.2-053217
3.017359046809133e+18,J053520.3-053039
3.0173672931447875e+18,J053520.4-051713
3.0173658843992653e+18,J053520.5-052042
3.017361108393219e+18,J053520.5-052420
3.209572916491596e+18,J053520.6-044949
3.0173640933835725e+18,J053520.6-052245
3.017360932287514e+18,J053520.6-052446
3.017365643870379e+18,J053520.7-052154
3.0173606960764114e+18,J053520.7-052615
3.01736564388075e+18,J053520.8-052121
3.017365639571801e+18,J053520.9-052150
3.017265141632814e+18,J053521.0-053121
3.017360696076379e+18,J053521.1-052556
3.0173611427526774e+18,J053521.4-052316
3.017365673931541e+18,J053521.5-052105
3.0173656438783693e+18,J053521.6-052146
3.017360249399928e+18,J053521.6-052714
3.2095715120348733e+18,J053521.7-045312
3.017361142752676e+18,J053521.7-052310
3.017361108392946e+18,J053521.7-052339
3.0173606273570376e+18,J053521.7-052644
3.01736110839295e+18,J053521.8-052353
3.01736770546164e+18,J053521.9-051500
3.01736409769016e+18,J053522.1-052233
3.0173610396734894e+18,J053522.1-052424
3.017366846468189e+18,J053522.2-051808
3.0173589780896573e+18,J053522.2-053117
3.209579071180412e+18,J053522.3-044207
3.017361039673476e+18,J053522.3-052414
3.017365575158623e+18,J053522.4-052200
3.209571683836468e+18,J053522.5-045237
3.209573264384417e+18,J053522.7-044829
3.017361138446084e+18,J053522.7-052313
3.209576322401124e+18,J053522.8-044641
3.0173655708523346e+18,J053523.1-052228
3.017365678237817e+18,J053523.3-052125
3.017360730436109e+18,J053523.5-052526
3.017361142744846e+18,J053523.6-052346
3.017360627356915e+18,J053523.6-052626
3.209573264384415e+18,J053523.7-044816
3.017366090553946e+18,J053523.7-051839
3.20957284777212e+18,J053523.8-045016
3.017365678237113e+18,J053523.8-052118
3.0173611427556234e+18,J053523.8-052334
3.0173607261290926e+18,J053523.9-052509
3.017361138446089e+18,J053524.0-052313
3.209572882131859e+18,J053524.1-045009
3.017365609518085e+18,J053524.1-052132
3.0173607261290926e+18,J053524.2-052518
3.017359081168862e+18,J053524.2-052957
3.01736557085234e+18,J053524.3-052232
3.017367258785045e+18,J053524.4-051659
3.017361035366739e+18,J053524.4-052439
3.017360627356913e+18,J053524.4-052631
3.0173660175286067e+18,J053524.6-051909
3.0173610353667395e+18,J053524.6-052435
3.017367327507745e+18,J053524.7-051640
3.017362620221405e+18,J053525.0-052258
3.017361074033139e+18,J053525.0-052346
3.01736107401968e+18,J053525.0-052353
3.0173676367421624e+18,J053525.2-051535
3.017361069726479e+18,J053525.3-052411
3.017365609521332e+18,J053525.4-052151
3.2095720961533204e+18,J053525.5-045120
3.017359012449385e+18,J053525.6-053021
3.0173626202214057e+18,J053525.7-052309
3.0173606273569126e+18,J053525.7-052641
3.0173606574096195e+18,J053526.0-052547
3.017365781316303e+18,J053526.1-052005
3.0173608335180646e+18,J053526.1-052520
3.209573058226152e+18,J053526.3-044926
3.0173608335150444e+18,J053526.3-052500
3.017360661716622e+18,J053526.3-052539
3.01736743058373e+18,J053527.0-051544
3.0173610740331807e+18,J053527.2-052336
3.017359871442672e+18,J053527.5-052725
3.017359802723316e+18,J053527.8-052802
3.0173665028708004e+18,J053528.0-051719
3.017366395486076e+18,J053528.1-051856
3.017365609517616e+18,J053528.1-052134
3.017362551501921e+18,J053528.1-052306
3.017360833515036e+18,J053528.2-052457
3.017360829208314e+18,J053528.3-052503
3.01736639979159e+18,J053528.4-051901
3.2095747762128947e+18,J053528.6-044726
3.209573092585718e+18,J053528.6-044816
3.0173673618642545e+18,J053528.9-051617
3.0173664298458173e+18,J053529.1-051817
3.0173592186079667e+18,J053529.1-052910
3.0173607647955697e+18,J053529.3-052546
3.017366395486079e+18,J053529.4-051845
3.0173607647955666e+18,J053529.4-052536
3.017362345346402e+18,J053529.8-052348
3.0173623453432945e+18,J053529.8-052355
3.016951123686867e+18,J053529.8-062658
3.01736619363316e+18,J053530.4-051933
3.017359596564784e+18,J053530.4-052830
3.0169511236868664e+18,J053530.4-062707
3.017360794848578e+18,J053530.6-052510
3.017366434151324e+18,J053530.7-051806
3.0173473644980685e+18,J053530.8-053036
3.01736619363638e+18,J053531.2-051855
3.017362345343488e+18,J053531.2-052339
3.0173595965647647e+18,J053531.4-052816
3.2095788306620006e+18,J053531.6-044107
3.017366605950011e+18,J053531.6-051657
3.0173673919185336e+18,J053531.9-051619
3.017245655363966e+18,J053532.2-054426
3.209572233592264e+18,J053532.7-045011
3.017347398857791e+18,J053532.8-053021
3.2095783453302804e+18,J053533.0-044358
3.017366120608178e+18,J053533.2-051957
3.017359940161856e+18,J053534.3-052659
3.2095737454207447e+18,J053534.6-044857
3.017363165670319e+18,J053536.2-052020
3.209574741853144e+18,J053540.0-044555
3.0173596996436603e+18,J053542.4-052732
3.0173633031096407e+18,J053542.7-051945
3.209573814140211e+18,J053544.1-044804
3.209575463407641e+18,J053544.5-044415
3.017361589428225e+18,J053544.8-052434
3.0173479486131384e+18,J053545.3-052810
3.0169499941108654e+18,J053547.2-062910
3.0173632730553784e+18,J053547.6-051914
3.016926045373232e+18,J053600.1-064233
3.016921853485148e+18,J053625.1-064441
3.016923021714996e+18,J053626.7-064343
3.016922398945472e+18,J053635.7-064249
3.441185354414947e+18,J053829.5+261941
2.9073051784651305e+18,J053850.8-283757
3.441208272360415e+18,J053908.3+262121
3.441210192209945e+18,J053914.3+262525
3.4410204920949064e+18,J053918.4+262010
2.907294874840494e+18,J053923.5-284223
2.907296902065029e+18,J053949.9-283832
2.9072960387742423e+18,J053954.2-283956
2.9072720900366167e+18,J054045.7-283907
3.2166301705267835e+18,J054120.6-015858
3.2166318885136983e+18,J054129.5-015426
3.2166310939461924e+18,J054131.9-015519
3.216631128305932e+18,J054132.8-015444
3.2166461134454374e+18,J054133.2-014811
3.2166333659824456e+18,J054133.8-015323
3.216633361688978e+18,J054133.9-015351
3.2166326100682025e+18,J054136.2-015424
3.216633396048719e+18,J054136.5-015319
3.2166326100684703e+18,J054136.8-015359
3.216632640134476e+18,J054136.9-015339
3.216633503421397e+18,J054137.3-015245
3.216632644427939e+18,J054137.3-015313
3.2166341863225446e+18,J054137.4-014953
3.216632541348725e+18,J054137.6-015424
3.21663418632254e+18,J054138.4-015038
3.2166273873879747e+18,J054138.9-015936
3.2166325714147994e+18,J054139.0-015358
3.216633537780466e+18,J054139.1-015207
3.216646250884404e+18,J054139.4-014700
3.216627730984701e+18,J054141.6-015754
3.216630784708401e+18,J054142.5-015618
4.850358149972412e+17,J054143.3+692046
3.216632296537048e+18,J054144.3-015523
3.2166339500979937e+18,J054147.1-015035
3.2166290366552146e+18,J054150.1-015745
3.216629036654748e+18,J054152.1-015717
3.2166289679359345e+18,J054153.2-015744
3.21662906672166e+18,J054154.9-015648
3.216629410319044e+18,J054155.7-015509
3.2166280402229955e+18,J054213.1-015833
4.804723327843275e+18,J054228.1-405557
2.90775550149287e+18,J054332.9-273905
3.219146093649683e+18,J054609.0-000215
3.219122552933193e+18,J054609.6-000331
3.219118498484192e+18,J054612.2-000807
3.219119189974545e+18,J054613.1-000604
3.21911925869402e+18,J054618.8-000538
3.219147845996327e+18,J054619.0+000329
3.2191495253287475e+18,J054625.1+000541
3.2191968730485243e+18,J054625.9+000708
3.21914832703266e+18,J054633.3+000251
3.219149907580618e+18,J054634.5+000643
3.219149903285084e+18,J054636.1+000626
3.2191500063643003e+18,J054637.5+000654
3.2191496971277286e+18,J054638.3+000548
3.2191498045014006e+18,J054639.9+000644
3.219149628408254e+18,J054642.6+000528
3.219145028498125e+18,J054643.1+000052
3.2191488724940104e+18,J054644.0+000454
3.219206601149234e+18,J054644.0+001803
3.219148597616105e+18,J054647.3+000407
3.219148906853752e+18,J054647.7+000456
3.2192071122501407e+18,J054651.8+001938
3.2191548167287654e+18,J054652.7+000608
3.2191546148647685e+18,J054658.1+000538
3.2192068030129434e+18,J054702.9+001838
3.219585584767838e+18,J054703.7+002329
3.219582629831437e+18,J054704.3+002320
3.219206051393231e+18,J054705.0+001834
3.2192070134647224e+18,J054706.1+002032
3.2192061501779154e+18,J054706.6+001922
3.2191445818211686e+18,J054706.9+000047
3.2192061544723087e+18,J054707.2+001932
3.21920694474629e+18,J054707.9+002024
3.2192061888320466e+18,J054708.6+001923
3.219206085752832e+18,J054710.4+001844
3.2192060857528315e+18,J054710.7+001846
3.219206188832046e+18,J054710.9+001914
3.21958245803082e+18,J054712.9+002206
3.219155302059637e+18,J054714.0+000907
3.451194105685464e+18,J055200.4+323648
3.451181250844508e+18,J055202.2+323043
3.451181667460701e+18,J055204.8+323318
3.45117864380376e+18,J055207.8+322638
3.451181422643194e+18,J055209.1+323239
3.4511820110580726e+18,J055211.6+323330
3.451182144197692e+18,J055216.5+323446
3.451205852418091e+18,J055222.1+323843
3.4511819036795223e+18,J055223.9+323457
3.4512002174194954e+18,J055250.3+322859
3.451201218151756e+18,J055253.2+323301
3.3158077686204733e+18,J055401.8+014027
3.3158080778581176e+18,J055402.0+014055
2.890346074897001e+18,J055646.2-331026
9.607440905980742e+17,J060307.5+420940
3.423526544838564e+18,J060726.6+220547
3.4262695858325187e+18,J060911.4+241858
3.426270169948056e+18,J060917.2+242111
3.426265497023659e+18,J060920.4+241515
3.4262671462920366e+18,J060922.7+242025
3.426267073279987e+18,J060925.5+241928
3.426265458366937e+18,J060928.5+241531
3.4262670432118523e+18,J060934.4+242022
3.4262907127747743e+18,J060934.7+242216
3.426290918931148e+18,J060937.9+242333
3.4262662142792187e+18,J060940.6+241926
3.373408021706164e+18,J061254.9+175920
3.373360983223704e+18,J061259.3+175721
3.3320307835147817e+18,J061523.3+122232
3.3770566479634995e+18,J061729.5+224452
3.377009162805147e+18,J061754.3+222432
3.377052765313048e+18,J061755.0+224214
1.1408675929914684e+18,J061756.9+781607
3.3770357228798945e+18,J061757.2+222714
3.3770590187854054e+18,J061805.5+224506
1.1432629821525864e+18,J062652.7+820440
1.1436348232412172e+18,J062917.7+820534
3.1319977712443904e+18,J063005.3+054540
3.130519443497383e+18,J063144.1+041606
3.1313351436848727e+18,J063214.1+045628
3.131310232878412e+18,J063217.8+043828
3.1317772160837253e+18,J063310.3+052738
3.3710511841724165e+18,J063335.4+173927
3.371052004508633e+18,J063344.6+174313
3.371056711791646e+18,J063349.1+174731
3.371064172152896e+18,J063354.8+175150
3.3710508749347205e+18,J063357.1+174049
3.1304902033603246e+18,J063441.5+041655
3.1302458712611707e+18,J063510.8+034502
3.130227690662013e+18,J063530.9+033540
5.557301550582752e+18,J064037.9-432121
3.125518692819821e+18,J064451.5+001734
3.1255246026944266e+18,J064457.7+001840
3.1255065294689065e+18,J064504.0+001509
3.125505739198071e+18,J064511.7+001431
9.515074670739758e+17,J065111.5+412827
9.514383395767314e+17,J065125.7+405045
1.1149188479948046e+18,J065212.3+742537
3.052677318793446e+18,J065817.2-071235
3.353790702743652e+18,J065955.8+141513
3.0460195697260554e+18,J070355.4-113421
1.11234509743285e+18,J070925.7+744625
9.74886593268857e+17,J071610.6+471241
8.984004369766191e+17,J071736.9+374230
5.616538151857925e+18,J071826.4-245453
5.616536743108684e+18,J071826.8-245803
5.616536743108683e+18,J071827.9-245828
5.61653646823078e+18,J071830.0-245944
5.61653715542058e+18,J071831.7-245740
5.616537155425507e+18,J071831.8-245652
5.616537361583904e+18,J071834.2-245529
5.616536876243511e+18,J071836.3-245840
5.616543237099138e+18,J071837.6-245453
5.616524442322328e+18,J071838.6-250107
5.616543271458858e+18,J071839.3-245409
5.616524339243122e+18,J071839.3-250218
5.61654316407564e+18,J071839.8-245455
5.616525198236849e+18,J071847.5-245833
5.616531176831319e+18,J071849.4-245625
5.616531172526971e+18,J071849.4-245637
5.616531108111446e+18,J071850.8-245703
5.616530867593678e+18,J071853.1-245756
5.616520830242922e+18,J071901.8-250324
8.699125760331415e+17,J072742.9+241854
8.93488682312925e+17,J072910.3+333634
8.721393963167926e+17,J073502.3+265911
8.994984754318029e+17,J073733.0+392037
8.992579572644056e+17,J073739.9+384413
5.599151570177522e+18,J073756.3-303557
5.599148306002379e+18,J073810.2-303824
6.728513289380938e+17,J074108.5+202544
8.800279069145334e+17,J074108.8+311346
8.800294573972722e+17,J074118.8+311434
8.686882698355892e+17,J074207.6+251726
1.1422806071688433e+18,J074301.3+802625
9.20141939385314e+17,J074408.4+375841
9.19954133352276e+17,J074414.9+375645
9.19954202071352e+17,J074414.9+375656
3.088634441393928e+18,J074503.4+020041
6.749670684841046e+17,J074618.6+230623
6.720559740114122e+17,J074636.0+200149
5.715873353761712e+18,J074807.7-191953
9.2560297741815e+17,J075054.6+425219
9.343801382247656e+17,J075118.0+500817
8.754077977100733e+17,J075214.3+273650
9.066164731908696e+17,J080046.6+360416
3.0845045726386e+18,J080207.3+004342
9.33050755651798e+17,J080321.3+482051
9.330471822391854e+17,J080323.0+481618
3.095676744647977e+18,J080405.8+050649
1.084822461667296e+18,J080424.9+604007
1.0945771956875092e+18,J080430.4+645952
8.761141995709012e+17,J080523.2+281815
6.805313188753569e+17,J080534.9+240950
6.69760915286932e+17,J080635.1+194806
6.767544964327917e+17,J080731.7+211753
9.355825873327018e+17,J080849.4+521515
6.706653967427978e+17,J080858.0+204842
9.289186234510436e+17,J080907.5+441641
9.355956826890532e+17,J080949.1+521857
9.058430311849558e+17,J081011.7+345857
9.220067154013926e+17,J081023.3+421626
1.0316252028970412e+18,J081257.8+522210
6.825931737590935e+17,J081303.8+254210
1.0326344858516374e+18,J081313.1+541647
9.3533430815907e+17,J081425.4+514633
9.0758847582943e+17,J081512.1+364336
9.313636280740326e+17,J081618.9+482328
3.063300078578566e+18,J081739.5-073308
9.00921857657174e+17,J081839.0+313100
6.757983336353377e+17,J081840.2+210208
6.761947075774536e+17,J081851.5+212333
9.009177387840818e+17,J081855.9+312712
6.761811311834785e+17,J081910.2+211739
9.046316786086234e+17,J082020.1+364004
6.762085158954117e+17,J082033.8+212426
3.0972707272691804e+18,J082103.2+075121
6.76119116153125e+17,J082125.4+210746
6.761190431364815e+17,J082133.8+210818
6.761582862548388e+17,J082141.1+212107
6.833230433217402e+17,J082214.2+275201
3.093775482883581e+18,J082225.0+055719
6.641240627687912e+17,J082226.2+205858
3.093775585962795e+18,J082231.9+055706
7.073494039090511e+17,J082400.2+280553
7.083874459650757e+17,J082443.3+295923
1.0900976135170884e+18,J082538.5+615729
9.302698545226496e+17,J082549.5+471027
7.075432271929887e+17,J082718.9+291841
7.075425056384838e+17,J082726.2+291601
6.78455544001937e+17,J083052.0+241059
1.02864882921643e+18,J083139.1+524205
7.106889643196755e+17,J083310.2+330729
7.106888956001993e+17,J083311.8+330631
1.0337528652714632e+18,J083454.9+553421
1.0302833219705512e+18,J083627.2+533440
1.0302839060861032e+18,J083628.7+533619
1.0302790270032548e+18,J083642.7+532838
3.07834015640077e+18,J083643.8+005452
1.0302210234693816e+18,J083658.7+530950
1.0346271488158794e+18,J083722.4+582501
1.092563405779922e+18,J083745.0+651335
9.0983999647017e+17,J083749.6+364145
1.0303329675014616e+18,J083803.6+540641
7.046845270246076e+17,J083839.1+285852
7.062523318232945e+17,J084002.3+294902
7.062521943843379e+17,J084012.0+294856
9.134014177114712e+17,J084035.4+412645
3.080049553383166e+18,J084106.7+031206
6.031159421142414e+17,J084127.1+131410
6.031030572133551e+17,J084136.3+130857
7.06051464792502e+17,J084304.8+292953
7.060484368392248e+17,J084309.8+292919
3.075812039864627e+18,J084621.1+013755
9.14225707834958e+17,J084809.9+444902
1.0103031298136024e+18,J084827.3+445434
1.01030367956943e+18,J084840.6+445733
1.0414017897093664e+18,J084846.1+611234
5.988711357402789e+17,J084849.6+111729
1.010302618715252e+18,J084858.1+445435
1.010304160605765e+18,J084905.0+445714
1.0102917911009032e+18,J084923.2+445250
5.329921240299993e+18,J085002.4-454141
6.049218856671619e+17,J085058.8+115138
6.04921855602676e+17,J085107.2+115302
6.049210309689528e+17,J085113.3+115140
1.0172075130804996e+18,J085116.3+520816
6.049207560912315e+17,J085118.2+115019
6.049174919160959e+17,J085118.6+114702
6.049206830760063e+17,J085119.0+115005
6.04917526275831e+17,J085119.1+114754
6.04921374566325e+17,J085119.7+115210
6.049172857576639e+17,J085119.9+114700
6.049215463650125e+17,J085120.7+115326
6.049213745663219e+17,J085121.7+115237
6.049177281385082e+17,J085123.7+114949
6.049173544772051e+17,J085127.1+114656
6.049180416718898e+17,J085128.1+114927
1.0172072768583154e+18,J085128.9+520717
6.049164224684648e+17,J085131.2+114550
6.04916559907415e+17,J085136.0+114633
6.04918213470565e+17,J085137.8+115057
6.114620600025925e+17,J085258.3+162459
1.0171104124595348e+18,J085318.5+511930
1.017110416755942e+18,J085320.6+511907
1.0167440689294472e+18,J085408.0+502941
1.0296784531363622e+18,J085417.6+532735
5.77820023553297e+17,J085436.4+022023
7.059172556544279e+17,J085441.7+305754
1.0101600215037494e+18,J085605.8+450520
9.130154590664412e+17,J085641.5+424254
5.974313982782468e+17,J085723.9+090348
5.21529165553427e+18,J085742.6-771931
6.122769312615923e+17,J085850.4+182604
6.930228017588177e+17,J085946.3+274534
6.84783675799868e+17,J090036.1+204830
6.849722463403715e+17,J090036.8+205340
6.849798742017249e+17,J090039.2+205938
5.628258258606113e+18,J090441.4-322247
5.763426922424882e+18,J090450.5-014524
7.134445079616054e+17,J090516.6+340921
5.80071514129453e+17,J090642.1+045039
1.0166535353149e+18,J090653.2+520519
1.0166056378405692e+18,J090714.4+520343
1.0166044996720536e+18,J090731.6+515956
8.154409832868065e+17,J090809.7+394349
6.984522546006257e+17,J090843.2+285230
5.920020098610647e+17,J090923.5+105303
5.920592488896468e+17,J090934.4+110549
5.920055789781604e+17,J090948.6+105634
1.023663742279638e+18,J091023.3+541400
1.0236635404176676e+18,J091026.9+541243
1.0236704467245896e+18,J091028.9+542718
5.742368530268889e+18,J091338.8-101919
6.989857969137917e+17,J091341.1+300314
7.157622484097668e+17,J091342.4+372603
8.154317362206116e+17,J091409.1+405549
5.906229087482378e+17,J091449.0+085321
6.876557032503107e+17,J091501.7+241812
6.987200200414244e+17,J091557.3+292618
1.019341703805506e+18,J091757.4+514232
5.866555959150964e+17,J091824.3+063653
1.019338916371222e+18,J091828.5+513932
6.384304345311581e+17,J091848.6+211717
8.18988999933953e+17,J092014.0+453156
6.9579363548475e+17,J092143.4+293824
1.0191552335062028e+18,J092150.8+510036
3.8459388461394647e+18,J092158.8+034235
5.429515690730619e+18,J092246.4-395935
7.005221926151357e+17,J092347.9+310754
6.184240301901503e+17,J092405.3+141021
3.844747731449494e+18,J092438.4+022052
3.844701139644264e+18,J092459.0+021831
3.844748521723471e+18,J092500.4+022222
6.974572996564531e+17,J092627.3+305511
7.987760592053729e+17,J092633.6+362450
6.974579911475772e+17,J092636.3+305504
7.98764346831516e+17,J092638.7+362402
6.970629529390245e+17,J092712.6+294344
6.970629872987628e+17,J092713.8+294335
6.339390626755956e+17,J092832.8+184824
6.349652162619356e+17,J093221.6+212821
7.972712100406097e+17,J093342.5+340154
6.979208468870623e+17,J093348.3+313335
1.024711031400698e+18,J093411.0+551143
3.852306972674535e+18,J093455.5+051409
3.8508034635380495e+18,J093514.7+033545
1.0629374085653169e+18,J093551.5+612111
1.0214264422791328e+18,J093759.4+542426
3.8404340380958986e+18,J093844.4+005715
3.840435373830906e+18,J093845.6+005926
8.135900585404143e+17,J093856.9+412821
8.136927555027178e+17,J093949.6+414154
3.848118078185949e+18,J094057.1+032401
8.013781952087256e+17,J094124.0+394442
1.0505629850153718e+18,J094133.7+594811
5.884520261160172e+17,J094234.0+092239
3.819395978315208e+18,J094336.9-081930
3.848312618729354e+18,J094434.9+043207
7.948651350022729e+17,J094525.9+352103
1.0217714827679616e+18,J094629.6+545155
1.0217714484083904e+18,J094645.5+545232
6.195252898691119e+17,J094800.9+161707
7.445467756291301e+17,J094941.1+295519
1.0493718703250472e+18,J095014.0+580136
1.0498469323633244e+18,J095151.5+594430
6.402384053089821e+17,J095209.5+214313
8.278160167210328e+17,J095240.2+515249
8.278170174487802e+17,J095240.5+515608
8.278177046435471e+17,J095241.4+515848
8.278169830890413e+17,J095244.0+515543
6.260968690048558e+17,J095404.9+174218
8.064954898260502e+17,J095438.7+403204
3.832692028832113e+18,J095500.1-013006
6.200135460463089e+17,J095504.5+170556
1.0498106098243476e+18,J095511.3+594030
3.8483629557462257e+18,J095743.3+024823
7.468820309522628e+17,J095744.4+330820
3.836326778050583e+18,J095748.4+023731
3.836350275816503e+18,J095754.7+023832
3.848363642940991e+18,J095755.0+024806
3.848363647236096e+18,J095756.7+024840
3.8362449632186097e+18,J095759.4+020436
7.966225969629569e+17,J095803.3+362047
3.834712793765445e+18,J095810.8+014004
3.836309937484027e+18,J095819.8+022903
3.874634514781724e+18,J095820.5+073435
3.8347203872676577e+18,J095822.1+014524
3.836248747084784e+18,J095823.0+021311
3.8363052645597297e+18,J095824.4+022333
3.877646592525778e+18,J095836.5+074556
3.836308910986656e+18,J095839.0+022723
3.834532851815807e+18,J095844.9+014308
1.070464905689334e+18,J095847.8+690532
3.8345201043528207e+18,J095849.0+013219
3.8363056081569695e+18,J095849.3+022510
3.881340852811309e+18,J095852.2+120244
3.834529896878246e+18,J095858.8+013745
3.8363367380797343e+18,J095900.0+023949
3.836257092206357e+18,J095902.7+021906
3.83635453642448e+18,J095908.3+024309
3.836280766065921e+18,J095917.5+022206
3.836249601783329e+18,J095918.6+020951
3.836229741854755e+18,J095920.9+020031
3.836342446091292e+18,J095921.2+024030
3.836343335149868e+18,J095921.2+024412
3.83628014759098e+18,J095923.5+022226
3.836279666554638e+18,J095928.3+021950
1.0651057829350154e+18,J095929.8+633359
3.836357147764609e+18,J095935.6+024839
3.836236338924281e+18,J095938.2+020450
3.836239843617856e+18,J095938.9+021200
3.836341926400592e+18,J095942.0+024103
3.836345156215916e+18,J095946.0+024743
3.8362773300924334e+18,J095946.9+022209
5.46372702938438e+18,J095953.5-301557
3.836339040181929e+18,J100010.1+023745
3.836290318072887e+18,J100012.9+023522
3.836016574037986e+18,J100013.5+013738
3.834510449266156e+18,J100013.6+013034
3.836262211807328e+18,J100013.7+021221
3.8362856107887606e+18,J100014.0+022838
3.836019876867492e+18,J100020.9+014431
3.836440263971531e+18,J100030.0+025142
3.836038667349801e+18,J100033.4+015237
3.836046123412862e+18,J100034.9+020234
3.836258191717526e+18,J100037.9+020822
3.836069006998532e+18,J100046.7+020404
3.836070484467194e+18,J100048.4+020734
3.836286263623745e+18,J100050.1+022854
3.836260047143399e+18,J100051.5+021215
3.8362881190496297e+18,J100055.3+023441
3.836271076619422e+18,J100055.6+022150
3.836040595789719e+18,J100057.4+015548
3.8363884838458737e+18,J100100.3+024413
3.836260528179737e+18,J100105.3+021348
3.8362738941203937e+18,J100118.5+022738
3.836071309101096e+18,J100123.0+020851
3.836268911955937e+18,J100124.8+022031
3.836068044925994e+18,J100129.6+020643
1.0448645985013144e+18,J100129.6+545438
3.836397559111717e+18,J100135.4+025405
3.836048150637259e+18,J100142.1+015319
3.836080654949748e+18,J100143.1+021728
3.8363685594924887e+18,J100143.1+023251
3.836391610582076e+18,J100148.9+024821
7.436590187733601e+17,J100149.5+284708
3.836371750653279e+18,J100149.6+023853
3.8360536481954616e+18,J100151.1+020032
3.8360746763552737e+18,J100152.1+021158
3.836363298157626e+18,J100153.2+022436
3.8363964209453885e+18,J100156.7+025312
3.836396803197631e+18,J100200.0+025334
3.835970742441654e+18,J100200.8+013707
3.836060833675604e+18,J100201.5+020329
3.836060833675604e+18,J100201.6+020355
3.836175693986153e+18,J100202.7+022434
3.8363707928755046e+18,J100205.0+023731
3.8360507662725135e+18,J100206.7+015913
3.835971734578736e+18,J100212.1+014232
3.836365604555002e+18,J100217.4+022959
3.836049559386216e+18,J100219.4+015536
3.836392710093712e+18,J100219.4+025049
3.8363801000696e+18,J100226.1+024610
3.836392366496222e+18,J100228.6+024901
3.836063165843105e+18,J100229.1+020931
3.83599579069096e+18,J100229.3+014528
3.8363724722076047e+18,J100232.1+023537
3.8363802718683e+18,J100237.9+024700
3.835993793530896e+18,J100238.7+013936
7.467075221360301e+17,J100248.8+325130
3.836372987603692e+18,J100249.3+023746
3.836003964013488e+18,J100305.0+015156
3.836011042119352e+18,J100321.6+020327
8.22438958184335e+17,J100352.8+473653
8.068531747023551e+17,J100433.8+411234
8.068531789996901e+17,J100434.9+411242
8.068499792466798e+17,J100441.0+410943
8.228405247432544e+17,J100443.4+480156
7.458516167580722e+17,J100627.8+320219
7.458482838634213e+17,J100634.2+315900
7.475377865586648e+17,J100656.4+345445
3.873206524054702e+18,J100711.8+053209
3.881650498478729e+18,J100717.2+124543
3.831947732474894e+18,J101108.3+002908
3.828696197419013e+18,J101215.6-030700
3.829940677077599e+18,J101230.1-010743
3.873678940392872e+18,J101246.5+061604
3.8314498942257377e+18,J101401.7-005256
8.024626229093582e+17,J101659.8+390422
5.258583929469167e+18,J101702.2-575446
3.8304409849326336e+18,J101739.5-012728
5.258563412384119e+18,J101853.3-580753
7.408818929198213e+17,J101956.5+274402
8.094208779508773e+17,J101957.7+452949
7.408823052371077e+17,J102001.5+274526
7.557897244041701e+17,J102200.8+382830
7.558137075017491e+17,J102223.7+383424
6.246494950907503e+17,J102229.3+192939
1.0525339970476134e+18,J102332.1+633508
3.860228030534805e+18,J102347.0+040749
5.255678160756667e+18,J102358.0-574548
5.255678126388772e+18,J102400.5-574524
5.255678126388775e+18,J102400.7-574525
5.255678126388771e+18,J102401.3-574529
5.255678092037196e+18,J102401.5-574557
5.255678126388769e+18,J102402.6-574534
5.255678126396954e+18,J102404.8-574528
5.255677056923564e+18,J102418.4-574829
7.546421134385742e+17,J102700.5+364016
7.293350966829093e+17,J102712.6+283123
3.855170410190523e+18,J102741.3+003003
5.255417232905145e+18,J102827.8-581906
1.0535201258341876e+18,J102907.0+651024
1.0535068243198944e+18,J102923.0+650259
7.277796313273391e+17,J102924.3+262455
8.28974322162267e+17,J102957.8+431430
3.861894920227228e+18,J103031.6+052455
8.54993680712356e+17,J103134.6+574446
8.548024687689171e+17,J103227.9+573822
3.862003810533053e+18,J103249.8+054118
8.55015945822812e+17,J103318.9+575127
8.548219507404192e+17,J103341.5+573644
8.548102684293733e+17,J103357.6+573654
8.548061796205029e+17,J103433.6+573231
7.55461249600691e+17,J103456.3+393941
1.0492263954885064e+18,J103623.0+622849
7.344443210585924e+17,J103633.5+282821
8.307422981990152e+17,J103715.3+465014
3.859097968804107e+18,J103924.7+051341
3.858717984457586e+18,J103925.0+050547
7.794169966300168e+17,J103934.1+395257
8.555418216183471e+17,J104043.6+593409
7.792534442751095e+17,J104044.5+395711
7.792534399801701e+17,J104044.6+395649
5.350370026290391e+18,J104117.5-594037
3.8072311191042734e+18,J104127.7+000305
3.806480393180783e+18,J104130.1+000118
3.8064787782729e+18,J104133.4-000236
5.350371606837807e+18,J104213.6-593557
5.254287828331325e+18,J104219.4-595051
5.350408096881495e+18,J104220.8-590908
5.254285182631238e+18,J104222.6-595901
3.807446692102731e+18,J104230.1+010223
3.858282857026223e+18,J104231.4+050238
5.350377443673438e+18,J104245.4-592513
5.350377447993705e+18,J104248.1-592528
5.350400911370011e+18,J104301.2-592334
5.2542601000198e+18,J104306.3-601712
5.350406825572048e+18,J104314.2-591212
8.555508882934561e+17,J104321.3+590943
5.350363734137352e+18,J104336.9-593247
5.350363635363397e+18,J104339.3-593357
5.350364150774939e+18,J104339.9-593124
5.350363837216606e+18,J104345.9-593329
5.350363463580097e+18,J104346.7-593356
5.350363841537244e+18,J104346.9-593318
5.350363841537246e+18,J104348.6-593324
5.350363841537241e+18,J104348.7-593335
5.350363875885952e+18,J104351.6-593257
5.350363360501082e+18,J104351.8-593550
5.254268071479969e+18,J104352.2-600704
5.350363772818061e+18,J104353.5-593410
5.350363807177546e+18,J104355.1-593314
5.350363807162569e+18,J104357.5-593338
5.350362501507345e+18,J104358.0-593717
5.35036390593614e+18,J104358.4-593301
5.350360061970931e+18,J104400.9-594410
5.350362638946369e+18,J104401.0-593535
5.350362432793015e+18,J104402.0-593751
5.35036294818405e+18,J104405.8-593511
5.350363154342552e+18,J104408.0-593344
5.350362978223239e+18,J104409.9-593436
5.350357519345171e+18,J104410.3-594311
3.8654992267177774e+18,J104412.5+064239
5.25426996126577e+18,J104415.8-600309
5.350396616408293e+18,J104417.7-591653
5.350390298537391e+18,J104425.5-592142
5.350359306056884e+18,J104425.6-593923
5.350386347167189e+18,J104425.9-593339
5.35034752066098e+18,J104429.4-595718
5.350357308865231e+18,J104432.5-594406
5.350357313186774e+18,J104434.0-594355
5.350357343224975e+18,J104436.0-594258
5.350356419833532e+18,J104436.7-594621
5.35035731318677e+18,J104438.1-594434
5.350356037554928e+18,J104441.5-594705
5.350356454193302e+18,J104444.2-594537
5.35038926774525e+18,J104445.2-592324
5.35447512166018e+18,J104448.3-522531
5.350358069101062e+18,J104448.9-594343
5.350356144955632e+18,J104449.8-594727
5.350301959643813e+18,J104450.4-595723
5.35035651859128e+18,J104450.8-594442
5.350356312432855e+18,J104454.2-594536
8.555584817959081e+17,J104454.8+592134
7.517188556173062e+17,J104459.6+365604
5.350357725503666e+18,J104502.0-594531
8.555529155192335e+17,J104503.3+591242
5.350356243713394e+18,J104505.1-594642
5.350357858618586e+18,J104505.7-594404
5.350310824456385e+18,J104511.1-594533
5.350301787845129e+18,J104511.1-595820
5.350310721377468e+18,J104517.2-594701
8.553637307986171e+17,J104517.7+590653
5.350301405568296e+18,J104522.7-595727
8.553638338777583e+17,J104524.5+590704
5.254217764481742e+18,J104529.1-601356
5.254217768826358e+18,J104529.3-601404
5.350310446472014e+18,J104530.2-594820
5.350295362574177e+18,J104531.1-600913
5.350310583938228e+18,J104536.7-594702
5.254218215494129e+18,J104536.7-601234
5.254218211158357e+18,J104538.0-601232
5.350295912330034e+18,J104539.5-600642
5.35029827883369e+18,J104545.3-595853
5.350298141394248e+18,J104546.2-600021
5.350304223068443e+18,J104553.6-595655
5.35030422738686e+18,J104553.6-595703
5.350298214432614e+18,J104556.0-600004
5.35030411998648e+18,J104556.5-595838
5.350298008249763e+18,J104558.1-600004
5.350297252359875e+18,J104559.4-600517
5.350298038315546e+18,J104600.1-595924
3.8580207222872617e+18,J104600.7+042527
3.865560215253324e+18,J104603.1+071907
5.350304880221928e+18,J104603.5-595339
5.350303952508955e+18,J104606.1-595809
5.350336800420522e+18,J104615.2-593217
5.350297218000211e+18,J104616.7-600134
5.350306701288123e+18,J104624.8-594952
5.350306804375814e+18,J104631.0-594919
8.553613599766679e+17,J104631.1+590609
5.350306765689691e+18,J104633.8-594853
5.350284672373799e+18,J104648.1-600710
5.350329413077084e+18,J104652.0-595005
5.350284814135571e+18,J104652.3-600602
5.350280828405162e+18,J104655.3-601834
5.350284814135333e+18,J104656.5-600602
8.55373214086549e+17,J104705.0+590728
5.350283405386078e+18,J104707.3-601032
5.350283710303928e+18,J104717.4-600906
8.553922837412819e+17,J104748.7+592328
3.872432712682574e+18,J104749.4+122748
8.553196472546751e+17,J104803.3+585547
5.470248095409372e+18,J104823.4-250943
5.338269449827321e+18,J104831.5-601743
5.33827556586502e+18,J104836.2-601408
5.39183181517344e+18,J104838.2-411400
5.350314702784179e+18,J104858.6-595057
5.350323743720932e+18,J104858.9-594108
8.367238519086574e+17,J104911.7+510804
8.54547794387681e+17,J104943.3+583750
7.377174640954282e+17,J104947.4+330026
7.377148871150541e+17,J104958.9+330125
8.541941940242181e+17,J105039.6+572336
8.542476234175009e+17,J105050.1+573819
3.872883581169248e+18,J105055.3+132835
1.055032641516908e+18,J105104.5+625159
8.309622735489727e+17,J105233.8+454949
8.542523650617121e+17,J105301.0+574208
8.542015856627278e+17,J105336.3+573800
8.541879792077807e+17,J105339.7+573104
8.371603236650996e+17,J105348.5+515713
8.36372244409214e+17,J105416.4+512326
3.801222253699294e+18,J105641.3-033853
3.808373275462573e+18,J105829.5+013358
3.87164996348262e+18,J105904.7+121023
3.868342078455282e+18,J110049.6+103841
5.338656654063487e+18,J110435.9-584520
5.338656203039072e+18,J110457.9-584742
8.606655114442758e+17,J110502.0+594103
3.868493295663629e+18,J110516.4+111801
3.814708107410461e+18,J110556.1+031243
8.603849985402193e+17,J110559.0+585645
1.0555692375510316e+18,J110610.7+640009
3.8148230793908567e+18,J110621.9+035747
3.552950878881102e+18,J110633.5-182125
7.645012624056297e+17,J110938.5+373611
8.56228290535393e+17,J111032.9+570633
3.965268843102461e+18,J111119.0+133603
8.438484080824458e+17,J111132.0+553240
5.337638025251945e+18,J111141.1-604222
5.33724000203534e+18,J111215.7-610504
5.337627408090957e+18,J111226.5-603903
3.867055138749925e+18,J111323.0+091519
3.9903170580126136e+18,J111402.4+202314
8.424446753313464e+17,J111422.4+531912
7.571654582639873e+17,J111438.8+324133
8.565439190927078e+17,J111450.7+570336
8.424462558792928e+17,J111452.8+531531
5.337418019842039e+18,J111503.9-611535
5.337418019842032e+18,J111506.6-611540
5.337417985482256e+18,J111506.6-611633
5.33741801984203e+18,J111507.0-611539
5.337418019842028e+18,J111507.2-611538
5.337418019842028e+18,J111507.4-611538
5.337418019842028e+18,J111507.5-611538
5.337418019842053e+18,J111508.5-611538
5.337418019842061e+18,J111508.9-611527
5.337418019842052e+18,J111509.1-611533
8.424345048487689e+17,J111518.5+531452
8.438621562726813e+17,J111519.9+542316
5.337418157281055e+18,J111521.3-611504
3.810507118294754e+18,J111607.3+013512
3.810480180259872e+18,J111607.7+013037
3.971825226643429e+18,J111645.5+175846
3.9716644230684846e+18,J111703.5+174122
3.971676418911879e+18,J111703.5+174440
3.8177846483196974e+18,J111802.3+074325
5.40296997533868e+18,J111816.5-324850
7.652560041235397e+17,J111849.7+402228
7.652573484483337e+17,J111850.4+402553
8.564101222708828e+17,J111957.5+570026
3.964289380105044e+18,J112019.6+130320
3.9935680003635896e+18,J112045.7+232535
5.336957010898124e+18,J112057.1-615500
3.99281820215279e+18,J112108.5+232151
3.993731106041156e+18,J112209.9+241737
8.428992546698333e+17,J112320.4+535631
3.914894820955094e+18,J112326.3+090117
8.382793473282715e+17,J112551.8+502803
8.443529464808786e+17,J112723.8+565333
8.443487245284892e+17,J112740.1+565014
3.993363117538482e+18,J112751.1+243207
3.796756140545793e+18,J112820.8-011441
8.582311239800643e+17,J112916.6+583256
3.796684019455454e+18,J112943.9-013752
7.599443665287617e+17,J112956.2+363751
3.5450061170951414e+18,J113128.4-195903
3.586098508760213e+18,J113151.5-123157
7.594319941105894e+17,J113244.6+343551
7.719883825396018e+17,J113445.8+431858
5.335753393621289e+18,J113456.3-605241
5.335753015664074e+18,J113509.9-605500
3.972518881041976e+18,J113616.8+154807
4.0239666450126623e+18,J113724.0+300337
3.8006209282130703e+18,J114008.7+030711
8.446777834471602e+17,J114109.7+560818
3.793111259500079e+18,J114111.6-014306
4.017873636903463e+18,J114212.0+264607
4.017860026151864e+18,J114229.2+264012
3.976015774694672e+18,J114356.8+195649
3.976015607191305e+18,J114405.3+195602
3.976015705975198e+18,J114405.6+195735
1.0578919902246162e+18,J114427.5+672203
4.021543218306361e+18,J114529.8+313043
7.913157740308288e+17,J114642.5+511029
7.863525742438568e+17,J114656.7+472754
3.924838559303421e+18,J114658.5+162259
3.924847527195143e+18,J114702.5+162534
5.235857058489637e+18,J114733.4-675341
7.920875624726172e+17,J114851.6+514528
8.465227639585709e+17,J114900.1+592224
4.0196269456332815e+18,J115023.5+281907
8.64645052046186e+17,J115046.4+654428
7.864946174024151e+17,J115108.8+471509
3.7960195751300506e+18,J115115.3+003827
8.42008826345503e+17,J115138.1+561331
4.000642601773928e+18,J115301.6+215117
7.699721530921677e+17,J115307.4+440219
3.91938161867068e+18,J115343.2+113811
3.9193812707775913e+18,J115351.1+113649
4.0042733996224553e+18,J115451.0+233456
4.001268503063467e+18,J115535.9+232722
3.493736890620054e+18,J115539.5-222534
4.001267708494312e+18,J115606.8+233106
4.028188700944631e+18,J115707.3+333257
3.919899106395247e+18,J115822.9+123520
8.410249695970693e+17,J115931.2+553109
4.008143096437001e+18,J115931.8+291443
5.224176293604837e+18,J115948.0-781144
3.6025519486488566e+18,J120022.4-010831
4.0266497969819167e+18,J120059.7+313859
1.5734396909741583e+18,J120118.3+553939
3.8913357914657966e+18,J120130.3+011138
3.925041560933117e+18,J120319.5+152251
3.8917586868295537e+18,J120436.6+015025
3.594518431363451e+18,J120507.6-074527
3.486877136357812e+18,J120533.2-263404
3.594542727994928e+18,J120534.5-074121
3.891786144556808e+18,J120550.2+020131
1.5376255392407928e+18,J120913.6+433920
3.9063304500088975e+18,J121057.0+095426
1.5481460831103754e+18,J121057.4+502317
1.5481663553560105e+18,J121116.9+502205
3.920614480442042e+18,J121217.2+131218
3.901598323761314e+18,J121249.8+065945
4.013555889100517e+18,J121417.8+293143
3.700924120113712e+18,J121518.2+014750
3.698103353097121e+18,J121540.4-003433
3.908227657322991e+18,J121727.9+115504
1.5324028590089326e+18,J121732.9+374644
3.695022658954881e+18,J121838.9-010134
3.945509210402483e+18,J121843.3+153617
1.5450155673452652e+18,J121857.5+471814
3.92122089546583e+18,J121946.5+145259
4.016750687638612e+18,J122033.8+334311
1.6924581138295475e+18,J122048.2+751807
3.894104121225895e+18,J122114.1+043650
3.701942469744179e+18,J122134.8+042315
4.009508689878953e+18,J122140.6+270751
3.908788438316703e+18,J122436.8+131732
3.908735769133271e+18,J122518.6+130934
3.960203526176903e+18,J122523.2+245849
3.9528924997020575e+18,J122527.4+223512
3.696844652801361e+18,J122556.6+003535
3.6966479132359137e+18,J122645.8-001100
3.696647084305431e+18,J122652.0-001159
3.90795858621137e+18,J122709.8+124854
1.583874502998847e+18,J122711.6+630646
3.907985352447566e+18,J122745.6+130031
3.907555713983212e+18,J122824.2+114349
3.706838942916344e+18,J122848.9+033726
1.542410549425362e+18,J122915.7+473622
3.9011660052380513e+18,J122923.7+075359
3.7007439677097554e+18,J123005.8+030204
3.706748709946546e+18,J123025.9+030535
3.706749500220534e+18,J123027.3+030627
3.960664496426659e+18,J123107.8+254734
3.69730865100466e+18,J123132.3+013813
3.700422742812281e+18,J123211.0+020613
3.932951035266314e+18,J123225.7+142041
3.932148490561627e+18,J123248.3+134945
1.5195266887898317e+18,J123253.0+364358
1.5437057397627604e+18,J123301.7+472455
4.012652326765525e+18,J123307.1+320650
3.683192497955161e+18,J123404.7-022627
1.583215483216656e+18,J123411.7+615832
1.5438219057384335e+18,J123424.9+475456
3.928647340596588e+18,J123527.7+121338
3.928647271876432e+18,J123530.6+121314
1.5835985985946194e+18,J123555.0+621800
3.935309418988231e+18,J123619.3+163302
1.5835865039668173e+18,J123622.9+621527
1.5835931697559588e+18,J123624.9+622116
1.5835864653115507e+18,J123625.3+621405
1.583592345121655e+18,J123640.0+621942
1.5835919671651113e+18,J123706.8+621702
3.931841181357058e+18,J123709.4+131509
3.962140010966783e+18,J123741.2+264227
3.5234738697873326e+18,J123906.2-161047
3.90340866965646e+18,J124005.6+100759
1.5430188885923126e+18,J124006.7+474003
3.6958296360658335e+18,J124035.8-002919
6.157018962384382e+18,J124052.8-364521
3.903159355395804e+18,J124135.8+093931
3.710092054224967e+18,J124136.7+071856
3.9284260982412913e+18,J124206.9+114405
1.5203540326344724e+18,J124209.8+372005
3.928527768707109e+18,J124246.0+122405
3.7037239534589696e+18,J124255.3+024957
3.682998163571036e+18,J124337.3-023200
3.927661108730725e+18,J124406.9+113523
3.702187763915877e+18,J124551.4+010504
3.955890829255863e+18,J124557.8+223205
3.961376606299941e+18,J124637.0+262500
3.7106048045995407e+18,J124822.9+082914
6.140029965839803e+18,J124908.7-411225
3.705838383038464e+18,J124955.4+051627
1.689687829859855e+18,J125007.3+725228
3.6827077894229535e+18,J125055.2-015556
3.689806850670696e+18,J125140.3+000210
3.6267948013563233e+18,J125302.4-091311
6.140610989015337e+18,J125345.6-392653
3.961649010305834e+18,J125354.8+270618
1.5309958320218163e+18,J125359.6+462750
1.5771084520381696e+18,J125535.0+565239
1.5171683737880008e+18,J125541.4+355655
1.4641734938764088e+18,J125558.7+291459
1.5771133010570895e+18,J125614.2+565225
1.576925078410918e+18,J125642.1+564720
3.7047493554264463e+18,J125659.9+042734
1.4606779746136645e+18,J125751.0+273231
3.6854835408859136e+18,J125815.2-015918
3.73737921840672e+18,J125955.6+124153
3.937375195178655e+18,J130005.3+163214
1.4607406467770235e+18,J130111.7+274518
1.4643142614291643e+18,J130128.8+291503
1.516583639760558e+18,J130139.7+365824
3.937275375843152e+18,J130205.2+155134
3.6297573022932337e+18,J130413.1-053305
3.6230021090095416e+18,J130414.3-102022
1.5242140786590182e+18,J130456.9+395529
1.4596668705927757e+18,J130551.1+263150
1.4596685499239552e+18,J130649.8+263131
3.9450336329682335e+18,J130700.6+233805
1.5540327996466043e+18,J130724.0+460401
1.5223263503365842e+18,J130745.4+363812
3.729510524786914e+18,J130747.9+064039
3.736226930221538e+18,J130905.6+113802
1.566516242348769e+18,J130941.8+573245
1.566469753622758e+18,J130955.3+573404
1.5547311570304369e+18,J131028.1+482204
1.4628860688406364e+18,J131055.0+300411
3.690895126663977e+18,J131058.1+010822
1.5646750714723013e+18,J131059.7+560139
1.4601250920625403e+18,J131104.6+272807
3.68581727702469e+18,J131129.6-011602
3.94380857085618e+18,J131132.8+220400
3.685814425166455e+18,J131135.6-012012
3.685843596584245e+18,J131137.4-005734
3.685823599216554e+18,J131156.7-011311
5.862501961030048e+18,J131215.7-624250
5.862506462155882e+18,J131218.4-623730
3.7170524782245366e+18,J131310.1+051942
1.564646037493401e+18,J131458.4+560342
1.461916879404156e+18,J131708.7+291118
1.46191378702769e+18,J131746.1+290914
1.562839986565305e+18,J131914.2+520200
3.7331585025054536e+18,J131926.5+105611
1.5505838721868004e+18,J131927.5+445656
1.5628243915412224e+18,J131946.2+514805
1.4696860328620058e+18,J132017.8+330641
1.4729015546172337e+18,J132037.8+341126
3.687933248496908e+18,J132106.3+003714
1.5567476957157852e+18,J132138.3+511743
1.525533075998562e+18,J132224.4+422643
3.604402289278742e+18,J132224.4-164342
3.686883867727868e+18,J132323.7-002155
6.087172662326514e+18,J132344.3-451152
1.473719625628495e+18,J132445.6+362222
1.6781661462950725e+18,J132506.8+652018
3.7391697344375127e+18,J132512.5+112329
6.088704625623245e+18,J132527.6-430108
1.6781648792808028e+18,J132529.7+651513
6.088701258368796e+18,J132533.7-430525
6.181996056927279e+18,J132543.9-295002
1.5659091401312865e+18,J132801.2+573112
6.169507146730092e+18,J132958.6-313240
1.566050633533641e+18,J133006.9+582039
3.638822152892968e+18,J133030.9-003845
3.638825593161853e+18,J133032.0-003613
3.638827517308129e+18,J133037.1-003320
3.738445813405001e+18,J133143.3+111132
1.6652882924490122e+18,J133206.9+624202
1.5594316379584174e+18,J133223.2+503431
1.5594252857040102e+18,J133237.4+502129
1.5594280645455734e+18,J133249.8+503010
1.4755933265848776e+18,J133342.3+380336
1.4755839807360924e+18,J133344.2+375752
1.475582228389424e+18,J133355.8+375258
1.4755704086393134e+18,J133402.5+375129
1.4755905477419092e+18,J133408.7+380349
1.4755705503741765e+18,J133414.7+375131
1.552351298471421e+18,J133422.6+475033
3.6385224672552376e+18,J133428.0-012348
6.194881199334273e+18,J133439.6-232647
1.475578964214226e+18,J133441.8+380011
1.475578758055792e+18,J133442.7+375914
1.475576455953389e+18,J133445.3+375722
1.5009065968132232e+18,J133526.7+405956
3.718514721314311e+18,J133605.5+070718
3.637288338467901e+18,J133701.3-024630
1.4755379086233231e+18,J133749.0+375356
1.4559307601463706e+18,J133808.9+292413
1.5625108245678034e+18,J133933.9+554613
1.5000267083366129e+18,J134047.9+401118
1.6728314919721152e+18,J134105.7+674019
1.4713609670282056e+18,J134208.3+353915
1.6626126953266803e+18,J134213.2+602142
3.66235668388974e+18,J134322.0+000009
3.6623538663912177e+18,J134329.2+000132
3.662271952774516e+18,J134412.8-003005
3.6622719914298414e+18,J134414.0-002950
3.662271712256344e+18,J134420.0-003110
1.562413238614876e+18,J134440.2+555648
1.5624098026410204e+18,J134447.4+555411
1.5624102149578916e+18,J134450.6+555531
5.864664872201301e+18,J134631.4-625627
1.451327487212476e+18,J134834.9+263110
3.72524122851114e+18,J135022.1+094011
1.2519565785053786e+18,J135022.3+240612
1.4572431002881495e+18,J135220.3+312419
1.458661298490839e+18,J135309.3+333118
1.4586596835831665e+18,J135317.7+332927
1.4586684109567186e+18,J135409.0+334115
1.4971333434886587e+18,J135544.4+402536
1.2449378503251487e+18,J135601.2+182451
1.4988952120886502e+18,J135607.3+413615
3.723877490495361e+18,J135646.0+102608
3.672066333635521e+18,J135714.6+052331
6.114217452915345e+18,J135725.8-395837
6.114204396214746e+18,J135756.0-400419
6.114206526518543e+18,J135803.4-395750
1.4957679948622223e+18,J135837.9+372528
1.661765319754758e+18,J135932.2+623546
3.6595423807988623e+18,J140016.6-010822
3.661151481706354e+18,J140034.7+004733
1.6617113062463652e+18,J140037.0+622132
3.65945782577844e+18,J140055.4-014234
3.6645027931480576e+18,J140117.5+024349
3.6705232721454326e+18,J140127.7+025606
3.614631836225627e+18,J140231.9-102743
1.4993823644597724e+18,J140438.8+432707
1.6092551870339397e+18,J140515.6+542458
1.253541116495319e+18,J140621.8+222346
1.481883293306454e+18,J140643.3+341123
1.481882773613552e+18,J140708.9+341231
3.6674523361693614e+18,J140714.2+023601
1.66839496255354e+18,J140747.2+645419
1.609891151430405e+18,J140829.2+562823
1.5120576676469202e+18,J141104.1+521755
1.5120034522767194e+18,J141114.3+520629
1.5079449787635118e+18,J141118.3+481257
3.6599350095297495e+18,J141315.3+000032
1.2609910980477637e+18,J141434.5+293428
1.4839674175967194e+18,J141449.5+361240
1.607880449605992e+18,J141500.4+520658
3.647887561840109e+18,J141501.7-002326
3.647884293370192e+18,J141508.2-002549
3.647882781541684e+18,J141519.5-003021
1.2254603067806804e+18,J141531.0+112712
1.2255096173008133e+18,J141531.4+113157
1.2254562179741512e+18,J141540.0+112406
1.253909001918616e+18,J141624.6+231614
1.2539089374947052e+18,J141627.3+231522
1.607896602979097e+18,J141639.9+521504
1.2596053655038556e+18,J141730.4+264456
3.673663305555619e+18,J141730.9+073320
1.608011295784808e+18,J141853.6+525023
1.2557169426321262e+18,J141855.4+244108
3.673769550161802e+18,J141908.2+075449
1.6080643128610693e+18,J141915.4+532759
3.6737715387318354e+18,J141927.0+075749
1.608008272127845e+18,J141943.8+524618
1.6080366532717128e+18,J141946.3+525942
3.672890692478815e+18,J141949.3+060654
3.67325428722978e+18,J141956.6+060749
1.4850343518965878e+18,J142048.6+394532
1.5067851357314688e+18,J142123.9+463318
1.6084197299950326e+18,J142134.4+531753
1.2398430570393165e+18,J142258.2+193322
1.2398668683378852e+18,J142259.8+193536
1.608429999261018e+18,J142301.0+533311
1.2554255419863583e+18,J142315.5+235817
1.5064878166187912e+18,J142342.0+454111
1.5066656969846328e+18,J142433.8+461543
1.49202834965675e+18,J142435.9+421030
1.254357435159465e+18,J142438.1+225600
1.4799300796194852e+18,J142439.8+344454
1.2564603155719004e+18,J142452.0+263715
1.4779202367861965e+18,J142507.3+323137
1.4795066946261809e+18,J142511.3+332026
1.4797515421219348e+18,J142512.9+340030
1.4795627697195638e+18,J142543.3+335543
1.479546075184896e+18,J142557.6+334626
1.4795698134659535e+18,J142607.7+340426
1.492852291886794e+18,J142610.5+441124
1.479564457644925e+18,J142616.5+335326
1.47956456072414e+18,J142620.4+335436
1.4795417071998868e+18,J142622.6+334202
1.4798587144423488e+18,J142645.1+342724
1.479974227586476e+18,J142651.5+351924
1.4928487528337224e+18,J142716.0+440718
1.4803486112955533e+18,J142734.8+352543
1.2872859486900664e+18,J142754.9+330009
1.4803610151608794e+18,J142810.3+353846
1.4803611525998387e+18,J142817.7+354021
1.4795981989063503e+18,J142836.2+335819
1.47970711927706e+18,J142900.3+344326
1.284397226701759e+18,J142904.6+294342
1.4796813108169175e+18,J142917.2+342130
1.479686159836644e+18,J142918.1+343024
1.480306765431144e+18,J142924.2+353013
1.4795898451931845e+18,J142942.6+335655
1.4877113191121377e+18,J142943.6+385932
1.4803177949071544e+18,J142959.5+353027
1.48028875663129e+18,J143016.1+351923
1.4796430383649823e+18,J143026.7+343023
1.2870078796241656e+18,J143031.7+322145
1.4796101861583186e+18,J143034.8+335945
1.4796419732131328e+18,J143040.9+342857
1.4796253388031045e+18,J143102.2+341958
1.4878629529338836e+18,J143120.5+395241
1.4796210481324045e+18,J143132.1+341417
1.28732625696167e+18,J143156.4+325137
1.4799956723597908e+18,J143157.9+341650
1.480003059703554e+18,J143200.8+343123
1.4800100304335473e+18,J143201.7+343526
1.6110040633569915e+18,J143205.5+575516
1.4804183658606932e+18,J143210.9+354620
1.480012199393964e+18,J143217.0+344017
1.480049685869074e+18,J143217.0+345228
1.2878422672138068e+18,J143219.5+341728
1.2873426809159194e+18,J143220.1+331511
3.652991666614855e+18,J143244.4-005914
1.6052111489067515e+18,J143310.5+525830
3.669218946412568e+18,J143352.2+052729
1.4801565790143644e+18,J143429.7+351731
1.4801697731539067e+18,J143447.7+353409
1.4881757596963507e+18,J143525.2+400112
1.287800936745533e+18,J143529.1+340440
1.4801957147564385e+18,J143530.9+354401
1.2878161538129915e+18,J143543.7+342906
1.4801736214445783e+18,J143624.6+352536
1.2875961527058145e+18,J143628.0+335524
1.2879614654428897e+18,J143633.0+344253
1.2876068729442104e+18,J143737.0+341030
1.2880084309087406e+18,J143756.4+351937
1.2940311132252268e+18,J143830.2+353915
1.493158544530408e+18,J143835.9+431459
3.656585725312862e+18,J143859.0+033547
3.648088188352578e+18,J144009.7-034311
6.28546604533585e+18,J144223.8-171511
3.654859388977959e+18,J144231.7+011055
1.1744408025894313e+18,J144250.1+092001
1.605626283266115e+18,J144300.6+520137
1.6170263591242204e+18,J144340.6+585653
3.6505204068565673e+18,J144441.5-012321
3.652252137671135e+18,J144554.7+012903
1.174466503672718e+18,J144647.3+091605
1.1784313769622472e+18,J144709.5+114715
1.4889335680213837e+18,J144712.1+404259
1.1735325759198543e+18,J144728.3+082939
1.1735195879387494e+18,J144738.2+082546
3.65019124056361e+18,J144741.7-020338
1.1579607381963853e+18,J144842.4+042403
1.5902627729310766e+18,J144848.7+474041
1.5902611580237773e+18,J144852.1+473509
1.49014567221589e+18,J144920.7+422101
1.6203075809949074e+18,J144921.6+631614
3.65187267301551e+18,J144932.7+002236
1.620308195174067e+18,J144935.9+631835
1.6139218536832548e+18,J144948.4+581046
1.6139239839870735e+18,J145006.9+581456
3.651046012070582e+18,J145123.0-000626
1.6139187269467195e+18,J145125.9+580840
5.893528770428336e+18,J145133.1-554038
1.4902851727543444e+18,J145203.0+430542
1.61389426710901e+18,J145206.4+580626
1.6138940222956598e+18,J145207.3+580454
1.2819329462660792e+18,J145210.5+292409
1.4902852414732426e+18,J145215.6+430448
1.6138903844585925e+18,J145248.7+580255
1.6138929614389535e+18,J145256.5+580844
5.800163843613786e+18,J145600.0-684339
1.2623863095838008e+18,J145657.7+221315
1.2623887448294444e+18,J145710.8+221844
1.2623871342177782e+18,J145713.0+221449
6.205715168442046e+18,J145821.9-314007
5.874930359426632e+18,J145930.2-605320
1.262939604451007e+18,J150113.1+232908
1.1533872165010276e+18,J150121.9+014401
1.585303009120953e+18,J150140.9+421834
1.1533921299436165e+18,J150148.8+014403
1.269719124427584e+18,J150228.7+285815
1.1802209695757097e+18,J150243.0+111557
6.004760245736758e+18,J150333.9-415223
1.1531160193816302e+18,J150345.7+010816
6.339483638564229e+18,J150422.1-024556
6.004744264155373e+18,J150423.0-420106
6.312426826364361e+18,J150706.3-122515
1.6004644884904366e+18,J150721.0+554559
4.420236133221272e+18,J150829.5+014800
1.2903740344723932e+18,J150842.1+332802
1.2903740301764552e+18,J150842.2+332805
5.880014466821395e+18,J150903.5-584821
1.6129699171364815e+18,J150935.8+570325
1.29036688764683e+18,J151004.5+333355
1.2903676779207685e+18,J151041.1+333504
1.1569884649751475e+18,J151106.4+054122
1.1569962989954954e+18,J151133.6+054546
1.166541086420825e+18,J151143.0+075656
6.227961277973019e+18,J151317.4-240030
1.1634188857154053e+18,J151323.0+071043
1.2764018873835392e+18,J151451.7+311654
1.2921233918313006e+18,J151457.6+364817
1.600599517966257e+18,J151545.0+553518
1.6005872901948795e+18,J151608.0+553224
1.2121434041982006e+18,J151653.2+190048
1.1631905351892644e+18,J151717.0+070325
4.415731262283675e+18,J152005.8-003803
1.599341745383363e+18,J152144.8+525448
1.163703349989263e+18,J152151.4+074825
1.2721474645788928e+18,J152157.4+285918
1.1636973756900562e+18,J152158.8+074206
1.165719033976639e+18,J152424.5+095829
1.2141928938723354e+18,J152436.0+212308
1.2721786288616594e+18,J152442.5+292701
1.2736798058307154e+18,J152449.0+292721
1.5956580764883804e+18,J152553.9+513649
1.2734068177094712e+18,J152832.4+285751
1.6151415213156874e+18,J152922.2+592854
1.2775196096725345e+18,J153244.0+324246
1.2739804535413883e+18,J153304.0+302508
4.416284114770049e+18,J153313.9-003744
1.639635792820325e+18,J153627.7+614641
1.4027162227229097e+18,J153650.2+500810
1.2241896192337234e+18,J153714.2+271610
5.88605587091558e+18,J153926.4-521918
1.390349804991697e+18,J153952.2+420356
1.3711607844660255e+18,J153954.1+342110
4.403407661081737e+18,J154023.6-031347
1.644560913422168e+18,J154140.9+662237
1.6445632498842588e+18,J154321.3+662154
1.2162199423413448e+18,J154749.6+205056
4.3992090771525417e+18,J154856.7-045933
1.2166221617361756e+18,J154947.2+212856
1.2040586264820818e+18,J155229.9+200721
1.3697022522282153e+18,J155252.4+320150
1.3718875272965146e+18,J155633.7+351757
1.3718846797294413e+18,J155651.1+351646
1.204372292235607e+18,J155848.4+204243
1.4050370512508078e+18,J155927.6+533054
1.3793364823480678e+18,J160207.6+380743
4.412510483488295e+18,J160227.3+015756
1.4047445811583084e+18,J160246.3+524358
1.384486487437393e+18,J160311.0+432928
1.385232643515427e+18,J160410.2+432614
1.3852315783635246e+18,J160421.7+432354
1.1992522831995464e+18,J160441.4+164538
1.3793754806508367e+18,J160455.3+381201
4.406550408912084e+18,J160517.7-010955
1.429104364350908e+18,J160519.0+542059
1.386024532406168e+18,J160550.9+440540
1.4290985876186332e+18,J160608.5+542206
1.4290975568267556e+18,J160630.6+542007
4.450498820685024e+18,J160843.9+071508
1.428929885599407e+18,J160913.1+535429
4.4514712699989903e+18,J160918.9+082416
1.4289291597485466e+18,J161007.1+535813
4.458174575779965e+18,J161027.4+130806
1.4289218454211564e+18,J161109.5+535807
1.4246493794575168e+18,J161111.6+513131
1.386564014658126e+18,J161156.2+451611
1.3185532461818235e+18,J161216.7+293423
1.4246507194872115e+18,J161245.6+511816
1.424585745221779e+18,J161330.8+510400
1.3176726404473748e+18,J161344.9+283014
1.3184815717674988e+18,J161347.7+290911
1.3869981155927332e+18,J161541.2+471111
5.935487817742197e+18,J161637.7-495844
1.3290630311548385e+18,J161718.0+345450
4.407322540952245e+18,J161751.9-001957
4.4503053366996654e+18,J161756.9+070526
5.935509395659727e+18,J161932.2-494430
5.934787944268963e+18,J162036.3-512935
1.3295173012559775e+18,J162120.6+355351
4.464900601941035e+18,J162142.0+151549
1.3295190192428938e+18,J162143.7+355534
1.3322351565606116e+18,J162157.2+381734
1.3320246000848476e+18,J162303.1+375520
1.3049985656191675e+18,J162327.2+263207
1.4313071628811622e+18,J162432.1+565228
1.331998589762342e+18,J162453.5+375806
1.3180860911785964e+18,J162622.0+295237
6.049096093613206e+18,J162738.3-243658
6.049095406419962e+18,J162739.4-243915
1.3325977849441595e+18,J162809.9+393213
6.04907764243521e+18,J162812.2-245044
1.4063596907243958e+18,J162845.6+442413
5.942210433690961e+18,J162912.8-460250
1.2990546401172424e+18,J162919.9+231919
1.3039160319969326e+18,J162933.6+253200
1.3327368431010417e+18,J163012.2+401304
1.332738114411354e+18,J163038.4+401553
4.438457965768363e+18,J163227.7+053709
1.327731694372718e+18,J163317.7+352018
1.35676618439317e+18,J163647.1+410335
1.298057039474558e+18,J163700.2+222114
1.3118855671528182e+18,J163712.0+294640
1.3108461120515584e+18,J163909.1+282447
1.4056952120402022e+18,J163950.4+434003
1.4259132380089313e+18,J164115.4+534411
1.3557065687178486e+18,J164154.2+400032
1.3557467008919992e+18,J164258.8+394837
1.356538035730777e+18,J164407.6+415748
1.356535321311728e+18,J164425.5+415808
1.3012393396590474e+18,J164442.5+261913
1.4058560800387604e+18,J164517.0+444736
1.4271649632780626e+18,J164656.3+551446
1.326935854112157e+18,J164813.8+350155
5.940085941013643e+18,J164818.2-461039
1.3269351626222945e+18,J164827.0+350017
1.3269171280546555e+18,J164858.5+344839
4.4345630446091126e+18,J165124.8+045722
1.3582018373413435e+18,J165158.5+432508
1.3149690444338278e+18,J165239.2+345745
4.379227476242701e+18,J165338.0-015836
5.966509541883498e+18,J165419.7-414911
5.971476070330297e+18,J165430.7-364923
5.966505762312173e+18,J165436.0-415338
1.3512834395984686e+18,J165637.0+371439
1.353629728691862e+18,J170124.6+395437
6.029390302722622e+18,J170212.5-300122
1.4127052515014513e+18,J170342.4+514848
1.438031024378437e+18,J170355.7+604511
1.4386762616097293e+18,J170817.8+615448
4.108865783346598e+18,J170930.3-263919
1.338134719342502e+18,J170942.5+342316
1.434145964466775e+18,J171133.6+584056
1.4341435249244134e+18,J171157.4+584259
1.4384798613446405e+18,J171419.2+611944
1.43734619613696e+18,J171450.4+601409
1.437427903594896e+18,J171520.1+601313
1.631064098954106e+18,J171535.9+632335
1.437423647283884e+18,J171544.0+600835
1.437426872802731e+18,J171545.5+601119
1.4342544768152617e+18,J171550.5+593548
1.333116891870468e+18,J171712.8+304616
5.972727348880922e+18,J171808.7-382604
1.4331547933885998e+18,J172025.6+575304
4.5740508048585216e+18,J172026.4+263815
1.3337747090615724e+18,J172256.8+321426
1.6337416202223887e+18,J172314.1+654746
1.4340948715344064e+18,J172354.0+592047
1.4160832218046863e+18,J172739.0+530229
1.4359143571197942e+18,J172858.1+603512
1.43442654608921e+18,J172958.7+575838
4.549031344751563e+18,J173442.6+160032
1.417621129333864e+18,J173550.2+535307
1.417622026982649e+18,J173551.9+535515
1.434548596175262e+18,J173801.1+583012
1.4345662570812897e+18,J173809.3+584253
1.4345532991636698e+18,J173836.1+583748
1.6333224958368246e+18,J175911.9+663512
2.1162262547064617e+18,J180730.2+455132
4.09416974520946e+18,J180912.3-202801
4.095103054465256e+18,J181025.5-192019
4.095091204665515e+18,J181027.4-192210
4.526229058440076e+18,J181037.3+174437
2.158980729992108e+18,J181429.7+612335
2.1590725349165576e+18,J181536.7+612711
2.1153371921793777e+18,J181635.9+451033
4.1466124984673183e+18,J181837.0-134529
4.146600644357558e+18,J181840.0-134700
4.1466003995470254e+18,J181849.1-134803
4.146600541278312e+18,J181853.2-134607
4.104196427943627e+18,J182615.0-145055
4.153330617614204e+18,J182809.2-114057
4.273725319764935e+18,J182922.7+011032
4.27373314949127e+18,J182939.8+011756
4.273733531743912e+18,J182953.6+011701
4.2737202345236506e+18,J182954.5+011446
4.273718963213324e+18,J182956.1+011057
4.2737202302296566e+18,J182957.4+011450
4.2737189632133233e+18,J182957.6+011053
4.273720028365218e+18,J182957.7+011405
4.2737217119924e+18,J182958.2+011521
4.273718958917361e+18,J182959.1+011120
4.273719959647254e+18,J183000.6+011340
4.273721849431353e+18,J183003.4+011619
4.273718928853829e+18,J183007.7+011204
4.273720402037837e+18,J183011.1+011237
4.153024090088033e+18,J183049.9-123219
2.091177318245328e+18,J183542.3+325845
2.154818455709329e+18,J183553.6+592330
4.2560953380152207e+18,J183723.5-060550
4.2564682443000223e+18,J183924.6-054959
4.258456195656673e+18,J184134.4-035234
4.258682317087489e+18,J184451.1-025611
4.2581605601481554e+18,J184501.5-043356
2.2660103872962432e+18,J184526.1+721101
4.2785360224388e+18,J184536.8+005147
4.258638096102005e+18,J184631.7-025440
4.258637374547595e+18,J184632.0-025724
4.26526072957018e+18,J185203.5-012839
4.266508881354197e+18,J185238.5+004019
6.731197167204783e+18,J190139.3-370207
4.310649153642824e+18,J190447.4+090241
2.1328091921584143e+18,J190935.7+493036
2.132762256756968e+18,J190940.4+493005
4.293463374574463e+18,J191001.2+050222
4.308913815029978e+18,J191058.8+090149
4.1841347071641446e+18,J191633.4-160751
4.183939681278309e+18,J191649.2-161322
4.319806230055329e+18,J192226.1+140554
4.292840226362457e+18,J192305.3+045719
2.130134698843129e+18,J192414.7+501519
2.1300867283508887e+18,J192457.3+501049
2.1259841111697285e+18,J192530.1+424840
2.1361372377594225e+18,J192606.3+505256
4.3165064925905454e+18,J192626.9+132205
4.314714082519343e+18,J193205.9+110413
2.032751263230257e+18,J193505.6+303421
2.032365334681094e+18,J193621.7+293455
2.0325254467085555e+18,J193840.1+303028
6.440702621729761e+18,J193939.0-634223
2.080472881056609e+18,J194016.1+463247
2.0763936929140367e+18,J194121.9+401202
2.0797161078193628e+18,J194718.8+444807
2.0282045421171863e+18,J194804.3+274209
2.0319395488021028e+18,J194935.4+301231
2.0288379982791304e+18,J195221.4+292453
2.079062040143356e+18,J195408.1+442216
2.030000280820201e+18,J195840.0+284554
2.0750742145591163e+18,J195859.7+404620
2.0310521398212465e+18,J200505.2+322120
2.0310516244189207e+18,J200521.6+322058
1.8367396073487547e+18,J200724.6+273304
2.0591466547672e+18,J201014.1+361035
2.0823838322651287e+18,J201048.9+453406
2.0617033628958853e+18,J201312.7+382659
2.062619152991163e+18,J201432.0+411249
2.0626197714622367e+18,J201432.4+411453
2.062617641162491e+18,J201514.3+411531
2.0606307205767183e+18,J201536.9+371123
2.060633022679604e+18,J201546.6+371532
2.060628414159564e+18,J201618.5+370925
2.0606164956448847e+18,J201622.7+370711
2.06044376924148e+18,J201740.2+362520
2.0683576416038528e+18,J201949.1+405209
2.068287272859992e+18,J202111.4+402804
2.057966393428544e+18,J202144.3+372230
2.2429197841235505e+18,J202206.7+613658
2.0611860426578545e+18,J202220.9+384329
2.0673509656898025e+18,J202929.5+401242
2.0678444789112013e+18,J203047.4+412646
2.0678020102744563e+18,J203122.0+410844
2.067842657845296e+18,J203127.7+412917
2.067841352176487e+18,J203137.2+412335
2.0678482198244e+18,J203141.6+412820
2.067828639068547e+18,J203145.3+411826
2.067821114288936e+18,J203146.8+410449
2.0678219732824044e+18,J203147.5+410638
2.067847502568384e+18,J203149.6+412826
2.0678294637057208e+18,J203151.3+412323
2.0678537216812047e+18,J203153.7+413729
2.0678274665414705e+18,J203159.6+411450
2.067745076187793e+18,J203206.2+404829
2.067835781598188e+18,J203213.8+412741
2.0678315252899776e+18,J203227.2+412156
2.0677766828481649e+18,J203233.4+411059
2.064710561533007e+18,J203236.8+401351
2.0677680972124567e+18,J203239.6+405041
2.0678330371184568e+18,J203246.4+412422
2.0678329683989745e+18,J203250.0+412344
2.06777180806424e+18,J203255.8+410136
2.067772048582426e+18,J203258.9+410430
2.0677847230277696e+18,J203259.0+411759
2.0677848304055035e+18,J203259.1+411937
2.067832624801783e+18,J203259.1+412425
2.0677829363205865e+18,J203259.6+411514
2.0677828375406607e+18,J203259.7+411419
2.0677845168693345e+18,J203303.8+411736
2.0679278012763151e+18,J203305.7+413150
2.0677836235153536e+18,J203310.7+411508
2.0677836278148503e+18,J203311.0+411445
2.0677770651041864e+18,J203314.3+410310
2.0679268048438927e+18,J203315.2+412956
2.0677850709236613e+18,J203315.7+412017
2.0677834560159365e+18,J203317.3+411454
2.0677852083628265e+18,J203318.0+412136
2.0677586482843748e+18,J203318.2+405610
2.067783868332806e+18,J203318.2+411739
2.067780329281488e+18,J203323.0+411222
2.0677800544018207e+18,J203326.7+411059
2.0678782158751468e+18,J203333.6+412152
2.067784143210932e+18,J203333.9+411937
2.0677810164745009e+18,J203336.9+411611
2.0678814843489928e+18,J203342.9+413000
2.0679286602693064e+18,J203346.0+413301
2.0677673370018025e+18,J203346.8+410801
2.067875127797303e+18,J203347.7+412041
2.0677795046459927e+18,J203348.2+411032
2.0678750247180828e+18,J203348.8+411940
2.067875643193391e+18,J203357.5+412320
2.067880556635549e+18,J203402.0+412945
2.067766379225921e+18,J203404.8+410513
2.0678773268205788e+18,J203407.9+412705
2.067887840900095e+18,J203413.5+413502
2.067877498618794e+18,J203424.5+412625
2.0677631837702413e+18,J203426.7+410401
2.0647590044674524e+18,J203431.0+405550
2.0678625478357944e+18,J203443.1+411356
2.0678576043301468e+18,J203445.1+410758
2.067886088553405e+18,J203450.3+413757
2.0678673581995904e+18,J203547.0+412244
2.06486191618018e+18,J203552.9+411503
2.064858445846736e+18,J203556.8+411007
2.0694418244889943e+18,J203900.9+422243
1.7516809711976356e+18,J204726.7+105139
1.7361344608971174e+18,J204812.1+070117
6.471315430630963e+18,J205114.9-523726
6.456322112116572e+18,J205448.6-582715
6.913828140222843e+18,J205605.5-044058
1.858563229534791e+18,J205621.3+301718
2.162122962429748e+18,J205651.7+434252
2.1622216092498964e+18,J205821.5+435344
6.909906839376332e+18,J205822.1-065004
6.485133607434175e+18,J205829.9-423634
6.909497782395505e+18,J210211.5-064644
2.162805896614572e+18,J210335.6+454505
6.909412364085539e+18,J210451.8-071209
6.91107351999783e+18,J210748.2-062154
1.7335310278157107e+18,J211452.5+060742
6.579957899690993e+18,J211455.7-432343
2.689456538767445e+18,J211817.4+001316
1.7851168835756708e+18,J212246.3+170437
1.7460629821754455e+18,J212407.6+115056
6.898142168038309e+18,J212512.4-071329
6.575525901462991e+18,J212630.7-460547
6.578000592899581e+18,J213315.5-425426
6.578035781568435e+18,J213426.3-422958
2.686638073853068e+18,J213520.5-010318
6.461866502576829e+18,J213617.3-542552
2.1781784091881672e+18,J213930.6+565910
6.815047710640885e+18,J214001.4-234113
6.815048290460869e+18,J214018.3-234056
6.814998159602107e+18,J214041.4-234719
1.766813794544073e+18,J214228.4+123118
6.565183517134762e+18,J214328.9-453850
2.696865426071764e+18,J214832.2+044215
6.810108390874922e+18,J214851.7-274657
6.81021755605937e+18,J215207.4-273150
1.974732130558952e+18,J215246.9+471348
2.2043708334379607e+18,J215323.3+623834
2.2043699443877217e+18,J215334.0+623554
1.779015796632243e+18,J215334.8+173631
2.2043697382293e+18,J215340.5+623525
1.7792068367777833e+18,J215340.8+174415
1.7792058403453665e+18,J215345.5+174147
2.2043657525001167e+18,J215407.7+623221
2.725126310879437e+18,J215531.2+084917
2.679863948354232e+18,J215841.9-011500
6.612887104710588e+18,J220232.9-320801
2.696140916628468e+18,J220418.3+044039
1.8937263286350828e+18,J220602.6+293002
6.599201174242842e+18,J221009.9-360519
6.825999117035864e+18,J221413.2-170101
2.7348751607919647e+18,J221453.8+140022
2.5988639918877865e+18,J221527.2-161133
2.0011685433192184e+18,J221532.7+513536
6.822807681458845e+18,J221603.1-174316
6.398016174428346e+18,J221651.9-671443
2.678722517845778e+18,J221738.4+001206
2.679098413383041e+18,J221755.2+001512
6.407999916104238e+18,J221756.6-594130
2.6826433075909816e+18,J221802.3+022138
6.621788609115562e+18,J221935.3-271903
1.7776369016766868e+18,J222202.2+195231
1.7777434168653972e+18,J222221.1+195947
2.2066555541759365e+18,J222602.1+653146
2.621591721867703e+18,J222852.6-075346
2.6541159673071846e+18,J223045.0-000538
6.621415775889323e+18,J223546.2-260301
2.0068888255923973e+18,J223653.9+565421
2.279558908873812e+18,J223839.8+751419
2.2010915786671404e+18,J223920.8+611626
2.704731018723593e+18,J224022.8+032450
2.002285891954662e+18,J224215.3+530917
1.929191630241425e+18,J224506.0+394016
1.9291894655792748e+18,J224548.7+394116
2.649666033298793e+18,J224645.2-021816
2.704983601455817e+18,J224729.8+034558
2.7320370464024924e+18,J224749.5+134248
2.609955555950762e+18,J225257.6-084140
1.886254120627587e+18,J225338.6+295712
2.207263511087889e+18,J225354.0+623548
2.2072778777579564e+18,J225355.0+624337
2.2070064315248937e+18,J225643.5+620729
6.553947165427871e+18,J225710.6-362744
2.816788197241265e+18,J230157.3+155550
2.713766186805709e+18,J230240.2+083610
2.008712503061265e+18,J230241.2+551312
2.0087129153769152e+18,J230250.3+551420
2.013347597404028e+18,J230251.8+590233
2.8147616255114665e+18,J230456.6+121922
2.659180764541833e+18,J231132.4+033927
6.49223672742661e+18,J231518.9-591028
6.492262295366843e+18,J231546.7-590315
2.844139785934081e+18,J231600.6+253324
2.659277212327219e+18,J231635.2+040518
1.9366637738253875e+18,J231830.9+425541
2.870437424009861e+18,J231836.9+304836
2.645245313652705e+18,J231943.8+003504
2.6452408125269944e+18,J232007.5+002944
2.8251287445560914e+18,J232207.1+194423
2.0104788684835407e+18,J232322.7+585249
2.81387974417176e+18,J232424.7+144254
2.813881152921035e+18,J232428.4+144323
2.645322928006139e+18,J232546.5+001749
2.644562860529296e+18,J232741.5+001707
2.644585464942344e+18,J232801.4+001705
2.839788296867731e+18,J232802.7+233657
2.6445874234474435e+18,J232817.6+001946
2.644524064089754e+18,J233023.4+000811
2.824755705173405e+18,J233209.7+194517
2.6444098222545623e+18,J233228.2+000032
2.6458924750293903e+18,J233722.0+002239
1.9185762577928187e+18,J233901.2+362108
2.4406606238864056e+18,J233938.7-053305
2.435833222379739e+18,J234053.0-090314
6.533674954150524e+18,J234443.9-424312
1.945016660584494e+18,J234704.8+514218
2.3282947961353047e+18,J234738.6-280500
2.435909569718465e+18,J234807.1-091202
2.6431815947525115e+18,J234812.8+010022
2.643186679993864e+18,J234820.8+010024
2.8672126251251835e+18,J235456.4+292832
2.449783654115282e+18,J235653.8-010731
2.312885248045684e+18,J235700.7-344533
2.738473415672342e+18,J235718.3+004350
2.7382676695591004e+18,J235833.2+003453
6.488149125448221e+18,J235904.2-605459
2.335101047989043e+18,J235939.7-250056
2.312679982969581e+18,J235942.1-345953
