name,ra,dec,PU_X,significance,F_s,e_Fcsc_s,F_m,e_Fcsc_m,F_h,e_Fcsc_h,flux_aper90_ave_b,e_flux_aper90_ave_b,P_intra,P_inter,CSC_flags,EDR3Name_gaia,RA_pmcor_gaia,DEC_pmcor_gaia,G,e_Gmag,BP,e_BPmag,RP,e_RPmag,Plx_gaia,e_Plx_gaia,PM_gaia,rgeo,b_rgeo,B_rgeo,rpgeo,b_rpgeo,B_rpgeo,cp_flag_gaia,_2MASS_2mass,J,e_Jmag,H,e_Hmag,K,e_Kmag,cp_flag_2mass,Name_catwise,W1mag_catwise,e_W1mag_catwise,W2mag_catwise,e_W2mag_catwise,cp_flag_catwise,objID_unwise,W1mag_unwise,e_W1mag_unwise,W2mag_unwise,e_W2mag_unwise,cp_flag_unwise,AllWISE_allwise,W1mag_allwise,e_W1mag_allwise,W2mag_allwise,e_W2mag_allwise,W3,e_W3mag,W4mag,e_W4mag,cp_flag_allwise,Class,cp_flag_wise12,which_wise12,W1,e_W1mag,W2,e_W2mag
2CXO J001826.4+300400,4.610041666666666,30.066713888888888,0.91,2.1,1.0962819038952774e-15,7.074500649077534e-16,3.585718096104722e-16,3.0965500148290812e-16,1.3141595769121609e-15,1.1349000019980657e-15,2.7690132904179103e-15,1.3727235077817286e-15,0.838,,,Gaia EDR3 2860586826320959232,,,13.776108,0.002773,14.08312,0.003094,13.298964,0.003933,0.8811,0.0171,6.623,1090.34424,1071.46948,1109.24902,1081.56689,1064.83386,1099.73547,0,00182643+3004000,12.8,0.025,12.559,0.023,12.425,0.021,0,J001826.42+300400.1,12.168,0.011,12.25,0.009,0,0052p302o0009696,12.287870706945991,-0.0017995810932823,12.301067407287436,-0.0043874467831788,0,J001826.43+300400.0,12.206,0.023,12.275,0.025,12.267,,9.047,,0,LM-STAR,0.0,allwise,12.206,0.023,12.275,0.025
2CXO J012930.7-522857,22.378125,-52.482625,0.83,6.95,2.7127978845608032e-14,4.1250013743055605e-15,3.0735628888181787e-15,1.4907254882672505e-15,9.933662781995677e-16,7.504987923614132e-16,3.1194908012625786e-14,4.449848003778144e-15,0.258,,,Gaia EDR3 4916088153336371840,,,9.182323,0.002773,9.481826,0.002936,8.711549,0.003844,12.2501,0.0119,27.039,81.5338211,81.4537888,81.5988998,81.534584,81.4485779,81.6276169,0,01293076-5228578,8.235,0.026,8.022,0.038,7.907,0.033,0,J012930.78-522857.4,7.876,0.013,7.879,0.008,0,0221m531o0025536,7.951838719415358,-0.0006376624640133,7.859622126825236,-0.0013536546440165,0,J012930.78-522857.5,7.801,0.025,7.864,0.02,7.837,0.018,8.015,0.158,0,LM-STAR,0.0,allwise,7.801,0.025,7.864,0.02
2CXO J013343.4+304630,23.430875,30.775158333333334,0.72,17.69,8.655547052589571e-15,3.5864211770171367e-16,7.3232322355723015e-16,8.136645260289744e-17,3.5358711189897676e-16,1.188302786420467e-16,9.741457388045778e-15,3.864780761193264e-16,0.99,1.0,extent|conf,Gaia EDR3 303384605619347584,,,11.049489,0.002776,11.438964,0.002861,10.486376,0.00382,5.1953,0.0768,47.814,190.561584,187.164627,193.339432,191.083801,188.372559,193.736526,0,01334337+3046307,9.766,0.021,9.425,0.019,9.317,0.015,0,J013343.43+304630.6,9.331,0.011,9.353,0.008,0,0226p302o0021736,9.333778434698452,-0.0004063649313227,9.345432368632032,-0.0008546738190755,0,J013343.42+304630.6,9.316,0.023,9.35,0.02,9.612,0.044,9.105,,0,LM-STAR,0.0,allwise,9.316,0.023,9.35,0.02
2CXO J015751.4+375305,29.46425,37.88483333333333,0.72,56.16,1.673e-13,3.900000000000001e-15,4.289e-14,1.57e-15,4.795e-14,3.189999999999997e-15,2.5814e-13,5.277404665173971e-15,1.0,,extent,Gaia EDR3 342918130308817024,,,11.521194,0.003065,11.993964,0.005638,10.889233,0.005225,7.823,0.0203,26.424,127.272736,126.976486,127.585312,127.160614,126.870735,127.489029,0,01575141+3753055,10.109,0.021,9.699,0.021,9.57,0.019,0,J015751.44+375305.3,9.545,0.012,9.567,0.009,0,0303p378o0015102,9.541605341328308,-0.0004483618280055,9.560693284861433,-0.0009592709170268,0,J015751.41+375304.9,9.404,0.022,9.415,0.02,9.425,0.031,8.828,,0,LM-STAR,0.0,allwise,9.404,0.022,9.415,0.02
2CXO J025702.8-232229,44.26170833333333,-23.37498888888889,0.8,2.91,3.1598128923165045e-15,9.37231783774221e-16,4.706202723653126e-16,2.549793226599969e-16,1.0573449535336224e-15,1.0116049049775098e-15,4.6877781182154406e-15,1.4024130473135637e-15,0.812,,,Gaia EDR3 5078124590671536896,,,9.618879,0.002759,10.061511,0.002817,9.007094,0.003788,1.3664,0.0137,4.868,719.726013,713.101929,726.790649,721.102356,714.127808,729.126648,0,,,,,,,,-4,J025702.77-232230.5,7.72,0.013,7.75,0.009,0,0439m228o0002256,7.810970251751383,-0.0006061164918047,7.73509419578976,-0.0013164023833114,0,J025702.77-232230.5,7.636,0.028,7.717,0.021,7.661,0.018,7.59,0.1,0,LM-STAR,0.0,allwise,7.636,0.028,7.717,0.021
2CXO J041247.4+103625,63.19766666666666,10.606977777777775,0.71,35.79,1.9320687267261578e-13,6.671476186433194e-15,3.228090901047581e-14,2.177909691077077e-15,9.52869941193069e-15,1.9622098010989665e-15,2.3501648109502226e-13,7.287122369780921e-15,0.667,0.852,extent,Gaia EDR3 3300571286238273536,,,9.058041,0.002802,9.352952,0.003159,8.594964,0.003968,8.7615,0.0689,51.329,114.00013,112.890427,114.749481,113.694412,112.941116,114.61422,0,04124744+1036252,8.124,0.034,7.811,0.016,7.774,0.021,0,J041247.46+103624.6,7.775,0.014,7.77,0.009,0,0630p106o0013059,7.866600902900375,-0.0006497432075349,7.751660389166791,-0.0014049940821285,0,J041247.45+103624.9,7.727,0.031,7.764,0.02,7.746,0.021,7.711,0.185,0,LM-STAR,0.0,allwise,7.727,0.031,7.764,0.02
2CXO J052247.8+332206,80.69920833333332,33.36846666666667,0.86,7.59,1.5504633425684169e-15,2.0326783844635367e-16,1.4713444611288636e-16,5.2381779808915e-17,3.7590788451888524e-16,1.6151021075137364e-16,2.073505673200189e-15,2.648531917488549e-16,0.949,0.514,conf,Gaia EDR3 181173265420842880,,,12.281682,0.002775,12.714225,0.002909,11.678173,0.00382,1.0484,0.0183,8.102,933.040588,918.392456,950.356873,937.041626,920.894836,953.409302,0,05224780+3322070,10.921,0.022,10.582,0.021,10.494,0.018,0,J052247.80+332206.8,10.397,0.012,10.424,0.009,0,0809p333o0023996,10.435880767631518,-0.0007145983310227,10.416576903682763,-0.0015364030555752,0,J052247.80+332206.8,10.392,0.023,10.391,0.02,10.363,0.138,7.529,,0,LM-STAR,0.0,allwise,10.392,0.023,10.391,0.02
2CXO J053521.7-045312,83.84058333333331,-4.886708333333333,0.72,37.55,1.577e-13,5.699999999999991e-15,6.423435962466352e-14,2.985548808607653e-15,8.826000000000003e-14,6.769999999999999e-15,3.101943596246636e-13,9.340042916848855e-15,1.0,,,Gaia EDR3 3209571512034873472,,,11.723625,0.003239,12.107361,0.005872,11.152541,0.005435,2.5613,0.0192,2.143,385.917023,383.465332,388.271606,385.058594,382.580475,388.726532,0,05352174-0453118,10.513,0.023,10.097,0.03,10.007,0.019,0,J053521.75-045311.9,9.805,0.013,9.996,0.015,0,0835m046o0003671,9.979620977283378,-0.0006587997459919,10.002806991271932,-0.0015336745604926,0,J053521.74-045311.9,9.81,0.024,9.989,0.03,8.376,,3.199,0.089,0,LM-STAR,0.0,allwise,9.81,0.024,9.989,0.03
2CXO J054228.1-405557,85.61741666666666,-40.93261388888889,0.96,6.2,7.15839250496694e-15,1.3278535881884805e-15,6.719e-16,3.0240000000000004e-16,7.978845608028655e-18,6.028102749890869e-18,7.838271350574969e-15,1.3618653566662845e-15,,,,Gaia EDR3 4804723327843275264,,,10.032905,0.002771,10.402496,0.002888,9.501019,0.003801,8.2153,0.0141,21.25,121.518913,121.328194,121.701912,121.536682,121.377892,121.767685,0,05422820-4055575,8.896,0.026,8.574,0.026,8.512,0.022,0,J054228.23-405557.2,8.455,0.012,8.485,0.009,0,0850m409o0016763,8.448919355271107,-0.0002569022914508,8.477717362710907,-0.0005374471262959,0,J054228.22-405557.3,8.429,0.023,8.481,0.019,8.424,0.022,8.643,0.256,0,LM-STAR,0.0,allwise,8.429,0.023,8.481,0.019
2CXO J055204.8+323318,88.02029166666667,32.555138888888884,0.78,7.05,1.125568642251966e-15,1.9242786650881816e-16,2.008357562334744e-16,6.677492805918335e-17,7.978845608028655e-18,6.028102749890869e-18,1.3343832440934693e-15,2.0377368046243823e-16,,,,Gaia EDR3 3451181667460701440,,,11.056339,0.002764,11.680222,0.002855,10.296707,0.003808,0.6586,0.0181,5.969,1472.59753,1429.75867,1508.35217,1447.82739,1415.68787,1482.23242,0,05520488+3233182,9.304,0.026,8.77,0.034,8.621,0.021,0,J055204.89+323318.1,8.255,0.009,8.468,0.007,0,0882p318o0047107,8.525853224428976,-0.0002759347082258,8.578360217465104,-0.0005856931394018,2,J055204.89+323318.1,8.481,0.023,8.551,0.02,8.493,0.026,8.059,0.236,0,LM-STAR,0.0,allwise,8.481,0.023,8.551,0.02
2CXO J055209.1+323239,88.03795833333334,32.5443,0.72,11.26,2.1984832888394345e-15,2.4749362518307997e-16,2.839738549138241e-16,6.904823470579576e-17,4.662477430917539e-16,1.597844722846066e-16,2.948704886845013e-15,3.025753307946961e-16,0.99,0.509,,Gaia EDR3 3451181422643193984,,,11.145911,0.002772,11.794585,0.002852,10.370798,0.003806,0.6369,0.0217,5.765,1497.24915,1439.42712,1550.50134,1507.17859,1456.01794,1559.31885,0,05520912+3232393,9.29,0.024,8.791,0.044,8.641,0.023,0,J055209.12+323239.2,8.54,0.017,8.601,0.012,0,0882p318o0046782,8.549459271378138,-0.0002791520662183,8.594602764143838,-0.0005905370364867,2,J055209.12+323239.3,8.525,0.023,8.588,0.02,8.524,0.031,8.614,0.444,0,LM-STAR,0.0,allwise,8.525,0.023,8.588,0.02
2CXO J055216.5+323446,88.06887499999999,32.57946944444445,0.72,6.97,9.430794515545865e-16,1.7019396184681847e-16,1.2993917699959363e-16,5.605211473720411e-17,2.374504452949327e-16,1.7939633783675228e-16,1.3104690738491128e-15,2.535564439032602e-16,0.308,,,Gaia EDR3 3451182144197691904,,,10.677338,0.002761,11.327898,0.002837,9.900391,0.003807,0.7036,0.0146,5.826,1359.12024,1332.73694,1387.35034,1350.83447,1320.60852,1372.78052,0,05521653+3234459,8.843,0.018,8.322,0.02,8.173,0.021,0,J055216.54+323445.7,8.056,0.012,8.12,0.008,0,0881p333o0001396,8.092308051138247,-0.0008871483963332,8.11026478604876,-0.000465410798379,2,J055216.54+323445.7,8.025,0.023,8.11,0.019,8.061,0.023,7.637,0.18,0,LM-STAR,0.0,allwise,8.025,0.023,8.11,0.019
2CXO J061523.3+122232,93.84745833333332,12.375655555555555,0.74,18.42,2.779e-13,1.99e-14,8.802797884560805e-14,8.495000667335041e-15,5.023e-14,1.182e-14,4.16157978845608e-13,2.4655373376568902e-14,0.995,,,Gaia EDR3 3332030783514781824,,,11.132376,0.002955,11.537594,0.004613,10.546567,0.004551,5.1983,0.0353,18.208,191.25856,189.959793,192.583572,190.87059,189.651611,192.236481,0,06152338+1222320,9.864,0.021,9.425,0.022,9.302,0.019,0,J061523.38+122231.7,9.133,0.009,9.238,0.008,0,0942p121o0032108,9.234289085064036,-0.0003835094387395,9.25393797331012,-0.0008153567851719,0,J061523.38+122231.8,9.233,0.023,9.261,0.02,9.2,0.039,8.292,,0,LM-STAR,0.0,allwise,9.233,0.023,9.261,0.02
2CXO J064457.7+001840,101.24045833333332,0.3111777777777778,0.74,7.92,3.2342867007072802e-15,5.729456090043876e-16,9.22973031873729e-16,2.236406994578172e-16,3.0293832513283723e-16,2.1524076628625268e-16,4.460198057713846e-15,6.51621378411485e-16,0.413,0.996,,Gaia EDR3 3125524602694426624,,,11.042486,0.002787,11.583229,0.00325,10.347233,0.003987,1.0337,0.0292,5.201,941.171448,921.027161,966.310181,955.575134,929.420227,975.88855,0,06445773+0018404,9.478,0.024,8.982,0.025,8.872,0.026,0,J064457.72+001840.2,8.78,0.014,8.848,0.009,0,1013p000o0033306,8.777588352707674,-0.0003073295166125,8.838879253237486,-0.000660399017761,0,J064457.73+001840.2,8.76,0.023,8.838,0.019,8.725,0.045,8.79,0.48,0,LM-STAR,0.0,allwise,8.76,0.023,8.838,0.019
2CXO J085002.4-454141,132.51020833333334,-45.69490833333333,0.75,28.45,1.7627978845608034e-13,8.650065537455564e-15,5.242e-14,3.2499999999999988e-15,8.547999999999999e-14,8.499999999999995e-15,3.141797884560803e-13,1.25553229270408e-14,1.0,,extent,Gaia EDR3 5329921240299992704,,,9.325249,0.002804,9.686735,0.003321,8.79442,0.003917,14.1108,0.0169,22.067,70.7958298,70.7200928,70.8771515,70.8152847,70.7310104,70.8990479,0,08500248-4541414,8.222,0.027,7.892,0.033,7.768,0.021,0,J085002.44-454141.7,7.805,0.013,7.799,0.008,0,1320m455o0017317,7.827596485761212,-0.0006353771533477,7.743569583071377,-0.0012996255653675,0,J085002.45-454141.7,7.719,0.026,7.798,0.02,7.668,0.019,7.164,0.083,0,LM-STAR,0.0,allwise,7.719,0.026,7.798,0.02
2CXO J085136.0+114633,132.9000833333333,11.77585277777778,0.93,5.38,5.735e-15,1.1950000000000005e-15,9.81139365368241e-16,3.839500132884755e-16,6.299298607538623e-16,4.759187121038841e-16,7.346069226122103e-15,1.3423640464623748e-15,0.272,,,Gaia EDR3 604916559907415040,,,12.513201,0.002788,12.871524,0.003202,11.988874,0.003933,1.1464,0.0155,11.402,853.725464,842.812988,864.711548,851.913757,838.951355,865.025452,0,08513600+1146335,11.38,0.021,11.075,0.022,11.0,0.018,0,J085136.00+114633.5,10.953,0.014,10.982,0.009,0,1328p121o0007325,10.945503652766796,-0.0008850731187207,10.97400882145953,-0.0020094799425033,0,J085136.00+114633.5,10.94,0.022,11.003,0.022,11.061,0.146,8.299,,0,LM-STAR,0.0,allwise,10.94,0.022,11.003,0.022
2CXO J085848.6-450311,134.70283333333333,-45.053244444444445,0.74,13.04,2.3136275007095622e-14,1.9554899963556414e-15,2.668680386689492e-15,5.981368748444634e-16,6.386191538243211e-16,5.055000179434581e-16,2.6443574547609443e-14,2.1064755196860285e-15,0.424,,,,,,,,,,,,,,,,,,,,,-8,08584869-4503117,8.979,0.027,8.592,0.04,8.484,0.021,0,,,,,,-8,,,,,,-4,J085848.61-450311.3,8.473,0.023,8.541,0.02,8.44,0.032,8.363,0.258,0,LM-STAR,0.0,allwise,8.473,0.023,8.541,0.02
2CXO J102741.3+003003,156.92241666666663,0.5010166666666667,0.72,11.11,5.3417978845608036e-14,5.195001091243655e-15,6.654413659358911e-15,1.859810969346637e-15,2.572379824028438e-15,1.9434603265648162e-15,6.264477232899538e-14,5.850125744003821e-15,0.949,,,Gaia EDR3 3855170410190523008,,,10.591574,0.002843,10.928614,0.00355,10.090476,0.004134,6.4517,0.0177,26.632,154.183014,153.794876,154.552109,154.271637,153.856735,154.684753,0,10274137+0030041,9.536,0.024,9.23,0.026,9.132,0.021,0,J102741.37+003003.7,9.106,0.013,9.117,0.008,0,1573p000o0019378,9.102878557659285,-0.0003557259855889,9.111104643951773,-0.0007533629468179,0,J102741.37+003003.8,9.091,0.023,9.108,0.02,9.046,0.038,8.277,,0,LM-STAR,0.0,allwise,9.091,0.023,9.108,0.02
2CXO J110435.9-584520,166.14966666666663,-58.75575833333333,0.92,9.37,5.1646909638854765e-15,6.946509123587851e-16,1.6710000000000001e-15,3.1200000000000004e-16,4.242371350574968e-15,1.3957665054275721e-15,1.1078062314460444e-14,1.5899836564299612e-15,0.997,,,Gaia EDR3 5338656654063486464,,,7.413162,0.002759,7.89957,0.002836,6.762435,0.003808,2.3306,0.0352,11.463,428.878082,422.663544,434.970337,427.256104,421.592987,433.041016,0,11043596-5845209,6.006,0.032,5.548,0.042,5.381,0.018,0,,,,,,-4,1670m591o0037296,5.520058352738252,-0.0003037133845824,5.215021918403021,-0.0006734751436703,0,J110435.99-584520.8,5.362,0.186,5.259,0.044,5.357,0.015,5.362,0.036,0,LM-STAR,0.0,allwise,5.362,0.186,5.259,0.044
2CXO J122114.1+043650,185.30916666666664,4.614044444444444,0.74,12.11,5.063531157230223e-14,1.1261935151629224e-14,4.7162021154391975e-15,2.8585000198321203e-15,7.978845608028655e-18,6.028102749890869e-18,5.5359492533349445e-14,1.161904652116106e-14,,,conf,Gaia EDR3 3894104121225894912,,,10.146322,0.002791,10.474771,0.003088,9.648152,0.003892,7.8399,0.0287,27.214,127.263924,126.793274,127.770859,126.965401,126.471115,127.494904,0,12211424+0436505,9.087,0.023,8.761,0.023,8.667,0.022,0,J122114.21+043650.4,8.663,0.012,8.674,0.008,0,1853p045o0012049,8.669764369087147,-0.0002901655051834,8.674053644756537,-0.0006074438367475,0,J122114.21+043650.3,8.636,0.022,8.658,0.02,8.641,0.027,8.951,0.502,0,LM-STAR,0.0,allwise,8.636,0.022,8.658,0.02
2CXO J124136.7+071856,190.40329166666663,7.315611111111111,0.73,5.65,2.838467694054308e-14,5.511053450594503e-15,2.955202115439197e-15,1.7915000316439372e-15,6.1690105771959856e-15,4.689500302218318e-15,3.750888963317827e-14,7.454702917165479e-15,0.289,,,Gaia EDR3 3710092054224966912,,,10.477314,0.002769,10.774766,0.002886,10.011429,0.003824,3.1493,0.0175,40.266,314.553864,312.805511,316.257019,314.343536,312.828522,316.006287,0,12413679+0718559,9.535,0.024,9.24,0.023,9.167,0.021,0,J124136.77+071856.4,9.148,0.013,9.167,0.009,0,1906p075o0006892,9.149111956692904,-0.000365875432594,9.167374570283917,-0.0007791540083129,0,J124136.77+071856.3,9.118,0.023,9.155,0.021,9.15,0.035,8.425,0.341,0,LM-STAR,0.0,allwise,9.118,0.023,9.155,0.021
2CXO J125345.6-392653,193.4402083333333,-39.44806666666666,0.78,11.75,8.263914233716645e-14,8.901857203661356e-15,1.71e-14,3.4200000000000004e-15,1.4246808461756793e-14,5.342000169794422e-15,1.1398595079892325e-13,1.0930527319780195e-14,1.0,,,Gaia EDR3 6140610989015337216,,,9.089095,0.002798,9.529098,0.003306,8.47483,0.004001,6.4352,0.021,27.49,154.826248,154.4048,155.371704,154.741714,154.288223,155.169846,0,12534566-3926530,7.734,0.029,7.292,0.04,7.186,0.021,0,J125345.64-392653.3,7.445,0.016,7.207,0.008,0,1935m394o0017243,7.32053578405405,-0.000602392384355,7.152509080198673,-0.0011972977920552,0,J125345.64-392653.1,7.094,0.048,7.19,0.02,7.146,0.016,7.109,0.081,0,LM-STAR,0.0,allwise,7.094,0.048,7.19,0.02
2CXO J130955.3+573404,197.4805833333333,57.56779166666667,0.88,3.76,1.543e-14,4.230000000000001e-15,7.978845608028655e-18,6.028102749890869e-18,7.978845608028655e-18,6.028102749890869e-18,1.5445957691216055e-14,4.230008590540395e-15,,,,Gaia EDR3 1566469753622758016,,,9.045395,0.00276,9.360166,0.002823,8.562222,0.003789,12.7432,0.012,55.06,78.353157,78.2806396,78.4181824,78.350502,78.2750473,78.4174423,0,13095537+5734040,8.05,0.019,7.767,0.021,7.718,0.016,0,J130955.29+573403.3,7.723,0.013,7.716,0.008,0,1966p575o0015296,7.849897639100991,-0.0006473144091207,7.686913416561063,-0.0013604245423455,0,J130955.30+573403.5,7.628,0.029,7.7,0.02,7.69,0.018,7.763,0.138,0,LM-STAR,0.0,allwise,7.628,0.029,7.7,0.02
2CXO J131215.7-624250,198.06574999999995,-62.71398055555556,0.72,6.94,2.48e-15,4.4599999999999995e-16,8.638508854122781e-16,2.328519017086228e-16,7.978845608028655e-18,6.028102749890869e-18,3.351829731020307e-15,5.031623457216222e-16,,,,Gaia EDR3 5862501961030047232,,,8.282829,0.002759,8.871663,0.002815,7.537507,0.003787,2.4175,0.018,7.314,411.338562,408.49118,414.19632,410.21933,407.581116,413.229248,0,13121578-6242504,6.573,0.021,6.17,0.057,5.956,0.024,0,,,,,,-8,,,,,,-8,,,,,,,,,,-8,LM-STAR,,,,,,
2CXO J172354.0+592047,260.97508333333326,59.34651111111111,0.91,4.0,7.502253852703658e-15,1.9904101776462827e-15,3.1141434408135843e-16,2.352768503282406e-16,1.3093285642775022e-15,9.892116612570917e-16,9.122996761062518e-15,2.2350900613499447e-15,0.905,,,Gaia EDR3 1434094871534406400,,,9.413455,0.002775,9.857333,0.002945,8.792225,0.003806,2.4183,0.0166,21.974,410.698547,407.920868,413.581024,411.277954,408.935516,413.813293,0,17235398+5920478,8.038,0.018,7.629,0.021,7.506,0.026,0,J172353.97+592047.4,7.495,0.013,7.53,0.008,0,2620p590o0026659,7.630385307567208,-0.0005574907294605,7.476425346944914,-0.0012353453950758,0,J172353.98+592047.5,7.684,,7.514,0.02,7.457,0.017,7.389,0.089,0,LM-STAR,0.0,allwise,7.684,,7.514,0.02
2CXO J184134.4-035234,280.39354166666664,-3.876291666666667,0.72,12.89,1.0902552311622196e-13,1.0462809197820861e-14,1.9737978845608022e-14,3.585001581313844e-15,6.65e-15,3.8e-15,1.3541350196183e-13,1.1694554828980347e-14,0.707,,,Gaia EDR3 4258456195656673280,,,9.468484,0.002842,9.78727,0.003587,8.97228,0.00402,7.2467,0.1254,10.451,137.194641,134.838364,139.961716,137.254074,135.098816,139.310608,0,18413443-0352343,8.445,0.023,8.175,0.038,8.063,0.029,0,J184134.45-035234.6,7.743,0.009,7.93,0.008,0,2810m046o0219295,,,7.9902828804752275,-0.0004568895421452,0,J184134.44-035234.6,7.932,0.024,7.984,0.021,8.272,0.049,7.522,,0,LM-STAR,0.0,allwise,7.932,0.024,7.984,0.021
2CXO J192530.1+424840,291.37545833333337,42.811275,0.74,5.17,5.304967119696574e-15,1.223789138700231e-15,1.4235102325813449e-15,6.576950145942308e-16,7.978845608028655e-18,6.028102749890869e-18,6.736456197885947e-15,1.3893375854145465e-15,,,,Gaia EDR3 2125984111169728384,,,13.002396,0.002827,13.318193,0.003337,12.520528,0.004286,1.0101,0.0141,7.629,970.567627,958.168823,984.830688,967.963867,955.851562,981.418152,0,19253010+4248407,11.977,0.021,11.728,0.018,11.653,0.018,0,J192530.10+424840.7,11.572,0.012,11.619,0.009,0,2912p424o0037406,11.585795646472326,-0.0011977607057117,11.602166472011197,-0.0026425662031209,0,J192530.11+424840.9,11.499,0.023,11.556,0.022,11.433,0.121,8.629,,0,LM-STAR,0.0,allwise,11.499,0.023,11.556,0.022
2CXO J195221.4+292453,298.08954166666666,29.41473055555556,0.82,2.91,1.4512393653682409e-15,8.10850006292299e-16,1.1003453670711916e-15,5.62546228389406e-16,7.978845608028655e-18,6.028102749890869e-18,2.559563578047461e-15,9.869003646782838e-16,,,,Gaia EDR3 2028837998279130752,,,10.418145,0.002777,11.19944,0.003579,9.404465,0.003842,0.7807,0.0215,4.57,1221.49829,1191.20593,1258.9613,1227.94165,1199.4436,1256.38184,2,19522146+2924530,7.996,0.019,7.334,0.018,7.164,0.021,0,J195221.47+292453.0,7.101,0.016,7.105,0.009,0,2982p287o0050490,7.108799388203096,-0.0005853854865541,7.0356174311341135,-0.001234831728444,0,J195221.47+292453.0,6.968,0.053,7.091,0.021,6.997,0.017,6.846,0.081,0,LM-STAR,0.0,allwise,6.968,0.053,7.091,0.021
2CXO J203137.2+412335,307.9052499999999,41.39331388888889,0.72,12.35,3.37206432377727e-14,2.0954777448746266e-15,6.666353964502269e-15,6.804316425561415e-16,4.835086676042845e-15,1.1616770767272357e-15,4.5222083878317813e-14,2.4906842092184306e-15,0.799,0.986,extent|conf,Gaia EDR3 2067841352176487040,,,12.95308,0.003854,13.199619,0.006021,12.158849,0.005516,2.9341,0.0778,6.064,338.419739,328.717529,347.432251,342.129822,332.834778,352.733459,0,20313727+4123356,11.351,0.024,10.93,0.018,10.842,0.014,0,J203137.27+412335.6,10.604,0.01,10.846,0.008,0,3085p408o0037701,10.792557667000466,-0.0008105202233333,10.8089832296887,-0.0016989215683913,0,J203137.27+412335.7,10.797,0.023,10.874,0.023,10.712,,8.18,,0,LM-STAR,0.0,allwise,10.797,0.023,10.874,0.023
2CXO J203151.3+412323,307.963875,41.38983888888889,0.72,22.78,3.5650774767153224e-14,1.6971871159134698e-15,1.436408185139446e-14,7.938358121329065e-16,9.475110579673791e-15,1.2009459905658869e-15,5.948996719822149e-14,2.2255090822784057e-15,1.0,1.0,extent,Gaia EDR3 2067829463705720704,,,12.585238,0.00294,12.942177,0.004526,12.058865,0.004716,2.8623,0.01,6.533,347.319153,346.338257,348.458252,347.169708,346.067535,348.150024,0,20315131+4123233,11.439,0.02,11.118,0.018,11.025,0.017,0,J203151.32+412323.4,10.993,0.011,11.048,0.008,0,3085p408o0037593,10.981606437380965,-0.0009075970956585,10.984618661052757,-0.0019067816314445,0,J203151.30+412323.5,10.918,0.023,10.971,0.022,10.806,0.232,7.064,,0,LM-STAR,0.0,allwise,10.918,0.023,10.971,0.022
2CXO J213617.3-542552,324.0722916666666,-54.4313,0.86,12.97,5.081430710004144e-14,3.3070177153991848e-15,4.808656103025761e-15,8.062103405692569e-16,2.2945528192809786e-15,1.2907554158421224e-15,5.791751602234816e-14,3.640383335135273e-15,0.957,0.903,,Gaia EDR3 6461866502576829056,,,9.102469,0.002787,9.405927,0.003081,8.627873,0.003905,12.9236,0.0152,42.04,77.2562027,77.168045,77.344841,77.2375412,77.1364212,77.3186264,0,21361736-5425527,8.138,0.02,7.853,0.04,7.799,0.024,0,J213617.41-542552.8,7.813,0.013,7.78,0.008,0,3242m546o0015962,7.884962398815437,-0.0006222671257374,7.774586035105468,-0.0003884366387266,0,J213617.40-542552.7,7.713,0.029,7.77,0.02,7.75,0.02,7.888,0.204,0,LM-STAR,0.0,allwise,7.713,0.029,7.77,0.02
2CXO J215458.3+165527,328.7432916666666,16.92436111111111,0.95,3.62,3.5348784226795636e-16,1.1542193179773858e-16,1.7072021154391972e-16,1.707500033200652e-16,1.487256821336541e-15,1.123638352579658e-15,2.011464875148417e-15,1.1423838817847754e-15,,,,Gaia EDR3 1772913743325552512,,,11.706731,0.002765,12.047321,0.002836,11.186709,0.003795,3.1365,0.0225,11.924,314.240387,312.118134,316.187103,314.477753,312.435303,316.52182,0,21545836+1655279,10.583,0.023,10.256,0.023,10.193,0.016,0,J215458.38+165527.9,10.165,0.012,10.186,0.009,0,3285p166o0021847,10.163446597651117,-0.0006056373058907,10.17805021464944,-0.0013053076110012,0,J215458.36+165527.7,10.077,0.023,10.096,0.021,10.046,0.053,9.029,,0,LM-STAR,0.0,allwise,10.077,0.023,10.096,0.021
2CXO J221649.5+001510,334.2065833333333,0.2528694444444444,0.79,5.5,1.714e-14,3.51e-15,1.7338776730168837e-15,1.118450061330445e-15,1.220763378028384e-15,9.22299720733303e-16,2.0094641051045268e-14,3.797587038443596e-15,0.151,,,,,,,,,,,,,,,,,,,,,-4,22164956+0015102,8.813,0.056,8.476,0.046,8.422,0.024,0,,,,,,-4,,,,,,-4,J221649.62+001510.3,8.355,0.022,8.383,0.02,8.386,0.024,8.198,,0,LM-STAR,0.0,allwise,8.355,0.022,8.383,0.02
2CXO J225643.5+620729,344.1815833333333,62.12498055555555,0.8,10.81,8.267e-15,1.081e-15,3.235000000000001e-15,5.57e-16,5.521191538243211e-16,5.520000164319167e-16,1.2054119153824322e-14,1.3354826910674793e-15,0.423,,extent,Gaia EDR3 2207006431524893824,,,10.174694,0.002773,11.033817,0.002911,9.258059,0.003818,1.2977,0.0186,5.973,757.347046,748.535706,767.749023,756.044617,745.354736,765.989563,0,22564360+6207295,7.921,0.02,7.342,0.017,7.161,0.018,0,J225643.60+620729.4,7.144,0.015,7.09,0.008,0,3442p620o0023840,6.965797460019731,-0.0006985062819516,6.904597549068351,-0.0013012421113685,0,J225643.59+620729.5,6.916,0.055,7.071,0.02,6.067,0.017,4.862,0.049,0,LM-STAR,0.0,allwise,6.916,0.055,7.071,0.02
2CXO J231338.4+612847,348.410375,61.47977777777778,0.98,2.32,2.512538481968223e-16,1.8982495559406348e-16,7.978845608028655e-18,6.028102749890869e-18,6.069753278345922e-15,3.102009721320751e-15,6.328985972150773e-15,3.1078182319687704e-15,,,,,,,,,,,,,,,,,,,,,,-8,23133851+6128475,16.035,0.088,13.904,0.052,12.931,0.037,0,,,,,,-8,,,,,,-8,,,,,,,,,,-8,LM-STAR,,,,,,
