name,ra,dec,PU,significance,Fcsc_s,e_Fcsc_s,Fcsc_m,e_Fcsc_m,Fcsc_h,e_Fcsc_h,flux_aper90_ave_b,e_flux_aper90_ave_b,var_intra_prob,var_inter_prob,CSC_flags,DR3Name_gaia,RA_pmcor_gaia,DEC_pmcor_gaia,Gmag,e_Gmag,BPmag,e_BPmag,RPmag,e_RPmag,Plx,e_Plx,PM,rgeo,b_rgeo,B_rgeo,rpgeo,b_rpgeo,B_rpgeo,cp_flag_gaia,_2MASS_2mass,Jmag,e_Jmag,Hmag,e_Hmag,Kmag,e_Kmag,cp_flag_2mass,Name_catwise,W1mag_catwise,e_W1mag_catwise,W2mag_catwise,e_W2mag_catwise,cp_flag_catwise,objID_unwise,W1mag_unwise,e_W1mag_unwise,W2mag_unwise,e_W2mag_unwise,cp_flag_unwise,AllWISE_allwise,W1mag_allwise,e_W1mag_allwise,W2mag_allwise,e_W2mag_allwise,W3mag,e_W3mag,W4mag,e_W4mag,cp_flag_allwise,cp_flag_wise12,which_wise12,W1mag,e_W1mag,W2mag,e_W2mag
2CXO J111155.3-603652,167.98079166666665,-60.61453333333333,0.81,6.93,2.9582655786151108e-15,5.366015359638425e-16,1.775e-15,4.79e-16,2.1850000000000002e-15,1.15e-15,6.918265578615111e-15,1.3564225773698825e-15,0.818,,,Gaia DR3 5337639468360878848,,,13.445716,0.002784,13.617519,0.002859,13.149905,0.003838,0.6777,0.0227,7.514,,,,,,,0,11115540-6036521,12.74,0.026,12.587,0.033,12.582,0.033,0,J111155.35-603652.1,12.449,0.019,12.613,0.015,0,1680m606o0021378,12.544991562743167,-0.0024219727470035,12.520484233656742,-0.0054396772920665,0,,,,,,,,,,-8,0.0,catwise,12.449,0.019,12.613,0.015
2CXO J111153.8-603740,167.97454166666665,-60.62778055555555,0.86,3.03,6.31e-16,2.3660000000000004e-16,2.855860428764341e-16,2.0474006573445143e-16,4.268682400295329e-16,3.2250349711916155e-16,1.3434542829059673e-15,4.493401386155443e-16,0.485,,,Gaia DR3 5337639090360789248,,,20.027052,0.005837,21.424618,0.118543,18.746256,0.038081,-0.1556,0.4499,6.578,,,,,,,0,,,,,,,,-8,,,,,,-8,,,,,,-8,,,,,,,,,,-8,,,,,,
2CXO J111153.3-603620,167.97241666666667,-60.60561944444444,0.81,5.87,1.833e-15,4.2e-16,1.5912021154391972e-15,4.435001278243646e-16,1.7050154063077908e-15,8.936790357935037e-16,5.129217521746988e-15,1.082476134793296e-15,0.544,,,Gaia DR3 5337640258634867840,,,17.518976,0.003119,18.362621,0.026869,16.498278,0.011853,0.3686,0.0765,6.159,,,,,,,0,,,,,,,,-8,,,,,,-8,,,,,,-8,,,,,,,,,,-8,,,,,,
2CXO J111149.6-603751,167.9569583333333,-60.6311,0.76,4.54,9.739561740102713e-16,2.980056308400263e-16,1.0442018856961032e-15,3.4996351179007363e-16,4.074796452020233e-16,3.078552074369267e-16,2.4256377049083976e-15,5.532238645818129e-16,0.908,,,Gaia DR3 5337639846317976704,,,17.92013,0.003791,18.64865,0.139909,16.934132,0.021166,0.6636,0.1108,6.425,,,,,,,0,,,,,,,,-8,,,,,,-8,,,,,,-4,,,,,,,,,,-8,,,,,,
2CXO J111200.6-603716,168.00262499999997,-60.621272222222224,0.87,4.06,1.3040848473109793e-15,3.5167245784892955e-16,6.2342021154392005e-16,2.754500020580909e-16,4.54155892008991e-16,3.4311960852378833e-16,2.3816609508638906e-15,5.632737229774057e-16,0.451,,,Gaia DR3 5337639502720617600,,,15.931214,0.002949,16.413895,0.006063,15.275711,0.005041,0.6369,0.0329,7.084,,,,,,,0,11120060-6037164,14.532,0.034,14.006,0.022,13.999,0.049,0,,,,,,-8,1680m606o0114747,14.100306060511937,-0.0082055924494057,13.88505606483131,-0.0160932270854644,0,,,,,,,,,,-8,0.0,unwise,14.100306060511937,-0.0082055924494057,13.88505606483131,-0.0160932270854644
2CXO J111145.4-603709,167.9393333333333,-60.61922777777778,0.95,3.06,8.642e-16,2.778e-16,1.1952310720826923e-16,9.03009791933652e-17,5.056194461807758e-16,3.8200087126058443e-16,1.4893425533890452e-15,4.808864444826102e-16,0.568,,,Gaia DR3 5337639846317982720,,,16.885052,0.003026,17.44404,0.00772,16.182283,0.005837,0.667,0.0524,7.147,,,,,,,0,11114543-6037089,15.398,0.07,14.75,0.066,14.812,0.12,0,J111145.50-603710.0,14.472,0.008,14.808,0.024,0,,,,,,-4,,,,,,,,,,-8,0.0,catwise,14.472,0.008,14.808,0.024
2CXO J111201.0-603635,168.00449999999995,-60.60995277777778,1.0,4.67,6.586999999999999e-16,2.4699999999999997e-16,1.6789574614729635e-16,1.3734000594391746e-16,3.768202115439196e-15,1.2335000459587457e-15,4.594797861586492e-15,1.2654618289829616e-15,0.026,,,Gaia DR3 5337639502679834240,,,20.612553,0.012237,22.515633,0.097619,18.75967,0.058766,-0.4863,1.0041,5.861,,,,,,,2,,,,,,,,-8,,,,,,-8,,,,,,-8,,,,,,,,,,-8,,,,,,
2CXO J111203.7-603635,168.01579166666664,-60.60999722222223,1.04,4.49,1.3316061165744974e-15,3.589750587706338e-16,5.725e-16,2.785e-16,4.547941996576337e-16,3.4360185674377956e-16,2.3589003162321306e-15,5.696381121178189e-16,0.437,,,Gaia DR3 5337639537080370432,,,13.767904,0.002801,13.920761,0.002901,13.470708,0.00387,0.462,0.0271,6.338,,,,,,,0,11120374-6036360,13.071,0.023,12.957,0.022,12.852,0.024,0,,,,,,-8,1680m606o0021524,12.827640692961417,-0.0025847002580732,12.955505930299498,-0.0066879962125576,0,,,,,,,,,,-8,0.0,unwise,12.827640692961417,-0.0025847002580732,12.955505930299498,-0.0066879962125576
2CXO J111204.8-603707,168.02004166666666,-60.61869166666667,0.92,4.0,7.455404230878394e-16,2.68400008448601e-16,6.202104623244388e-16,2.6564425558254004e-16,6.538070823968585e-16,5.74397769382795e-16,2.019557967809137e-15,6.874141637551128e-16,0.999,,,Gaia DR3 5337639433958299392,,,16.885555,0.002939,17.41551,0.007725,16.18167,0.005077,0.5751,0.0522,7.14,,,,,,,0,,,,,,,,-8,,,,,,-8,,,,,,-8,,,,,,,,,,-8,,,,,,
2CXO J111158.5-603545,167.99404166666665,-60.595958333333336,0.87,7.17,2.413e-15,4.88e-16,2.686265578615111e-15,5.765944921682436e-16,3.4345628888181805e-15,1.481726857882259e-15,8.53382846743329e-15,1.6631655629456701e-15,0.971,,,Gaia DR3 5337639601460706176,,,16.758968,0.003124,17.380487,0.009749,15.996933,0.006588,0.4891,0.051,6.309,,,,,,,0,,,,,,,,-8,,,,,,-8,,,,,,-8,,,,,,,,,,-8,,,,,,
2CXO J111203.4-603615,168.01441666666665,-60.60430277777778,0.89,4.38,1.111680616432585e-15,3.2866359166648567e-16,9.120412510643442e-16,3.38213742079705e-16,8.568e-16,6.512e-16,2.880521867496929e-15,8.04033414615756e-16,0.045,,,Gaia DR3 5337639532746972800,,,19.111994,0.004804,20.47703,0.066779,17.888552,0.016495,0.5208,0.2089,6.207,,,,,,,0,11120353-6036157,15.961,0.096,15.115,0.085,14.761,0.131,0,,,,,,-8,,,,,,-8,,,,,,,,,,-8,,,,,,
2CXO J111157.9-603530,167.9915833333333,-60.59175555555556,1.4,3.52,7.089797884560808e-16,2.7155000208764924e-16,7.066595769121605e-16,2.984000075992108e-16,7.922195804211651e-16,5.985303220366644e-16,2.2078589457894058e-15,7.218175077998071e-16,0.224,,,Gaia DR3 5337639605809501952,,,16.712353,0.009615,16.709433,0.00644,15.476275,0.00437,-0.91,0.4748,9.686,,,,,,,0,11115796-6035302,14.491,0.041,14.108,0.055,14.061,0.085,0,,,,,,-4,,,,,,-4,,,,,,,,,,-8,,,,,,
2CXO J111139.6-603639,167.91520833333334,-60.61094166666667,1.03,3.87,9.944191538243212e-16,3.0870002938262973e-16,6.514e-16,2.878e-16,3.864154927968277e-16,2.919410161772148e-16,2.032234646621149e-15,5.1318038258240295e-16,0.312,,,Gaia DR3 5337639915037460480,,,17.403263,0.003122,18.15738,0.011581,16.49382,0.007654,0.6852,0.0739,7.493,,,,,,,0,11113966-6036392,15.247,0.06,14.574,0.052,14.37,0.085,0,,,,,,-8,,,,,,-8,,,,,,,,,,-8,,,,,,
2CXO J111159.5-603531,167.99824999999998,-60.59214166666667,0.94,5.7,1.655e-15,4.009999999999999e-16,1.2693191538243212e-15,4.008000226307833e-16,1.1698452521996449e-15,7.812678556000468e-16,4.0941644060239646e-15,9.653088212249652e-16,0.613,,,Gaia DR3 5337639635820450304,,,16.934208,0.003077,17.70909,0.012683,16.07519,0.006086,0.4679,0.0556,6.236,,,,,,,0,11115957-6035316,14.711,0.035,14.142,0.04,13.959,0.051,0,,,,,,-8,,,,,,-4,,,,,,,,,,-8,,,,,,
2CXO J111155.9-603852,167.98308333333333,-60.647958333333335,0.75,3.7,5.960870776217232e-16,2.387389080491391e-16,5.577e-16,2.6420000000000003e-16,4.661202115439197e-16,4.661500012161346e-16,1.619907289165643e-15,5.865950305366536e-16,0.643,,,Gaia DR3 5337639056000961280,,,19.816454,0.004863,21.5204,0.084729,18.004442,0.057213,0.4961,0.3504,5.921,,,,,,,0,11115592-6038522,15.987,0.102,15.35,0.143,14.984,,0,,,,,,-8,,,,,,-8,,,,,,,,,,-8,,,,,,
2CXO J111209.2-603658,168.0387083333333,-60.616308333333336,1.15,3.17,8.649393653682408e-16,2.8315001801910674e-16,1.282e-16,1.282e-16,4.902202741572809e-16,3.70366632953295e-16,1.4833596395255212e-15,4.83508650914729e-16,0.936,,,Gaia DR3 5337639537080452992,,,13.117012,0.002768,13.902642,0.003224,12.242088,0.003879,7.3145,0.0118,35.717,,,,,,,2,11120931-6036586,11.142,0.024,10.484,0.022,10.393,0.021,0,J111209.36-603659.1,10.278,0.014,10.361,0.009,0,1680m606o0021328,10.295352646634893,-0.0006573379385986,10.347342417085391,-0.0014175299950367,0,J111209.34-603658.9,10.221,0.023,10.317,0.021,10.193,0.204,8.834,,0,0.0,allwise,10.221,0.023,10.317,0.021
2CXO J111152.8-603502,167.97016666666664,-60.583983333333336,2.09,3.29,4.221797884560802e-16,2.17150002610643e-16,5.289202115439197e-16,2.4605000230400793e-16,8.197622667090924e-16,8.061501121336326e-16,1.7708622667090925e-15,8.703865408889732e-16,0.255,,,Gaia DR3 5337640361714100608,,,18.246168,0.00337,18.754221,0.055218,17.247442,0.040207,0.0778,0.1425,5.232,,,,,,,2,,,,,,,,-4,,,,,,-4,,,,,,-8,,,,,,,,,,-8,,,,,,
2CXO J111159.3-603509,167.99745833333333,-60.58590277777778,2.07,3.0,7.790544851679176e-17,5.885839524993445e-17,1.0923039637391228e-16,8.2524726646006e-17,9.772795587129864e-15,3.342093212820385e-15,9.959931432020568e-15,3.3436300160722744e-15,,,,,,,,,,,,,,,,,,,,,,-4,,,,,,,,-4,,,,,,-8,,,,,,-8,,,,,,,,,,-8,,,,,,
2CXO J111141.0-603532,167.9208333333333,-60.59229166666667,1.37,3.41,7.509732123953949e-16,2.823994858216089e-16,1.049441480807438e-15,3.6335007645012485e-16,4.66363525789275e-16,3.5234260573112136e-16,2.266778218992108e-15,5.79584385108862e-16,0.43,,,Gaia DR3 5337640292951730176,,,18.303888,0.004558,17.798384,0.122668,16.622364,0.096458,0.4473,0.1561,5.643,,,,,,,0,,,,,,,,-4,,,,,,-4,,,,,,-4,,,,,,,,,,-4,,,,,,
2CXO J111146.2-603501,167.942625,-60.58365277777778,1.64,3.09,1.150441480807438e-15,3.3735008234223323e-16,2.3934773522779187e-16,2.2014242061776343e-16,5.50221193129656e-16,4.1569796563247436e-16,1.940010409164886e-15,5.788545258031051e-16,0.548,,,Gaia DR3 5337640430433570688,,,15.062606,0.00278,15.417572,0.003194,14.5094,0.004123,0.4016,0.0245,7.754,,,,,,,2,11114619-6035007,13.796,0.03,13.563,0.043,13.405,0.05,0,J111146.28-603500.2,12.997,0.021,13.718,0.062,0,1680m606o0022472,13.328979906718418,-0.0037135914944248,13.380950665012053,-0.0091527657711816,0,,,,,,,,,,-8,0.0,catwise,12.997,0.021,13.718,0.062
2CXO J111206.3-603532,168.02662499999997,-60.59235277777778,1.5,3.41,1.2064014559339323e-16,9.114491357834996e-17,1.5311404721806986e-16,1.156792917704058e-16,7.115202115439197e-15,2.0505000276469704e-15,7.38895630825066e-15,2.0557819576005463e-15,0.705,,,,,,,,,,,,,,,,,,,,,-8,,,,,,,,-8,,,,,,-8,,,,,,-8,,,,,,,,,,-8,,,,,,
2CXO J111133.6-603723,167.89029166666666,-60.62309444444445,0.75,12.98,2.0780000000000002e-15,4.3e-16,6.98e-15,9.399999999999997e-16,6.258286733007083e-14,6.696423240526618e-15,7.164086733007085e-14,6.775734957645924e-15,0.988,,,,,,,,,,,,,,,,,,,,,-8,,,,,,,,-8,J111133.72-603723.7,15.382,0.017,18.298,,0,1680m606o0187398,15.375296224390166,-0.0167906875315711,,,0,,,,,,,,,,-8,0.0,catwise,15.382,0.017,18.298,
2CXO J111133.0-603808,167.88754166666664,-60.63583055555556,0.95,3.44,7.882404230878394e-16,2.627000086319166e-16,4.0462644298996415e-16,2.3248810326674263e-16,1.7448519192562006e-15,1.7241611186647839e-15,2.937718785334004e-15,1.7594867364692397e-15,0.169,,conf,Gaia DR3 5337639949356329472,,,17.53648,0.004675,17.173904,0.100042,16.288187,0.046879,0.8634,0.0861,7.433,,,,,,,0,,,,,,,,-8,,,,,,-8,,,,,,-8,,,,,,,,,,-8,,,,,,
2CXO J111131.1-603635,167.879625,-60.60988611111111,0.97,6.34,1.4682021154391972e-15,3.6150015681909134e-16,2.115202115439197e-15,4.965001141794707e-16,1.5300846175678856e-15,7.811161298835225e-16,5.113488848446281e-15,9.936483961264504e-16,1.0,,,Gaia DR3 5337640086797976192,,,20.328424,0.011385,20.60697,0.098443,18.51401,0.066991,-0.3613,0.5921,7.387,,,,,,,0,,,,,,,,-8,,,,,,-8,,,,,,-8,,,,,,,,,,-8,,,,,,
2CXO J111144.1-603950,167.93387499999997,-60.66399166666667,0.84,3.87,6.360202115439197e-16,2.336500024262835e-16,1.2486893376564843e-16,9.433980803579211e-17,6.051156509128935e-16,4.571713125517235e-16,1.3660047962224609e-15,5.220133446898633e-16,0.967,,,Gaia DR3 5337638197007324928,,,19.667252,0.007639,,,,,1.0151,0.4574,7.698,,,,,,,0,,,,,,,,-8,,,,,,-8,,,,,,-4,,,,,,,,,,-8,,,,,,
2CXO J111214.6-603826,168.0608333333333,-60.64063333333333,0.9,3.7,8.466944816589133e-16,2.8950203193186686e-16,2.1167180961047223e-16,1.4815500309938858e-16,1.2317758111964561e-15,9.30351182339991e-16,2.2901421024658417e-15,9.855529686006119e-16,0.179,,,Gaia DR3 5337639227842839168,,,19.565914,0.010263,18.432314,0.215761,17.64277,0.074362,0.7209,0.3474,5.858,,,,,,,0,,,,,,,,-8,,,,,,-8,,,,,,-8,,,,,,,,,,-8,,,,,,
2CXO J111128.5-603712,167.869125,-60.620158333333336,1.39,3.35,6.997202115439198e-16,2.57050002205412e-16,2.573e-16,1.906e-16,8.928328235384064e-16,6.745446977127883e-16,1.8498530350823264e-15,7.466013747953049e-16,0.143,,,Gaia DR3 5337639983756592128,,,17.324726,0.003369,17.963232,0.008513,16.578661,0.007795,0.5934,0.0667,7.013,,,,,,,0,11112854-6037126,15.86,0.087,15.22,0.087,14.714,,0,,,,,,-8,,,,,,-8,,,,,,,,,,-8,,,,,,
2CXO J111131.0-603830,167.87924999999998,-60.6417,0.97,4.0,1.418648655101534e-15,3.705809333201285e-16,1.9711595769121606e-16,1.5769000014380143e-16,3.346327848007217e-16,2.5281862933042313e-16,1.950397397593472e-15,4.755140624863616e-16,0.635,,,Gaia DR3 5337639949353991808,,,12.03428,0.004212,,,,,1.5744,0.0285,12.79,,,,,,,2,,,,,,,,-4,J111131.03-603831.0,9.187,0.015,9.262,0.01,0,,,,,,-4,,,,,,,,,,-8,0.0,catwise,9.187,0.015,9.262,0.01
2CXO J111144.5-604002,167.9355,-60.66749722222222,0.72,9.87,6.701499425642264e-15,7.776610488656607e-16,1.0084040011353005e-15,3.5746861795363646e-16,1.054239365368241e-15,7.808500065340465e-16,8.764142792145805e-15,1.1585625802902245e-15,0.515,,,Gaia DR3 5337638197050483072,,,11.015914,0.002767,11.534535,0.002887,10.341017,0.003814,0.831,0.0128,12.985,,,,,,,0,11114451-6040027,9.503,0.026,9.012,0.022,8.92,0.021,0,J111144.49-604002.7,8.474,0.008,8.775,0.007,0,1680m606o0019529,8.833137958379195,-0.0003204901010659,8.880899366756067,-0.0006748502544693,0,J111144.49-604002.7,8.816,0.022,8.885,0.02,7.486,0.042,5.467,0.059,0,0.0,allwise,8.816,0.022,8.885,0.02
2CXO J111127.6-603657,167.865125,-60.61608055555556,1.13,3.7,1.199239365368241e-15,3.3985001501282953e-16,1.226348569954004e-16,9.265193926582266e-17,4.823000000000001e-15,2.631e-15,6.144874222363642e-15,2.654476109245276e-15,0.357,,,Gaia DR3 5337640052476389760,,,17.276758,0.003417,17.889751,0.014237,16.504051,0.010528,0.6514,0.0643,7.187,,,,,,,0,11112762-6036578,15.608,0.089,14.705,,14.901,,0,,,,,,-8,,,,,,-8,,,,,,,,,,-8,,,,,,
2CXO J111135.1-603920,167.89654166666665,-60.65564722222222,0.79,4.38,6.769891930609209e-16,2.4084482998509714e-16,1.1071273858380158e-15,3.712766214872906e-16,4.5519314193803495e-16,3.439032618812741e-16,2.239309720836972e-15,5.604658913137778e-16,0.118,,,Gaia DR3 5337638261431620352,,,17.178003,0.003244,17.950914,0.011923,16.22396,0.009604,0.4091,0.0614,6.679,,,,,,,2,,,,,,,,-8,,,,,,-8,,,,,,-8,,,,,,,,,,-8,,,,,,
2CXO J111135.9-603926,167.8997083333333,-60.65741388888889,0.87,3.41,9.074000000000001e-16,2.8660000000000006e-16,1.5027978845608027e-16,1.5025000377305244e-16,3.722131476145367e-16,2.8121099328240907e-16,1.4298929360706169e-15,4.287123119023775e-16,0.178,,,Gaia DR3 5337638265726772480,,,18.24882,0.003181,18.941502,0.017255,17.4544,0.00892,0.2637,0.1126,7.1,,,,,,,0,,,,,,,,-8,,,,,,-8,,,,,,-8,,,,,,,,,,-8,,,,,,
2CXO J111144.3-603403,167.93491666666665,-60.56751944444445,2.68,3.52,1.4272550014191254e-15,4.050946124473633e-16,3.603797884560801e-16,2.477500022881983e-16,8.1464013657972575e-16,6.154692907638577e-16,2.6022749264549308e-15,7.773571615036731e-16,0.51,,,Gaia DR3 5337640464793028480,,,15.333974,0.002808,15.720492,0.00606,14.735018,0.004395,0.7288,0.0307,7.454,,,,,,,0,11114454-6034030,13.986,0.039,13.634,0.04,13.585,0.052,0,J111144.53-603402.6,13.834,0.05,14.268,0.039,0,1680m606o0150435,13.917228737839556,-0.0074882794706336,,,0,,,,,,,,,,-8,0.0,catwise,13.834,0.05,14.268,0.039
2CXO J111201.0-604015,168.0044583333333,-60.670991666666666,0.76,4.0,6.719285584291612e-16,2.389932343111118e-16,4.879e-16,2.575e-16,5.66617015410815e-16,4.772400273686234e-16,1.7264455738399758e-15,5.926061590713439e-16,0.297,,,Gaia DR3 5337638879908238080,,,18.273026,0.003392,19.36363,0.047307,17.115606,0.014304,0.2826,0.1198,6.295,,,,,,,0,11120108-6040152,15.529,0.071,14.618,0.057,14.459,0.098,0,,,,,,-4,,,,,,-4,,,,,,,,,,-8,,,,,,
2CXO J111128.2-603836,167.86762499999998,-60.64354166666666,0.81,6.63,2.4676592322975204e-15,4.740937566541703e-16,1.4628507705407312e-15,4.250768248341895e-16,1.1109627500709564e-15,7.886501214813733e-16,5.0414727529092075e-15,1.0136193620990893e-15,0.436,,,Gaia DR3 5337638471928394752,,,16.774496,0.003623,17.33472,0.012178,16.013903,0.007851,0.3538,0.0537,6.239,,,,,,,0,11112824-6038365,15.075,0.048,14.546,0.036,14.427,0.082,0,,,,,,-8,,,,,,-8,,,,,,,,,,-8,,,,,,
2CXO J111125.6-603633,167.85679166666665,-60.60938055555556,1.33,4.32,1.2040050588548989e-15,3.357266179132578e-16,1.0783989422804014e-15,3.527500401772577e-16,4.8072544788372665e-16,3.6319319068092487e-16,2.7631294490190267e-15,6.07498351090373e-16,0.114,,,Gaia DR3 5337640052431164800,,,20.49462,0.012096,,,,,0.5698,1.1989,5.761,,,,,,,2,,15.564,0.107,14.995,0.086,14.73,0.112,0,,,,,,-8,,,,,,-8,,,,,,,,,,-8,,,,,,
2CXO J111141.0-604012,167.92095833333332,-60.670094444444445,0.79,4.0,1.0134359624663512e-15,2.995546976526753e-16,5.744700392365993e-16,2.786410271103303e-16,4.780924288330769e-16,3.612039167734609e-16,2.065998430536028e-15,5.457491258512237e-16,0.241,,,Gaia DR3 5337638192711314560,,,15.866754,0.003399,16.369604,0.008927,15.164385,0.008923,0.4418,0.0343,13.144,,,,,,,0,11114103-6040119,14.242,0.066,13.882,0.098,13.798,0.09,0,,,,,,-8,,,,,,-8,,,,,,,,,,-8,,,,,,
2CXO J111126.4-603808,167.86004166666666,-60.635775,1.16,4.26,8.162742701149935e-16,2.7895333930057163e-16,6.779923662197161e-16,2.8379676474104925e-16,1.102307887399054e-15,9.686522347943417e-16,2.596574523733764e-15,1.0472071051881276e-15,1.0,,,,,,,,,,,,,,,,,,,,,-8,,,,,,,,-8,,,,,,-8,,,,,,-8,,,,,,,,,,-8,,,,,,
2CXO J111143.1-603352,167.92966666666666,-60.56457222222222,0.9,11.36,6.207e-15,7.939999999999999e-16,6.655e-15,9.360000000000002e-16,1.1805104623244392e-14,2.7224318269518135e-15,2.46671046232444e-14,2.9863300307233607e-15,1.0,,,Gaia DR3 5337640464793030400,,,16.16879,0.002986,16.916529,0.005775,15.332485,0.005205,0.3624,0.0377,6.277,,,,,,,0,11114310-6033523,14.098,0.035,13.58,0.036,13.366,0.042,0,J111143.11-603352.2,13.087,0.025,13.53,0.022,0,1680m606o0023131,13.299385434440596,-0.0037564097053584,13.306066099978626,-0.0089987782600187,0,,,,,,,,,,-8,0.0,catwise,13.087,0.025,13.53,0.022
2CXO J111220.2-603813,168.0844166666666,-60.63721944444445,1.33,3.29,5.535658083582049e-16,2.266372332894152e-16,4.102051737264459e-16,2.2188618315261323e-16,4.36602431671328e-16,3.2985778247402844e-16,1.400373413755979e-15,4.576068951029904e-16,0.035,,,Gaia DR3 5337639262202458368,,,16.38161,0.002805,16.867477,0.00418,15.677642,0.004816,0.3343,0.0417,8.691,,,,,,,0,11122012-6038135,14.742,0.051,14.308,0.057,14.061,0.075,0,,,,,,-8,,,,,,-8,,,,,,,,,,-8,,,,,,
2CXO J111135.9-604006,167.899625,-60.66854166666666,0.75,5.86,1.6992444242231402e-15,3.7756622025862684e-16,1.0976061165744975e-15,3.6797322296517723e-16,1.3632228103449809e-15,8.944497132664634e-16,4.160073351142618e-15,1.038268189372199e-15,0.959,,,Gaia DR3 5337638231410200832,,,17.347023,0.00414,18.215946,0.018611,16.25564,0.011201,0.4116,0.0827,5.871,,,,,,,2,11113591-6040064,14.798,0.054,13.925,0.042,13.803,0.067,0,,,,,,-8,,,,,,-8,,,,,,,,,,-8,,,,,,
2CXO J111134.6-604001,167.89429166666665,-60.666980555555554,0.82,4.29,9.486136354832345e-16,2.866999932949908e-16,7.090797884560802e-16,2.785500020351862e-16,7.28195217287497e-16,6.619150117248838e-16,2.385888641226812e-15,7.732518816892094e-16,0.823,,conf,Gaia DR3 5337638231410450048,,,17.487595,0.015615,14.380629,0.225275,14.455255,0.256983,-0.6263,0.2465,8.567,,,,,,,0,,,,,,,,-8,,,,,,-8,,,,,,-8,,,,,,,,,,-8,,,,,,
2CXO J111134.2-604001,167.8925833333333,-60.66712777777778,0.75,8.88,5.469690963885477e-15,6.676570152712336e-16,1.2923191538243212e-15,3.8580002351067373e-16,2.031531157230222e-15,1.2301771553703228e-15,8.79354127494002e-15,1.451875814860468e-15,0.905,,conf,Gaia DR3 5337638231366951936,,,10.156741,0.002782,10.196197,0.002854,10.065261,0.003811,2.1372,0.0187,14.386,,,,,,,0,11113427-6040011,9.985,0.03,9.854,0.031,9.87,0.029,0,J111134.24-604001.4,9.782,0.014,9.832,0.012,0,1680m606o0019565,9.812804160910414,-0.0005416115906367,9.872741724235254,-0.0011827035767137,0,J111134.24-604001.1,9.662,0.023,9.76,0.023,8.744,0.12,7.707,0.331,0,0.0,allwise,9.662,0.023,9.76,0.023
2CXO J111204.0-604038,168.01691666666665,-60.67749722222222,0.76,4.19,9.827774432737892e-16,3.0600804465163155e-16,6.01830673868359e-16,2.848918403409612e-16,4.305e-16,4.1e-16,2.0151081171421475e-15,5.855802968717229e-16,0.65,,,Gaia DR3 5337638884245268224,,,16.956495,0.003236,17.885828,0.013468,16.009201,0.007138,0.4389,0.0592,6.439,,,,,,,0,11120408-6040389,14.022,,13.402,,13.696,0.077,0,,,,,,-8,,,,,,-4,,,,,,,,,,-8,,,,,,
2CXO J111131.7-603952,167.88229166666665,-60.66448888888889,0.78,5.78,1.4760000000000001e-15,3.630000000000001e-16,9.048997702569062e-16,3.2856098841410616e-16,1.2416010577195989e-15,6.712500211136361e-16,3.6225008279765046e-15,8.308416900665923e-16,0.799,,,Gaia DR3 5337638437578353920,,,12.508467,0.003055,12.232829,0.016829,11.917638,0.022166,0.4467,0.046,6.166,,,,,,,2,11113175-6039522,11.602,0.032,11.508,0.029,11.547,0.03,0,J111131.75-603952.1,11.377,0.013,11.526,0.008,0,1680m606o0019641,11.41936138075084,-0.0012090274394652,11.457156036722685,-0.002691852065417,0,J111131.73-603952.0,11.382,0.024,11.534,0.025,11.108,,8.822,,0,0.0,allwise,11.382,0.024,11.534,0.025
2CXO J111121.7-603714,167.84045833333332,-60.62067222222223,0.98,7.62,1.297e-16,1.297e-16,6.859202115439197e-16,3.19050001776841e-16,3.018e-14,4.35e-15,3.0995620211543926e-14,4.363612608107393e-15,0.828,,,Gaia DR3 5337640018076213376,,,20.43934,0.012196,20.216597,0.278383,18.841282,0.124134,-0.6238,0.7139,9.909,,,,,,,2,,,,,,,,-8,,,,,,-8,,,,,,-8,,,,,,,,,,-8,,,,,,
2CXO J111148.7-604058,167.95312499999997,-60.68279722222222,0.81,3.31,6.875371260438292e-17,5.1944161395809625e-17,9.925683936387647e-17,7.49895982086424e-17,5.209392504966939e-15,1.5937945763695597e-15,5.377403056935199e-15,1.5964030779873958e-15,0.087,,,,,,,,,,,,,,,,,,,,,-8,,,,,,,,-8,,,,,,-8,,,,,,-8,,,,,,,,,,-8,,,,,,
2CXO J111126.0-603928,167.8585,-60.657894444444445,1.03,3.64,8.437202115439196e-16,2.8125000201564846e-16,5.636797884560802e-16,2.6775000211727783e-16,3.7787812799623693e-16,2.854909462348316e-16,1.785278127996237e-15,4.819716876017346e-16,0.159,,,Gaia DR3 5337638437568628096,,,11.734529,0.00276,11.829339,0.002843,11.541163,0.003799,0.6989,0.0135,7.033,,,,,,,0,11112607-6039280,11.311,0.027,11.246,0.023,11.261,0.023,0,J111126.06-603928.0,11.146,0.012,11.342,0.013,0,1680m606o0019878,11.203868622954117,-0.0010883783808359,11.243209217837313,-0.0024055433180152,0,,11.193,0.029,11.287,0.031,10.057,,8.128,,0,0.0,allwise,11.193,0.029,11.287,0.031
2CXO J111149.3-604114,167.95579166666664,-60.68729166666667,0.77,3.53,4.2428178902373053e-16,2.0087994177704638e-16,6.413e-16,2.7689999999999997e-16,1.1493191538243212e-15,7.388000122772308e-16,2.214900942848052e-15,8.141571219053395e-16,0.999,,,Gaia DR3 5337637406733234944,,,18.090664,0.003334,18.596533,0.046366,17.159258,0.022981,0.7674,0.1149,5.822,,,,,,,0,,,,,,,,-8,,,,,,-8,,,,,,-8,,,,,,,,,,-8,,,,,,
2CXO J111222.8-603919,168.09516666666664,-60.65535555555555,0.86,5.79,2.8650000000000002e-15,6.879999999999999e-16,1.5974571168583224e-15,4.80586000821855e-16,3.4802021154391968e-15,1.305500043424062e-15,7.942659232297521e-15,1.5519785009999886e-15,0.34,,,Gaia DR3 5337639159123228416,,,16.232721,0.002862,16.9799,0.005288,15.382973,0.004432,0.3981,0.0375,6.274,,,,,,,0,11122282-6039190,14.222,0.026,13.571,0.022,13.389,0.037,0,J111222.83-603919.4,13.409,0.009,13.477,0.011,0,1680m606o0077265,13.36301697157644,-0.0046121711084829,13.354812851676265,-0.0105993507281298,0,,,,,,,,,,-8,0.0,catwise,13.409,0.009,13.477,0.011
2CXO J111117.3-603659,167.82241666666664,-60.61663055555556,1.68,3.64,1.310888020469775e-15,3.5943128160678603e-16,2.445982755747458e-16,2.055955761359716e-16,1.4952356669445697e-15,1.129666455329549e-15,3.0507219629890906e-15,1.2031652785137238e-15,0.966,,,Gaia DR3 5337642973053814912,,,14.035625,0.002768,14.27721,0.002884,13.640402,0.003817,0.663,0.0144,7.089,,,,,,,2,11111729-6036598,13.155,0.032,12.95,0.025,12.876,0.033,0,J111117.27-603700.2,12.828,0.011,12.993,0.01,0,1680m606o0054334,12.891756843213942,-0.0027947694688089,12.931631911338645,-0.0065989530538253,0,,,,,,,,,,-8,0.0,catwise,12.828,0.011,12.993,0.01
2CXO J111134.7-603318,167.89479166666663,-60.55522222222222,1.43,7.88,4.189202115439197e-15,6.765000837991281e-16,2.057202115439197e-15,5.145001101848547e-16,1.5174787307364817e-15,1.2557000162526406e-15,7.763882961614875e-15,1.5162932623926473e-15,0.101,,,Gaia DR3 5337640632252932736,,,14.482873,0.002799,15.021057,0.00325,13.785881,0.004046,0.4534,0.0179,5.294,,,,,,,0,11113490-6033190,12.894,0.022,12.526,0.023,12.419,0.019,0,J111134.89-603319.0,12.495,0.024,12.61,0.019,0,1680m606o0023439,12.497477606238617,-0.0021742121908548,12.494597965559382,-0.0048941578912165,0,J111134.88-603319.0,12.537,0.044,12.658,0.057,12.597,,9.23,,0,0.0,allwise,12.537,0.044,12.658,0.057
2CXO J111129.4-603346,167.87279166666667,-60.56299166666666,1.88,4.22,1.920797884560803e-15,4.725001199790616e-16,1.2052819038952774e-15,4.09450112147969e-16,1.0372499290437253e-15,7.836533574858129e-16,4.1633297174998046e-15,1.0025060311125312e-15,0.341,,,Gaia DR3 5337640602231961088,,,19.144012,0.007797,,,,,1.0816,0.4065,7.233,,,,,,,2,11112951-6033468,14.935,0.081,14.193,0.085,13.79,0.07,0,J111129.53-603346.9,13.39,0.022,13.324,0.019,0,1680m606o0130777,13.4812028129678,-0.0040435649720035,13.21280725612022,-0.0078087888163257,0,J111129.56-603346.2,13.336,0.042,13.43,0.055,11.742,,9.169,,0,0.0,allwise,13.336,0.042,13.43,0.055
2CXO J111217.2-604023,168.07166666666663,-60.67325,0.81,4.78,1.2900425385270366e-15,4.46600182789403e-16,1.2313989422804013e-15,3.957500358118201e-16,1.923797884560803e-15,8.915000635895814e-16,4.445239365368241e-15,1.072773124893056e-15,0.426,,,Gaia DR3 5337638746806342272,,,15.523812,0.002806,16.04321,0.003606,14.826275,0.004075,0.4745,0.0262,6.631,,,,,,,0,11121720-6040234,13.921,0.063,13.432,0.057,13.385,0.055,0,,,,,,-8,,,,,,-8,,,,,,,,,,-8,,,,,,
2CXO J111131.7-603328,167.88212499999997,-60.55794722222222,2.81,3.18,1.8758266024475366e-16,1.4172069564993435e-16,5.944e-16,3.242e-16,4.671e-15,1.789e-15,5.452982660244753e-15,1.8236533101375112e-15,0.137,,,,,,,,,,,,,,,,,,,,,-4,,,,,,,,-4,,,,,,-4,,,,,,-4,,,,,,,,,,-4,,,,,,
2CXO J111116.9-603620,167.82049999999998,-60.605555555555554,2.77,3.29,8.832989422804014e-16,3.058500463381637e-16,1.6492138413506522e-16,1.6232704692942532e-16,2.140724276634088e-16,1.61733996779572e-16,1.2622927540788753e-15,3.821677730057564e-16,0.551,,,Gaia DR3 5337643007368629760,,,18.908028,0.005591,19.151058,0.074134,17.49493,0.018601,-0.5268,0.2791,5.164,,,,,,,2,,,,,,,,-4,J111117.22-603621.5,12.72,0.012,12.848,0.009,0,1680m606o0021658,12.82086854576614,-0.0027449473188543,12.78909684798472,-0.0060961932419367,0,,12.636,0.029,12.91,0.032,11.307,,8.244,,0,0.0,allwise,12.636,0.029,12.91,0.032
2CXO J111128.0-604027,167.86679166666664,-60.67425833333333,0.88,4.26,1.625e-15,3.939999999999999e-16,2.375281903895277e-16,1.900450024162168e-16,4.486504885394516e-16,3.3896021762636363e-16,2.311178678928979e-15,5.533959993320258e-16,0.478,,,Gaia DR3 5337638330152143488,,,18.104595,0.003513,19.571941,0.047623,16.78966,0.010567,1.8351,0.1322,14.949,,,,,,,0,11112804-6040268,14.904,0.092,14.283,0.053,14.054,0.069,0,J111128.03-604027.3,13.759,0.01,13.629,0.011,0,,,,,,-4,,,,,,,,,,-8,0.0,catwise,13.759,0.01,13.629,0.011
2CXO J111115.5-603631,167.81487499999997,-60.60880555555556,2.51,3.52,1.2415083766092583e-16,9.379727878830192e-17,3.8326369291900797e-16,2.4092951752691947e-16,6.200455968142852e-15,2.119891565602535e-15,6.707870498722786e-15,2.1355994970585214e-15,0.47,,,,,,,,,,,,,,,,,,,,,-8,,,,,,,,-8,,,,,,-8,,,,,,-8,,,,,,,,,,-8,,,,,,
2CXO J111116.2-603810,167.81758333333332,-60.63611944444445,0.92,8.62,2.2212021154391974e-15,4.595001233734628e-16,3.404478271250294e-15,6.606174895744351e-16,1.7720000000000002e-14,3.67e-15,2.334568038668949e-14,3.757187223297751e-15,1.0,,,Gaia DR3 5337641456910871936,,,19.540224,0.007688,,,,,0.6139,0.3114,6.521,,,,,,,0,11111625-6038099,15.611,,15.587,0.121,15.002,,0,,,,,,-8,,,,,,-8,,,,,,,,,,-8,,,,,,
2CXO J111151.5-604153,167.96483333333333,-60.69817222222222,0.73,7.86,2.3484571168583224e-15,4.55590720039318e-16,2.519478271250294e-15,5.726355451171617e-16,5.456817890237305e-15,1.8978169302740853e-15,1.0324753278345921e-14,2.034006753320285e-15,0.998,,,Gaia DR3 5337637406776467584,,,14.347946,0.002785,14.662717,0.003476,13.842822,0.004345,0.4107,0.0162,6.484,,,,,,,0,11115155-6041532,12.946,,12.889,0.042,12.741,,0,,,,,,-8,,,,,,-4,,,,,,,,,,-8,,,,,,
2CXO J111120.0-603939,167.833375,-60.66083888888889,1.26,3.28,9.386519431318766e-16,2.838955341771027e-16,2.201760634631759e-16,1.7431500029269486e-16,5.266835985859715e-16,3.979150625202962e-16,1.685511605181024e-15,5.189593342770471e-16,0.7,,conf,Gaia DR3 5337638398869763072,,,17.286446,0.00298,17.90949,0.00876,16.5435,0.006687,0.5456,0.0685,7.145,,,,,,,0,11111999-6039391,15.609,0.069,15.016,0.073,14.928,0.144,0,J111119.99-603939.4,14.422,0.009,14.076,0.013,0,1680m606o0019720,14.213653477467162,-0.0076607890220918,13.86364436589188,-0.0145720223857784,0,,,,,,,,,,-8,0.0,catwise,14.422,0.009,14.076,0.013
2CXO J111224.5-603957,168.10229166666662,-60.665905555555554,0.84,6.5,3.035478271250294e-15,6.706157376110626e-16,1.863063463175914e-15,5.0210162537565e-16,1.847845022456551e-15,1.0957307233498915e-15,6.746386756882759e-15,1.379295953676866e-15,0.85,,,Gaia DR3 5337627369393717504,,,16.065504,0.003179,16.588938,0.00667,15.373311,0.005804,0.6375,0.0354,7.489,,,,,,,0,11122453-6039571,14.484,0.047,13.987,0.045,13.89,0.061,0,J111224.53-603957.4,13.697,0.015,13.723,0.011,0,1680m606o0019590,13.699550657280987,-0.0047097364773586,13.604515701835895,-0.010852104544667,0,,,,,,,,,,-8,0.0,catwise,13.697,0.015,13.723,0.011
2CXO J111149.5-604158,167.95658333333333,-60.69956944444444,0.71,25.9,4.792e-14,2.0900000000000004e-15,1.0560531157230224e-14,1.0412093130562266e-15,3.2137978845608027e-15,9.935000570610086e-16,6.169432904179102e-14,2.5375695452490063e-15,0.268,,,Gaia DR3 5337637303697246976,,,8.036235,0.002798,8.109948,0.003076,7.835937,0.003956,0.4159,0.0204,6.697,,,,,,,0,11114958-6041583,7.659,0.03,7.652,0.036,7.618,0.027,0,J111149.58-604158.3,7.553,0.01,7.635,0.008,0,1680m606o0018412,7.810476972693221,-0.0006887222485982,7.684154103084925,-0.0012903683578611,0,J111149.57-604158.3,7.572,0.026,7.63,0.02,7.945,0.032,8.952,,0,0.0,allwise,7.572,0.026,7.63,0.02
2CXO J111112.8-603633,167.80366666666666,-60.609344444444446,2.47,3.94,1.1906010577195986e-15,3.552500398945184e-16,7.587582894494681e-16,3.2490716673593803e-16,1.172e-15,1.172e-15,3.121359347169067e-15,1.2670245687599872e-15,1.0,,,Gaia DR3 5337642973008857728,,,19.00274,0.003734,20.01595,0.051001,18.022419,0.011585,0.4694,0.1927,7.404,,,,,,,0,,,,,,,,-8,,,,,,-8,,,,,,-8,,,,,,,,,,-8,,,,,,
2CXO J111139.9-604149,167.91666666666666,-60.69698055555556,0.84,4.97,1.254882961614876e-15,3.49700317736839e-16,4.124253852703656e-16,2.2313658766051583e-16,1.889042538527037e-15,9.216000885782985e-16,3.5563508854122786e-15,1.0106567034584756e-15,0.968,,,Gaia DR3 5337638059568112384,,,18.231247,0.004153,19.17902,0.028232,17.061459,0.010392,0.6641,0.1717,6.227,,,,,,,0,,,,,,,,-8,,,,,,-8,,,,,,-8,,,,,,,,,,-8,,,,,,
2CXO J111112.7-603802,167.80329166666664,-60.63400277777778,2.02,3.11,8.476125777636358e-16,2.9484560240028217e-16,8.92e-16,3.3900000000000004e-16,1.9838178902373047e-15,2.014798526114945e-15,3.723430468000941e-15,2.064283902492518e-15,0.215,,conf,Gaia DR3 5337641461225296512,,,16.536478,0.003123,17.057652,0.006452,15.809113,0.007451,0.6526,0.0448,7.133,,,,,,,0,11111262-6038031,14.88,0.065,14.387,0.089,14.302,0.099,0,,,,,,-8,,,,,,-8,,,,,,,,,,-8,,,,,,
2CXO J111112.0-603758,167.80041666666665,-60.63296944444444,1.34,4.27,1.5658507705407313e-15,4.0808002525376843e-16,1.2058404230878394e-15,4.021000056394045e-16,1.8064106456576875e-15,1.3647624625752929e-15,4.578101839286258e-15,1.4801318525053446e-15,0.062,,conf,Gaia DR3 5337641456886531456,,,13.411055,0.011694,13.872959,0.003093,12.338479,0.003921,,,,,,,,,,0,11111214-6037584,11.161,0.023,10.669,0.025,10.534,0.023,0,J111112.14-603758.4,10.423,0.014,10.504,0.009,0,1680m606o0020742,10.40756636882498,-0.0006927932829104,10.445431344897962,-0.0014776535873732,0,J111112.14-603758.4,10.334,0.023,10.45,0.023,11.102,0.361,8.244,,0,0.0,allwise,10.334,0.023,10.45,0.023
2CXO J111203.8-604206,168.01587499999997,-60.70186666666667,0.93,3.76,1.3483347898752058e-15,4.70030912909458e-16,6.215774432737893e-16,3.267043669611947e-16,4.496079500124146e-16,3.3968358995635053e-16,2.4195201831614097e-15,6.656198192419207e-16,0.518,,,Gaia DR3 5337637166258317440,,,15.978573,0.002868,16.544495,0.005239,15.265102,0.004726,0.6537,0.0332,7.208,,,,,,,0,11120379-6042064,14.361,0.033,13.946,0.022,13.857,0.048,0,J111203.81-604206.1,13.889,0.012,13.876,0.024,0,,,,,,-4,,,,,,,,,,-8,0.0,catwise,13.889,0.012,13.876,0.024
2CXO J111146.8-604213,167.9452083333333,-60.70386666666667,0.94,3.41,5.156253852703656e-16,2.208369687185075e-16,3.869041160068473e-16,2.093351974570524e-16,6.3643467500365895e-16,5.071892984555673e-16,1.5389641762808718e-15,5.914652788752804e-16,1.0,,,Gaia DR3 5337637303653888128,,,19.119041,0.004676,20.444197,0.094595,18.084387,0.017658,0.4301,0.2249,6.412,,,,,,,0,,,,,,,,-8,,,,,,-8,,,,,,-8,,,,,,,,,,-8,,,,,,
2CXO J111134.6-604200,167.89429166666665,-60.700075000000005,0.92,4.06,1.1254414808074381e-15,3.243500856425223e-16,5.695202115439197e-16,2.516500022527365e-16,4.475334501543272e-16,3.3811628324137886e-16,2.142495142505685e-15,5.318395647966388e-16,0.775,,,Gaia DR3 5337638093927785088,,,18.05845,0.00364,19.021309,0.020618,17.06065,0.010113,0.4015,0.0996,6.129,,,,,,,0,,,,,,,,-8,,,,,,-8,,,,,,-8,,,,,,,,,,-8,,,,,,
2CXO J111109.0-603805,167.78779166666666,-60.63475555555556,1.56,4.83,1.7746592322975202e-15,4.221053068826118e-16,8.132191538243211e-16,3.3590002700332784e-16,1.0348562753613165e-15,7.81844926660846e-16,3.6227346614831575e-15,9.498858918757577e-16,0.92,,,Gaia DR3 5337641426820509440,,,19.601208,0.004473,21.187426,0.129092,18.375336,0.022655,2.3176,0.3079,23.975,,,,,,,0,,,,,,,,-8,,,,,,-8,,,,,,-8,,,,,,,,,,-8,,,,,,
2CXO J111226.4-604048,168.11016666666663,-60.68024166666667,1.61,3.14,6.981965970981104e-16,3.3870009753220933e-16,7.200370201859498e-16,3.4080094658717193e-16,8.488963673550163e-16,7.134535589275961e-16,2.267129984639077e-15,8.601622068014226e-16,0.949,,,Gaia DR3 5337626991460540800,,,19.122269,0.006368,19.751648,0.061893,17.57965,0.030834,-0.876,0.2702,7.919,,,,,,,2,11122654-6040489,15.989,0.098,15.069,0.071,14.932,0.131,0,J111226.34-604050.1,15.026,0.017,14.837,0.028,0,1680m606o0113719,14.802852840767631,-0.0115707653460956,14.465531952092084,-0.0227297182809138,0,,,,,,,,,,-8,0.0,catwise,15.026,0.017,14.837,0.028
2CXO J111108.1-603657,167.78383333333332,-60.61599722222223,1.0,15.98,7.137202115439196e-15,8.145000696011187e-16,1.352616923513577e-14,1.3402707314034909e-15,4.056e-14,4.8899999999999986e-15,6.122337135057497e-14,5.13535159427639e-15,1.0,,,Gaia DR3 5337641564304527232,,,17.587118,0.003505,18.551857,0.01518,16.642906,0.008209,0.4133,0.0769,6.35,,,,,,,0,11110810-6036574,15.259,0.061,14.49,0.062,14.288,0.07,0,,,,,,-8,,,,,,-8,,,,,,,,,,-8,,,,,,
2CXO J111111.8-603451,167.79954166666664,-60.580958333333335,2.12,4.86,2.4452867330070823e-15,6.706421118321231e-16,1.764e-15,5.260000000000005e-16,3.6843819277709526e-15,2.0042092106772608e-15,7.893668660778035e-15,2.177909870110841e-15,0.324,,,Gaia DR3 5337643174873536896,,,16.468243,0.003013,17.186308,0.008645,15.594545,0.006511,0.4541,0.0441,6.924,,,,,,,2,,13.745,,13.0,,13.089,0.057,0,J111111.67-603451.2,12.467,0.01,12.691,0.009,0,1680m606o0022546,12.625884979950923,-0.0023725278712708,12.61136797076697,-0.0053434377841611,0,J111111.71-603450.8,12.494,0.029,12.618,0.031,11.409,,8.521,,0,0.0,allwise,12.494,0.029,12.618,0.031
2CXO J111138.6-604228,167.91112499999997,-60.70801111111111,0.74,10.08,3.492e-15,5.719999999999998e-16,4.0150846175678855e-15,6.891316335535701e-16,5.5443925049669385e-15,1.494814085986958e-15,1.3051477122534824e-14,1.742571536560045e-15,1.0,,,Gaia DR3 5337638025251942912,,,16.512733,0.003055,17.039276,0.008289,15.81459,0.005803,0.7139,0.0419,7.143,,,,,,,0,11113865-6042286,14.943,0.041,14.47,0.033,14.303,0.071,0,,,,,,-8,,,,,,-8,,,,,,,,,,-8,,,,,,
2CXO J111205.8-604243,168.02424999999997,-60.71195555555556,1.06,3.35,1.1309202115439197e-15,4.240500013368733e-16,4.0020834688524163e-16,2.452415106658611e-16,4.658975399461621e-16,4.740884761598953e-16,1.997026098375324e-15,6.817049841500996e-16,0.494,,,Gaia DR3 5337637131855310208,,,19.336042,0.003996,20.937775,0.150869,18.223381,0.027134,1.3366,0.2418,7.09,,,,,,,0,,,,,,,,-8,,,,,,-8,,,,,,-8,,,,,,,,,,-8,,,,,,
2CXO J111226.0-604120,168.10841666666664,-60.688963888888885,1.52,3.24,1.2662393653682408e-15,4.558500111925198e-16,3.6190623144604444e-16,2.293380111185251e-16,5.0378431169092955e-16,3.806144076281095e-16,2.1319299085052146e-15,6.366022960547015e-16,0.993,,,Gaia DR3 5337626995732786432,,,18.217152,0.003294,18.912788,0.035011,16.956053,0.026213,0.4627,0.1233,7.455,,,,,,,2,11122602-6041200,15.432,0.087,14.694,0.057,14.667,0.112,0,J111226.07-604120.0,14.232,0.185,14.292,0.265,0,,,,,,-4,,,,,,,,,,-8,0.0,catwise,14.232,0.185,14.292,0.265
2CXO J111224.6-604132,168.1028333333333,-60.69228611111111,1.22,3.24,7.241404230878395e-16,3.448000065765793e-16,3.615797884560803e-16,2.289500024760915e-16,1.1486962524834696e-15,8.888820438709829e-16,2.2344164640273893e-15,9.805184527000333e-16,0.16,,,Gaia DR3 5337626961373018752,,,20.03624,0.005791,21.495546,0.165322,18.895521,0.032038,0.1626,0.4436,6.339,,,,,,,0,,,,,,,,-8,,,,,,-8,,,,,,-8,,,,,,,,,,-8,,,,,,
2CXO J111104.8-603757,167.77004166666666,-60.632730555555554,1.34,5.2,1.9970528859799284e-15,4.555777789162575e-16,1.136601057719599e-15,3.8625003669262863e-16,1.4976293206269785e-15,1.131474886154516e-15,4.631283264326505e-15,1.2794434811611266e-15,0.785,,,Gaia DR3 5337641422526793984,,,17.419847,0.003279,18.061913,0.012577,16.635292,0.006715,0.5958,0.0697,6.977,,,,,,,0,11110482-6037574,15.561,0.052,15.132,0.077,15.014,0.135,0,,,,,,-8,,,,,,-8,,,,,,,,,,-8,,,,,,
2CXO J111217.6-604224,168.07366666666664,-60.70688055555556,0.9,5.66,2.931202115439197e-15,6.765000837991283e-16,1.048005058854899e-15,3.7271901209285597e-16,1.5496484253584402e-15,8.540159907571569e-16,5.5288555996525364e-15,1.151483885178004e-15,0.781,,,Gaia DR3 5337638575007612288,,,15.222836,0.002928,15.645556,0.013757,14.466632,0.010094,0.6274,0.0385,7.236,,,,,,,0,11121762-6042245,13.551,0.041,13.196,0.042,13.018,0.037,0,J111217.62-604224.7,12.931,0.012,13.219,0.013,0,1680m606o0018144,12.897179188556173,-0.0026684652193402,13.009599071013044,-0.0066632848861605,0,J111217.62-604224.6,13.043,0.036,13.406,0.047,11.957,,8.916,,0,0.0,allwise,13.043,0.036,13.406,0.047
2CXO J111243.4-603941,168.180875,-60.66161944444444,3.4,3.58,2.860285584291613e-16,2.900856184757976e-16,7.985393653682408e-16,4.0955001245784432e-16,6.687000000000001e-15,2.229e-15,7.771567923797403e-15,2.284802371924256e-15,0.989,,extent,Gaia DR3 5337627270652009856,,,16.720194,0.003181,17.38333,0.008018,15.881416,0.006879,0.2116,0.0455,8.511,,,,,,,2,11124337-6039417,14.767,0.051,14.116,0.061,13.99,0.061,2,J111243.44-603940.1,13.52,0.02,13.736,0.027,2,1680m606o0077039,13.631526504986097,-0.0049743211703238,13.584293713234274,-0.0114735849613451,2,,,,,,,,,,-8,2.0,catwise,13.52,0.02,13.736,0.027
2CXO J111057.3-603803,167.73879166666663,-60.63420833333333,3.01,4.22,1.5422550014191257e-15,4.3708768574952967e-16,1.0445263281184172e-15,4.0101780607720496e-16,2.566794632102818e-15,1.9392406546398927e-15,5.153575961640361e-15,2.027933737189905e-15,0.993,,,Gaia DR3 5337641598664222976,,,16.13649,0.002927,16.567059,0.010091,15.342852,0.008153,0.6865,0.0499,6.019,,,,,,,2,,10.775,0.033,10.212,0.033,10.085,0.029,2,J111057.33-603805.3,11.838,0.023,11.921,0.018,2,1680m606o0020713,9.967285350001488,-0.0005843392495845,10.002033702791962,-0.0012355887283857,2,,9.763,0.023,9.814,0.021,10.741,0.406,8.276,,0,0.0,allwise,9.763,0.023,9.814,0.021
2CXO J111216.4-604329,168.06841666666662,-60.72495833333333,1.66,3.29,1.3212968326895452e-16,9.982538153819276e-17,1.1798776730168833e-15,4.4245015503452523e-16,3.557775581453362e-15,1.523756321197113e-15,4.869782937739199e-15,1.5898303597797725e-15,0.871,,,Gaia DR3 5337637093205252608,,,20.175724,0.008669,21.55766,0.221794,19.032303,0.051553,0.8665,0.52,5.79,,,,,,,0,11121643-6043300,16.872,,15.293,0.093,14.883,,0,J111216.33-604329.0,15.557,0.021,15.411,0.04,0,,,,,,-8,,,,,,,,,,-8,0.0,catwise,15.557,0.021,15.411,0.04
2CXO J111055.7-603609,167.73237499999996,-60.60261944444444,1.53,8.7,1.2357978845608028e-14,1.6150035102199506e-15,2.2830000000000002e-15,5.890000000000001e-16,1.4122556726210718e-15,1.0669741867306838e-15,1.6053234518229102e-14,2.0232625270024564e-15,0.077,,,Gaia DR3 5337641804822691584,,,13.623563,0.002816,14.645912,0.003013,12.59675,0.003871,8.0002,0.0977,62.703,,,,,,,0,11105578-6036096,11.285,0.023,10.633,0.022,10.441,0.023,0,J111055.64-603609.5,10.043,0.008,10.171,0.007,0,1680m606o0021798,10.36135917640254,-0.0006848744813566,10.298742166824756,-0.0013792560208939,0,J111055.67-603609.5,10.308,0.023,10.282,0.021,10.916,,9.128,,0,0.0,allwise,10.308,0.023,10.282,0.021
2CXO J111228.6-604248,168.1194583333333,-60.713544444444445,1.5,4.67,9.396010577195985e-16,3.522500402342872e-16,1.2144518282603297e-15,4.233303898630906e-16,9.92139365368241e-16,7.539500067671731e-16,3.1461922513481688e-15,9.336644592844442e-16,0.502,,,Gaia DR3 5337626785278075904,,,17.419409,0.004444,18.344034,0.021729,16.4587,0.01197,0.4529,0.0707,6.57,,,,,,,0,11122873-6042492,15.066,0.071,14.34,0.085,14.244,0.072,0,J111228.60-604249.6,14.04,0.011,14.256,0.018,0,1680m606o0196319,,,14.29585331251466,-0.0186472796269492,2,,,,,,,,,,-8,0.0,catwise,14.04,0.011,14.256,0.018
2CXO J111053.7-603510,167.72404166666664,-60.58623333333333,4.63,3.02,1.8494782712502938e-15,7.096093767218897e-16,2.005276155811097e-15,6.361155089879603e-16,5.5706792379740216e-15,2.9703325633817952e-15,9.425433665035412e-15,3.1194653300514348e-15,0.064,,,Gaia DR3 5337641839182766336,,,15.778053,0.002978,16.417595,0.007062,14.992491,0.004853,0.3879,0.032,6.383,,,,,,,2,11105368-6035091,13.932,0.035,13.477,0.022,13.349,0.041,2,J111053.68-603508.9,13.504,0.013,13.674,0.016,0,1680m606o0079641,13.300409896511177,-0.0038629058785999,13.363422704351146,-0.0096229179275624,0,,,,,,,,,,-8,0.0,catwise,13.504,0.013,13.674,0.016
2CXO J111238.1-604226,168.15879166666664,-60.707475,2.02,3.94,4.226394518572778e-16,3.1930860266171936e-16,1.068090135908972e-15,4.2792441743847575e-16,7.964989422804015e-15,2.376500596361316e-15,9.455719010570264e-15,2.435740621511152e-15,0.865,,,,,,,,,,,,,,,,,,,,,-8,,,,,,,,-8,,,,,,-8,,,,,,-8,,,,,,,,,,-8,,,,,,
2CXO J111229.7-604326,168.12404166666664,-60.72395,1.11,9.92,5.307202115439198e-15,9.15500061922569e-16,5.7237978845608025e-15,8.935000634472433e-16,6.189e-15,1.7829999999999996e-15,1.722e-14,2.1944410966714176e-15,0.947,,,Gaia DR3 5337626755214449024,,,20.014904,0.006367,21.371237,0.148881,18.733442,0.038434,0.7127,0.3902,6.294,,,,,,,0,,,,,,,,-8,,,,,,-8,,,,,,-8,,,,,,,,,,-8,,,,,,
2CXO J111057.6-603304,167.74041666666665,-60.551338888888885,12.31,3.58,1.2092819038952777e-15,5.60450081932356e-16,2.919477122534825e-16,2.958828816962279e-16,2.2731731137273635e-15,1.7174064734439088e-15,3.774402729876124e-15,1.8306108185646374e-15,,,,Gaia DR3 5337643454090589568,,,20.136152,0.006336,21.210846,0.125947,19.101776,0.033123,0.0291,0.4728,6.756,,,,,,,2,,15.159,0.04,14.48,0.049,14.197,0.081,2,J111057.73-603309.0,15.136,0.014,15.045,0.03,2,1680m606o0080803,14.86484230629168,-0.0108746814836727,14.81220326085306,-0.02715045962951,2,,,,,,,,,,-8,2.0,catwise,15.136,0.014,15.045,0.03
2CXO J111048.4-603657,167.7017083333333,-60.61584444444445,1.98,5.78,2.2426909638854768e-15,7.376421151485945e-16,3.3282867330070826e-15,7.586256271459921e-16,8.966e-15,3.294e-15,1.4536977696892562e-14,3.459778133378432e-15,0.951,,,Gaia DR3 5337641663050697600,,,19.0344,0.004118,20.4095,0.047787,17.93606,0.016465,0.0264,0.221,6.146,,,,,,,2,11104851-6036573,14.997,,15.188,0.124,14.244,,2,J111048.30-603656.5,14.06,0.009,14.182,0.019,2,1680m606o0078569,13.968003315111115,-0.0054781762726981,14.509683008495916,-0.0210391643926216,2,,,,,,,,,,-8,2.0,catwise,14.06,0.009,14.182,0.019
2CXO J111227.6-604352,168.11499999999998,-60.73118333333333,1.48,5.03,1.4339999999999998e-15,4.869999999999999e-16,1.8672021154391968e-15,5.205001089147126e-16,1.6516642911524186e-15,1.0867767903343625e-15,4.952866406591616e-15,1.2996819439346253e-15,0.967,,,Gaia DR3 5337626755255896192,,,16.70167,0.002995,17.248358,0.008046,15.970741,0.00583,0.6677,0.0466,7.446,,,,,,,0,11122756-6043520,14.96,0.042,14.54,0.058,14.522,0.101,0,J111227.51-604351.2,14.254,0.017,14.525,0.092,0,1680m606o0112896,14.216191728079096,-0.0067877042525862,14.270658941747252,-0.0178265683997771,0,,,,,,,,,,-8,0.0,catwise,14.254,0.017,14.525,0.092
2CXO J111100.7-603221,167.75324999999998,-60.53922222222222,5.12,3.41,2.575797884560803e-15,9.275000611214145e-16,1.023973097523848e-15,4.846237026572376e-16,2.2443736480059063e-15,2.2127933342782293e-15,5.8441446300905576e-15,2.447768542322497e-15,0.05,,,Gaia DR3 5337643862068376192,,,16.603895,0.003096,17.306234,0.007631,15.784937,0.006925,0.3358,0.0499,8.929,,,,,,,2,,,,,,,,-8,J111101.24-603217.4,13.49,0.012,13.583,0.01,0,1680m606o0081330,13.551323048976196,-0.004453375208267,13.395546974419563,-0.0099823032613788,0,,,,,,,,,,-8,0.0,catwise,13.49,0.012,13.583,0.01
2CXO J111231.5-604336,168.1314583333333,-60.72686111111111,2.13,4.19,7.218797884560803e-16,3.521500016098286e-16,1.858797884560803e-15,5.265001076735195e-16,9.383122435041697e-16,7.089048833871662e-16,3.518989916521053e-15,9.50661938180025e-16,0.272,,,Gaia DR3 5337626750918315008,,,16.88295,0.003336,17.745287,0.012164,15.974002,0.00659,0.386,0.0526,6.36,,,,,,,0,11123148-6043358,14.651,0.042,13.881,0.029,13.657,0.044,0,J111231.37-604335.3,13.567,0.015,13.697,0.013,0,1680m606o0053447,13.598868720753858,-0.0045190036667719,13.62420781990107,-0.0110762350787644,0,,,,,,,,,,-4,0.0,catwise,13.567,0.015,13.697,0.013
2CXO J111200.3-604505,168.00137499999997,-60.75154444444444,1.25,5.41,1.2191676089067783e-16,9.210941001833248e-17,2.067000000000001e-15,5.760000000000001e-16,1.0189202115439196e-14,2.470500022946818e-15,1.2378118876329876e-14,2.538430717351599e-15,0.149,,,,,,,,,,,,,,,,,,,,,-8,,,,,,,,-8,,,,,,-8,,,,,,-8,,,,,,,,,,-8,,,,,,
2CXO J111252.5-604030,168.21891666666664,-60.675266666666666,2.18,3.13,1.2287606346317589e-15,7.02150007266411e-16,1.166122326983117e-15,5.275501300256454e-16,2.536211773662808e-15,1.7478138704473313e-15,4.931094735277683e-15,1.956061629428474e-15,0.002,,conf,,,,,,,,,,,,,,,,,,,-4,,,,,,,,-4,,,,,,-8,,,,,,-8,,,,,,,,,,-8,,,,,,
2CXO J111233.3-604342,168.13879166666663,-60.72859444444445,3.34,3.03,1.0621646357670594e-15,4.0761192390697324e-16,2.8912021154391982e-16,2.1975000257975487e-16,6.900903566383983e-16,5.213706068380613e-16,2.0413752039493774e-15,6.97326934672421e-16,0.612,,,Gaia DR3 5337626750920259456,,,18.268507,0.003335,19.188068,0.024152,17.438196,0.013153,-0.0149,0.1103,7.564,,,,,,,2,11123313-6043417,16.143,0.123,15.591,0.113,14.992,,0,,,,,,-8,,,,,,-8,,,,,,,,,,-8,,,,,,
2CXO J111254.0-604047,168.225125,-60.67976944444444,3.62,4.67,7.415404230878399e-16,4.264000053180219e-16,2.4507978845608028e-15,6.225000910684492e-16,1.2431041457308645e-15,9.391784084329977e-16,4.435442453379507e-15,1.2047320908742221e-15,0.212,,,,,,,,,,,,,,,,,,,,,-4,,,,,,,,-4,J111254.16-604050.0,15.52,0.051,15.465,0.141,2,1680m606o0113718,15.264414121723831,-0.0158125966335697,15.153237889128452,-0.0382579880725422,2,,,,,,,,,,-4,2.0,catwise,15.52,0.051,15.465,0.141
2CXO J111212.9-604518,168.05404166666662,-60.75519444444444,2.64,3.18,1.2338404230878397e-15,4.271000053093059e-16,6.936797884560803e-16,3.3835000167548733e-16,9.734191641794958e-16,7.35428535486686e-16,2.900939375723416e-15,9.15286987221551e-16,0.372,,,Gaia DR3 5337636921400822528,,,16.500938,0.003118,17.348528,0.008271,15.589281,0.006626,0.4391,0.0448,4.241,,,,,,,0,11121294-6045177,14.264,0.029,13.614,0.027,13.429,0.041,0,J111212.91-604518.0,13.364,0.008,13.567,0.008,0,1680m606o0073973,13.811261186047584,-0.0052759093568574,13.42710008316483,-0.0091496630700207,0,,13.59,0.039,14.272,0.059,11.481,,8.228,,0,0.0,allwise,13.59,0.039,14.272,0.059
2CXO J111043.9-603556,167.68325,-60.59912222222223,2.86,5.06,5.456e-15,1.1040000000000002e-15,2.2102655786151112e-15,6.54583232598235e-16,4.140450449801767e-15,3.221981701694062e-15,1.1806716028416878e-14,3.468207216192556e-15,0.909,,conf,Gaia DR3 5337642453319011072,,,13.04987,0.00279,13.297916,0.003175,12.647799,0.003923,0.9118,0.0124,10.078,,,,,,,2,11104403-6035572,12.11,,11.94,,11.925,0.03,2,J111043.99-603557.1,11.73,0.016,11.816,0.01,0,1680m606o0021895,11.740822365874816,-0.0014097023847692,11.746371055526335,-0.0030524391458803,0,,11.656,0.027,11.731,0.028,10.778,0.113,8.605,,0,0.0,allwise,11.656,0.027,11.731,0.028
2CXO J111047.6-603401,167.69849999999997,-60.567075,4.36,4.22,7.6805957691216075e-16,5.120000044289151e-16,3.23990365652066e-15,7.706766351243206e-16,8.849635780474611e-15,3.789634864118153e-15,1.2857599013907431e-14,3.900951022994466e-15,0.94,,,Gaia DR3 5337644072565455744,,,16.932463,0.008727,17.83981,0.030038,15.859875,0.022742,0.4686,0.0691,6.731,,,,,,,2,11104761-6034019,14.087,0.053,13.069,,12.856,0.048,2,J111047.64-603402.3,12.222,0.012,11.886,0.008,0,1680m606o0023020,12.221800576869164,-0.0018044154714981,11.833443903229815,-0.0031652175868924,0,,,,,,,,,,-8,0.0,catwise,12.222,0.012,11.886,0.008
2CXO J111215.0-604533,168.062875,-60.75921666666667,1.32,6.91,2.334680386689492e-15,6.291301304568881e-16,3.379e-15,7.07e-16,6.2724559681428535e-15,2.102894731058301e-15,1.1986136354832344e-14,2.3060398892823747e-15,0.128,,,Gaia DR3 5337625174707923584,,,16.434744,0.003099,17.170645,0.007779,15.591388,0.007895,0.4622,0.0406,6.281,,,,,,,0,,,,,,,,-8,,,,,,-8,,,,,,-8,,,,,,,,,,-8,,,,,,
2CXO J111224.0-604512,168.10029166666664,-60.75342222222222,0.86,24.54,4.4032021154391974e-14,2.65500213522e-15,2.662e-14,1.890000000000002e-15,4.7782021154391977e-14,4.905001155761613e-15,1.1843404230878396e-13,5.888987406680839e-15,1.0,,extent,Gaia DR3 5337625243427691264,,,13.574695,0.002899,13.994438,0.004186,12.986038,0.004558,2.2282,0.0127,14.955,,,,,,,0,11122407-6045121,12.25,0.024,11.908,0.022,11.777,0.024,0,J111224.06-604512.4,11.58,0.009,11.792,0.008,0,1680m606o0016606,11.73208421621174,-0.0013780952560344,11.769117797124034,-0.0030762240606785,0,J111224.06-604512.3,11.734,0.025,11.866,0.022,11.456,0.256,7.781,0.178,0,0.0,allwise,11.734,0.025,11.866,0.022
2CXO J111213.3-604542,168.0557083333333,-60.761941666666665,3.28,3.35,1.4013028285441548e-15,5.269449061002415e-16,1.0082497128211329e-15,4.1282584309937524e-16,2.438e-15,2.438e-15,4.847552541365288e-15,2.5282286508137872e-15,0.042,,,Gaia DR3 5337636925740076928,,,14.541739,0.002875,14.820397,0.00345,14.010731,0.004481,0.6241,0.0458,6.129,,,,,,,2,11121340-6045426,13.32,0.051,12.987,0.056,12.901,0.047,0,,,,,,-8,1680m606o0053145,12.736403751083554,-0.0029070655301473,12.791258855026877,-0.0068386027054442,0,,,,,,,,,,-8,0.0,unwise,12.736403751083554,-0.0029070655301473,12.791258855026877,-0.0068386027054442
2CXO J111228.5-604537,168.11904166666662,-60.760352777777776,1.43,7.32,3.941297310203069e-15,7.9115163689502045e-16,3.0396803866894912e-15,6.841196686609013e-16,5.490030582872488e-15,1.9138519588736484e-15,1.2471008279765048e-14,2.18100205274889e-15,0.27,,,Gaia DR3 5337625239089762304,,,15.882385,0.003082,16.600794,0.005299,15.052197,0.004845,0.3331,0.0314,6.331,,,,,,,0,11122856-6045371,13.819,0.027,13.281,0.027,13.168,0.036,0,J111228.62-604537.2,13.137,0.01,13.171,0.014,0,1680m606o0053159,13.141565436083605,-0.0031640004662119,13.095941267316594,-0.0072413389327722,0,J111228.61-604537.1,13.23,0.046,13.429,0.064,10.403,0.258,6.328,0.123,0,0.0,allwise,13.23,0.046,13.429,0.064
2CXO J111215.7-604625,168.0658333333333,-60.77378611111111,2.36,3.29,1.0745212692635184e-15,5.243000389251196e-16,1.3892393653682408e-15,4.718500108129919e-16,1.839123912650605e-15,1.3894776838498456e-15,4.302884547282364e-15,1.5582622364152429e-15,0.045,,,,,,,,,,,,,,,,,,,,,-8,,,,,,,,-8,,,,,,-8,,,,,,-8,,,,,,,,,,-8,,,,,,
2CXO J111247.5-604418,168.19799999999995,-60.73859722222223,2.71,4.78,4.179e-15,8.850000000000006e-16,8.166999999999999e-16,4.083e-16,2.049e-15,2.049e-15,7.0447e-15,2.268994246356742e-15,0.199,,,,,,,,,,,,,,,,,,,,,-4,,,,,,,,-4,,,,,,-4,,,,,,-4,,,,,,,,,,-4,,,,,,
2CXO J111243.7-604459,168.18224999999998,-60.749875,2.23,5.52,2.18e-15,6.389999999999999e-16,2.1180740403719e-15,5.906175926763862e-16,1.983504484497164e-15,1.6643089042572837e-15,6.281578524869063e-15,1.878050656816512e-15,0.292,,,Gaia DR3 5337626476046116224,,,16.984777,0.002932,17.638094,0.011519,16.105507,0.015587,0.3501,0.0538,6.141,,,,,,,2,,14.914,0.07,14.451,0.096,13.719,,2,J111243.90-604500.1,13.548,0.009,13.752,0.014,0,1680m606o0074143,13.671846748365788,-0.0053902002084527,13.745883186315544,-0.0135702054053056,0,,,,,,,,,,-8,0.0,catwise,13.548,0.009,13.752,0.014
2CXO J111041.7-604211,167.67379166666663,-60.70321944444445,2.69,3.7,4.034339618987011e-15,1.1062232524547506e-15,9.979678089258552e-16,4.4036575716677324e-16,1.6348654650850713e-15,1.2351582534526393e-15,6.667172892997937e-15,1.7155954638051496e-15,0.983,,,Gaia DR3 5337635104673033216,,,15.092933,0.002806,15.540166,0.003417,14.462732,0.004051,0.6808,0.0219,7.201,,,,,,,2,11104175-6042119,13.69,0.022,13.308,0.023,13.195,0.03,0,J111041.68-604211.7,12.7,0.011,12.743,0.009,0,1680m606o0018263,12.820780682889913,-0.0026288973220433,12.753847937261078,-0.0058166911842747,0,,12.794,0.061,12.82,0.047,7.189,0.024,5.014,0.03,0,0.0,allwise,12.794,0.061,12.82,0.047
2CXO J111217.3-604654,168.0724166666666,-60.78181111111111,1.73,4.67,3.1547978845608028e-15,7.885000718961462e-16,1.896797884560803e-15,5.65500100247761e-16,2.114876754044508e-15,1.8372194348492203e-15,7.166472523166114e-15,2.077714604691449e-15,0.037,,,Gaia DR3 5337624792412817920,,,12.072852,0.002774,12.26015,0.003173,11.720802,0.00416,0.328,0.0214,6.316,,,,,,,2,11121738-6046538,11.215,0.036,11.049,0.036,11.06,0.033,0,J111217.38-604653.3,11.199,0.011,11.334,0.009,2,1680m606o0015672,11.288101975707551,-0.0013034902016427,10.772979460070005,-0.0017845689319664,2,J111217.34-604654.2,10.735,0.025,10.799,0.023,10.316,,6.498,0.102,0,0.0,allwise,10.735,0.025,10.799,0.023
2CXO J111223.9-604705,168.09974999999997,-60.78477777777778,1.41,6.19,2.4252867330070828e-15,6.936373996279686e-16,3.425286733007082e-15,6.796402299471758e-16,8.914721546757965e-15,3.1404170959888778e-15,1.4765295012772133e-14,3.287136021083478e-15,0.176,,conf,Gaia DR3 5337624728031662336,,,16.164816,0.003148,16.922338,0.006699,15.293263,0.007416,0.4545,0.0348,6.299,,,,,,,0,11122377-6047054,13.945,0.055,13.353,0.051,13.109,0.039,0,J111223.79-604705.5,12.856,0.02,12.932,0.043,0,1680m606o0052972,12.944872355506828,-0.0029445780496456,12.819313624774626,-0.0063173052988442,0,J111223.79-604705.3,12.912,0.041,13.01,0.069,12.061,,6.246,0.261,0,0.0,allwise,12.912,0.041,13.01,0.069
2CXO J111223.1-604724,168.096625,-60.79006111111111,5.04,3.53,1.6789999999999997e-15,6.41e-16,5.528e-16,3.6849999999999997e-16,4.036e-15,2.587e-15,6.2678e-15,2.690583997945428e-15,0.003,,conf,Gaia DR3 5337624727994620416,,,19.401932,0.004074,20.767258,0.099847,18.172857,0.01447,0.968,0.2701,9.226,,,,,,,2,,,,,,,,-4,,,,,,-4,1680m606o0171396,15.54626956865861,-0.0242700548352002,,,2,,,,,,,,,,-4,2.0,unwise,15.54626956865861,-0.0242700548352002,,
2CXO J111253.1-604517,168.2214583333333,-60.75489722222222,2.89,5.52,3.366000000000001e-15,8.690000000000001e-16,2.0612021154391968e-15,6.255000906316702e-16,1.670649803817004e-15,1.649673240289572e-15,7.0978519192562016e-15,1.9666807476323457e-15,1.0,,,Gaia DR3 5337625758823747328,,,16.392334,0.002808,16.996359,0.008039,15.551099,0.006415,1.0872,0.0396,10.768,,,,,,,2,11125305-6045193,14.444,0.043,13.874,0.047,13.721,0.06,0,J111253.13-604517.8,15.702,0.054,15.741,0.072,2,,,,,,-4,,,,,,,,,,-8,2.0,catwise,15.702,0.054,15.741,0.072
2CXO J111226.0-604722,168.10866666666664,-60.78946666666666,2.34,5.24,1.769478271250294e-15,6.296232742931513e-16,1.737265578615111e-15,5.605971890749673e-16,1.126685905030578e-14,3.779206426161316e-15,1.4773602900171184e-14,3.872091926526199e-15,0.997,,,Gaia DR3 5337624727994990592,,,20.04659,0.005527,21.074757,0.127901,18.977867,0.045511,-0.3452,0.5002,7.548,,,,,,,2,,,,,,,,-8,,,,,,-8,,,,,,-8,,,,,,,,,,-8,,,,,,
