name,ra,dec,PU_X,significance,F_b,HR_hms,P_inter,P_intra,G,J,W1,cp_counts,CSC_flags,Class,Class_prob,Class_prob_e,conf_flag,CT,PU_TeV,TeV_extent,true_Class,P_AGN,P_CV,P_HM-STAR,P_LM-STAR,P_HMXB,P_LMXB,P_NS,P_YSO,e_P_AGN,e_P_CV,e_P_HM-STAR,e_P_LM-STAR,e_P_HMXB,e_P_LMXB,e_P_NS,e_P_YSO
2CXO J110355.5-584754,165.98162499999998,-58.798366666666666,2.66,6.05,8.799224327550767e-15,-0.3953287119877733,,0.473,10.676302,10.019,9.643,9,,LM-STAR,0.8578172016470497,0.09369286860894432,1.0,4.031694363721089,12,point,,0.0,0.0019793278216161305,0.12878971258442765,0.8578172016470497,0.000826750629722916,0.0007719841269841181,1.3888888888888e-05,0.009801134301310575,0.0,0.0033876113038319292,0.0871312274888957,0.09369286860894432,0.0038596092540460493,0.0021326501289898997,9.968618924517104e-05,0.007845075783804322
2CXO J110414.8-585305,166.06174999999996,-58.884927777777776,0.9,12.15,1.8358546195047692e-14,-0.9207390483724236,,0.987,12.473644,11.48,11.032,9,,LM-STAR,0.9810100000806504,0.01587017914153479,1.0,37.860730816605496,12,point,,0.0,0.0034856143122957302,0.005632211665600522,0.9810100000806504,0.000226666666666663,0.0,0.0,0.009645507274786542,0.0,0.0044395871294360435,0.006240959171189576,0.01587017914153479,0.0007016041690484552,0.0,0.0,0.00978607396966583
2CXO J110415.1-584545,166.0629583333333,-58.76266111111112,1.32,8.01,9.1977616707291e-15,-0.7353549244044865,,0.81,15.649481,13.639,12.726,9,,LM-STAR,0.7408456855719993,0.09342232235664577,1.0,2.8745844993220273,12,point,,0.0,0.017375252699969257,0.0039051806744432784,0.7408456855719993,0.001584444444444431,0.005613402705240898,0.000348595848595845,0.23032743805530678,0.0,0.01766803364560206,0.004727995749961319,0.09342232235664577,0.0028558444219729416,0.00993845361601461,0.0020913172994040576,0.08417490869956376
2CXO J110418.5-584728,166.0774583333333,-58.79137222222222,1.02,7.26,4.919632780293888e-15,-0.7231847519527711,,1.0,20.404222,13.296,12.555,7,,LM-STAR,0.40281017177427797,0.060058553776721264,0.0,0.2101279602463476,12,point,,0.00047399749373432505,0.0756378571428571,0.053636300020692536,0.40281017177427797,0.001729619883040919,0.07967115140793156,0.005596105705440034,0.3804447965720253,0.001170397346411422,0.020733054249509966,0.01409579545434394,0.060058553776721264,0.0025794072466233183,0.0365986637905525,0.005394707098840404,0.046378377205867606
2CXO J110420.3-585010,166.084625,-58.836194444444445,0.89,9.34,9.498573466014164e-15,0.05504964310647075,,1.0,16.600018,,,3,,CV,0.44494376587872364,0.08718637554342647,0.0,1.4013123492528161,12,point,,0.0003558341778076707,0.44494376587872364,0.05611877221072166,0.016146703671718613,0.0007207043650793534,0.2559540069521535,0.001964700182253036,0.22379551256154226,0.0009122616755070308,0.08718637554342647,0.036110157567154695,0.011383281272651844,0.0013698473933335797,0.045771432608703845,0.0028571126732669923,0.07062872787380829
2CXO J110423.1-585445,166.09645833333332,-58.91271666666667,0.88,16.52,4.141206346317591e-14,0.5183981367147672,,0.963,,,,0,,LMXB,0.4846513394322639,0.0988000275335464,0.0,0.643210046764879,12,point,,0.3489256927399269,0.03573760948134612,0.017359951698881992,0.00038711094113214647,3.3333333333333e-05,0.4846513394322639,0.10784106181672586,0.005063900556389432,0.11221291819855059,0.0221786979586759,0.009840375087076126,0.0011280850769274716,0.00033333333333333,0.0988000275335464,0.0355231452579632,0.0034226926348276746
2CXO J110423.6-584935,166.09854166666665,-58.82648888888889,0.9,5.68,2.547305610689008e-15,-0.5392900100354532,,1.0,19.613007,,,3,,LMXB,0.5271895703478987,0.0794307825845009,1.0,2.408682596565962,12,point,,0.012655915205569692,0.13421785466395653,0.05342895454976174,0.05413158196794318,0.000369999999999995,0.5271895703478987,0.053395892402718095,0.16461023086215174,0.014702862745648032,0.06363268325133083,0.01889993531664739,0.0410708486488986,0.0010051997249766495,0.0794307825845009,0.043617296795677434,0.07109936198609265
2CXO J110424.3-584835,166.1015,-58.80980833333333,1.02,5.7,3.321806983288687e-15,-0.6702590094546196,,0.458,13.287255,12.188,11.363,9,,LM-STAR,0.9387733636442981,0.03719663355087843,1.0,15.622725865957623,12,point,,3.611111111111e-05,0.005114346207164828,0.032328299078553537,0.9387733636442981,0.000638333333333326,8.333333333333e-06,0.0,0.023101213292205644,0.00021500267531548086,0.0074558630759998384,0.020824295212962637,0.03719663355087843,0.0014885876498113685,8.333333333333e-05,0.0,0.014551387444650064
2CXO J110424.9-585059,166.10412499999998,-58.84981944444445,0.99,5.58,2.4525839044629275e-15,-0.7180932327159651,,1.0,19.378048,16.06,,6,,YSO,0.288297552216739,0.08032432776969294,0.0,0.05005998072595527,12,point,,0.00010099690282616832,0.260803910634703,0.015190058947507041,0.27950788544989463,0.0069290376984126574,0.1413853938337609,0.00778516431615641,0.288297552216739,0.0004034625674133827,0.07218724728399216,0.010635340070696563,0.09525837600644024,0.005520472808811122,0.06123112563626314,0.008048429897268785,0.08032432776969294
2CXO J110428.3-585400,166.118125,-58.90016388888889,0.87,8.77,1.3162180961047223e-14,0.634437804543087,,0.419,,,,0,,AGN,0.7458312881400527,0.2791518303034237,0.0,1.1356469314404143,12,point,,0.7458312881400527,0.001955394769062414,0.012957240241376147,8.580233530618777e-06,2.5812145938594827e-07,0.056201028475376454,0.18066790301194463,0.002378307007197332,0.2791518303034237,0.004791775680256135,0.016519819508471336,2.8283557019897902e-05,2.0583296417146693e-06,0.08801542249388886,0.218505821455715,0.002808413639776094
2CXO J110429.5-584406,166.1232083333333,-58.735194444444446,1.34,7.49,1.4567328237690196e-14,0.8167000128514705,,0.897,,,,0,,NS,0.46488924786551244,0.1444112801202198,0.0,0.6017034322647811,12,point,,0.22145155547200182,0.014309137218233563,0.007388175398900194,0.000580042717945483,0.00012866405488856593,0.27260293974159044,0.46488924786551244,0.018650237530927254,0.17432784088600156,0.013659567012507808,0.013420290295609039,0.0013333420714427583,0.0004681065535554553,0.17515862394392379,0.1444112801202198,0.012744291018556725
2CXO J110430.1-585147,166.12579166666666,-58.86307222222222,0.78,15.53,2.2539924810912643e-14,-0.5078954303064115,,1.0,9.837023,9.589,9.445,9,,LM-STAR,0.5131750478292065,0.09492906082777906,0.0,0.43988672829832903,12,point,,6.666666666666e-06,0.000760898934843502,0.43075428025927415,0.5131750478292065,7.416397629672918e-05,0.000702820512820504,1.6666666666666e-05,0.054509455154225034,6.666666666665999e-05,0.0013440747970327102,0.0924391007186521,0.09492906082777906,0.0003429571852643084,0.0015812893775663764,0.00016666666666665997,0.024564837836691205
2CXO J110430.3-584948,166.12645833333332,-58.83013611111112,0.88,7.81,4.936343642195254e-15,-0.8238906704541074,,0.941,16.835651,14.388,13.369429937680584,8,,LM-STAR,0.5213903360425132,0.1338330783310104,0.0,0.3904782511533557,12,point,,5.1111111111110004e-05,0.04433502104806684,0.006762705625789938,0.5213903360425132,0.002611580594679163,0.0035835945924886743,0.000288083815825749,0.42097756716952517,0.00027689872130092034,0.03591094373093097,0.005442210868582487,0.1338330783310104,0.0031220112209670767,0.0064560976479866175,0.0019011709535126462,0.12332021657440054
2CXO J110431.6-585501,166.13204166666665,-58.91701666666666,1.56,7.63,7.0789648132519656e-15,-0.8530685854638681,,0.719,15.49906,13.686,12.59,8,,LM-STAR,0.729214960959029,0.10385366651329564,1.0,2.3551478425984618,12,point,,2.2222222222222e-05,0.008350205011629154,0.008982435112133308,0.729214960959029,0.001042222222222209,0.00232555555555553,0.000208888888888887,0.24985351002831938,0.000156339215706987,0.006809673276459158,0.008128579255121515,0.10385366651329564,0.0016511836005434172,0.0031866727792354763,0.0009834051410939988,0.09968406570899437
2CXO J110432.8-584405,166.13679166666662,-58.73486666666667,2.0,7.32,3.312941480807438e-15,-0.3554965797588431,,0.999,16.05,13.812,12.836,9,,YSO,0.6549627594927558,0.14762928230947323,0.0,1.8399539533434093,12,point,,3.3333333333333e-05,0.01739998370828546,0.16173796499665283,0.09252538992896239,0.0372810490492301,0.035601708474635514,0.000457811016144342,0.6549627594927558,0.00019049623110862623,0.007870519019705629,0.12043437960981368,0.04167690186883972,0.02886197586784073,0.026863281569233295,0.0014242874652261345,0.14762928230947323
2CXO J110433.5-585034,166.13991666666664,-58.84295555555556,0.79,10.08,9.397116349155844e-15,-0.29673777745832164,,1.0,18.200813,15.227,14.286,9,,YSO,0.43140750028825875,0.1019139876438988,0.0,0.13183541891979972,12,point,,0.0029291249640306383,0.40483659936139754,0.004181666666666631,0.05160780394906191,0.011904379027525822,0.08664333110879177,0.006489594634266723,0.43140750028825875,0.004908218934875268,0.09963200921014274,0.0034549174170157423,0.02560134145397735,0.006570947150861409,0.02918375773906523,0.004572892350223905,0.1019139876438988
2CXO J110434.8-584908,166.14516666666665,-58.81900555555556,0.87,6.79,5.984783282353841e-15,0.637820375033669,,0.497,,,,0,,AGN,0.9396624780112774,0.10949714664586067,1.0,4.642927911262746,12,point,,0.9396624780112774,0.00010956102137029632,0.0032522724008557415,2.410629807890082e-07,6.088280060882802e-08,0.017470388028106798,0.036799843021485604,0.0027051555711225515,0.10949714664586067,0.0004323386097144501,0.004686331117417526,1.8960484994827207e-06,6.088280060882798e-07,0.052693861081605904,0.08496261069812928,0.007246905013424089
2CXO J110435.5-584824,166.14804166666664,-58.806925,0.73,20.68,3.3573276155811104e-14,-0.7378988059347164,,0.998,12.34267,11.39,10.896,8,,LM-STAR,0.9803988928842403,0.013278041768650125,1.0,44.52411444866774,12,point,,0.0,0.0002894663745090098,0.007378305265371987,0.9803988928842403,5.8333333333332e-05,0.000381428571428565,9.950248756218909e-07,0.011492578546241063,0.0,0.0007552357175054384,0.008299768208538439,0.013278041768650125,0.00037930099925508997,0.0009870350806742464,9.95024875621891e-06,0.008483341390470541
2CXO J110436.0-585108,166.1502083333333,-58.85226111111111,0.79,6.23,3.580250397543581e-15,-0.7858788070953461,,0.13,15.48399,,,3,,HM-STAR,0.2890769910027211,0.0664229179076242,0.0,0.15104002728886567,12,point,,0.00032574178142859875,0.1686121606096188,0.2890769910027211,0.1694040552267442,0.000252222222222217,0.09502323409843241,0.007645638293373277,0.2696599567654591,0.000792142995968039,0.04995640309803483,0.0664229179076242,0.04725142888703444,0.0007057572376275249,0.031536560027278816,0.00826270476498797,0.06213263511890369
2CXO J110436.7-584757,166.15312499999996,-58.79936388888888,1.07,5.35,2.23112021154392e-15,-0.6161388262915746,,0.351,13.437493,12.284,11.628,9,,LM-STAR,0.9569903912215382,0.04777436740634653,1.0,11.872144529732617,12,point,,0.0,0.0008586211491638908,0.02286984238499872,0.9569903912215382,0.00040595754042954403,0.00033350877192981997,7.9444444444443e-05,0.01846223448749529,0.0,0.001679850441581722,0.030907335507320555,0.04777436740634653,0.0012745327125716817,0.0011635238884794173,0.0004920020636919448,0.018689640212710155
2CXO J110437.6-585539,166.1567083333333,-58.92762777777777,1.36,6.41,3.985558519192562e-15,-0.4441127238266312,,0.482,16.984093,14.699,,6,,YSO,0.2954538676653901,0.06143080780889186,0.0,0.21503216381342571,12,point,,0.0016406367728989202,0.2619822331160409,0.0994852299509313,0.06247422044287787,0.0036032779623476952,0.26473684273441694,0.010623691355096034,0.2954538676653901,0.002232151371040825,0.09422792693923225,0.048647822002948454,0.025742522843374704,0.0032249238638921065,0.08094039885100328,0.008023855347197418,0.06143080780889186
2CXO J110438.6-584929,166.16108333333332,-58.824938888888894,0.78,6.99,4.849231386522633e-15,-0.7135003291461062,,0.906,9.729494,9.45,9.23,9,,LM-STAR,0.7572084900352846,0.0748045467433133,1.0,4.103349346290857,12,point,,0.0,0.0002055917088455024,0.1787664057601222,0.7572084900352846,9.3333333333332e-05,6.6666666666666e-05,0.0,0.06365951249574754,0.0,0.0007722773807845467,0.06616372952544597,0.0748045467433133,0.0005361876482760984,0.000469017647120961,0.0,0.02833871579735841
2CXO J110439.4-584939,166.1645833333333,-58.82757777777778,0.77,8.9,5.7967809610472256e-15,-0.9972471460758499,,,12.228724,11.408,11.061,8,,LM-STAR,0.9704575740465282,0.01833905556610287,1.0,28.616723742573196,12,point,,0.0,5.574025647502824e-05,0.01708725837195043,0.9704575740465282,0.0,0.0,1.591565979625589e-05,0.012383511665250018,0.0,0.00034189185695115943,0.01497608994988244,0.01833905556610287,0.0,0.0,0.0001343725772973696,0.007044494561732733
2CXO J110439.4-585550,166.16416666666663,-58.93077222222222,1.17,5.29,3.414889652547108e-15,-0.6791184530959875,,0.966,17.768503,15.094,,6,,YSO,0.560810026903182,0.13128087144604839,0.0,0.8323470432774105,12,point,,0.0,0.054263019573623825,0.007524468101118243,0.35851749769434244,0.003767222222222196,0.014140163088770814,0.000977602416740338,0.560810026903182,0.0,0.03671434562111835,0.00810071122408642,0.11175781156807287,0.007686183842460905,0.02826521782248606,0.0031558868943719178,0.13128087144604839
2CXO J110439.8-584701,166.16583333333332,-58.78373055555555,0.78,15.25,3.6311727500709565e-14,0.730570378365283,,0.089,20.023836,,,3,,CV,0.2998515402839405,0.058021958004884085,0.0,0.2569467004766258,12,point,,0.14352690588615488,0.2998515402839405,0.05883184632170363,0.001513698060697791,0.009063046432352126,0.27025142463348234,0.14399622430682846,0.07296531407483996,0.04074551229663548,0.058021958004884085,0.015117651392894636,0.0018187840953943963,0.006018065407889055,0.057177480616242934,0.0599481983580454,0.0232999023236132
2CXO J110440.0-584921,166.1668333333333,-58.82261666666667,0.82,5.35,2.6480692067532613e-15,-0.7165293894551605,,0.947,11.92439,11.075,10.667,9,,LM-STAR,0.981011054855925,0.029702732247455774,1.0,17.42425195445431,12,point,,0.0,0.00016012624280148637,0.01643758042707182,0.981011054855925,2.0490196078431373e-05,8.111111111111e-05,0.0,0.0022896371670120515,0.0,0.0006444013290856939,0.025655367311146583,0.029702732247455774,0.00020001055801475108,0.00040197014504303593,0.0,0.004442843195948404
2CXO J110441.2-585647,166.1717083333333,-58.946527777777774,1.1,7.72,9.899015200440372e-15,-0.3527447820741562,,0.984,12.252909,11.322,10.82,9,,LM-STAR,0.9234167057382661,0.052708350904045465,1.0,11.424694220601936,12,point,,0.0,0.007897987242529962,0.02633590603137212,0.9234167057382661,0.000927704989423903,0.005189941183604147,5.5555555555555e-05,0.03617619925924813,0.0,0.009520148662898761,0.020974194217422398,0.052708350904045465,0.0017324243210900152,0.007329478241977172,0.00045703272594269675,0.024951539973302822
2CXO J110441.4-584352,166.1725,-58.73130833333334,1.18,12.6,2.7655449296579462e-14,0.8115778725097974,,0.651,,,,0,,NS,0.6825522387080687,0.13494480332037756,0.0,1.6212410038126113,12,point,,0.2729415651984847,0.0022420047820715045,0.026400508591237232,1.6662672783826795e-05,4.73109663278058e-06,0.011966250230943443,0.6825522387080687,0.0038760387197774695,0.11770774651417387,0.0036897879623048898,0.033002159224400536,0.00010897677319569464,9.129251063574141e-06,0.011680372707155223,0.13494480332037756,0.003189714458758207
2CXO J110442.5-584742,166.17737499999998,-58.79503333333333,0.96,5.33,2.4080090599902e-15,-0.37151691428466366,,0.482,18.699642,15.687,,6,,LM-STAR,0.3195595786167365,0.12242003397320896,0.0,0.0049865691132084415,12,point,,0.00015635817734077135,0.2530296130532105,0.013595595029202386,0.3195595786167365,0.004945616438356128,0.0824741358916641,0.007737037397263134,0.3185020653962263,0.00048485205107182155,0.11392301436385524,0.009299192233675336,0.12242003397320896,0.006843360383750965,0.049319147914612164,0.006795108869883654,0.0896522739607343
2CXO J110442.7-585411,166.17812499999997,-58.90315555555556,0.88,5.41,2.953421131417662e-15,-0.6688477965507851,,1.0,18.635086,15.461,,6,,YSO,0.3872506593587029,0.11598005860564237,0.0,0.11103578136775787,12,point,,8.4863526755936e-05,0.1788966052735911,0.011031108126108118,0.36314562158909297,0.002766111111111083,0.053747764914288586,0.003077266100349111,0.3872506593587029,0.0004687605443089747,0.0802180050475246,0.010077631263668842,0.10111246303629975,0.0033826808789654862,0.04892802891878425,0.005567830949467645,0.11598005860564237
2CXO J110443.6-585132,166.18187499999996,-58.85905,0.79,6.31,4.356075811196456e-15,-0.10227148573429616,,1.0,19.874487,,,3,,LMXB,0.5013431491456618,0.06052642973010361,1.0,2.295886138307626,12,point,,0.004880559153419622,0.22500023402271235,0.0418323419241555,0.021989124987957437,0.000146815476190474,0.5013431491456618,0.02464422066316905,0.1801635546267335,0.0039833847758807776,0.0598379518095885,0.017684677330378422,0.011454685155337556,0.0005827723820103771,0.06052642973010361,0.016779911364344285,0.03915731041993788
2CXO J110443.6-585425,166.18175,-58.90718611111111,0.77,11.7,1.3882797884560804e-14,0.003514989195014573,,1.0,11.441487,9.436,7.195,9,,HM-STAR,0.5136121916754725,0.09894373602880975,0.0,1.0240642817226324,12,point,,0.0,0.03179330490478773,0.5136121916754725,0.07925000067067263,0.04493298850593707,0.002453439585089726,0.0,0.3279580746580402,0.0,0.01725853571849367,0.09894373602880975,0.028504979246412522,0.02384809825554459,0.002466043794658647,0.0,0.08234773202740804
2CXO J110444.6-584941,166.18595833333333,-58.82809166666667,0.78,6.32,3.548233660528579e-15,-0.8962008851435854,,0.987,12.195616,11.373,11.032,9,,LM-STAR,0.9799849523258685,0.015444414632131235,1.0,35.680032493095396,12,point,,5.2777777777777004e-05,0.0016881946395932957,0.013503779618096592,0.9799849523258685,0.00011111111111111,0.0,0.0,0.004659184527552587,0.00035903313026377923,0.0024118594017488487,0.011643037513401426,0.015444414632131235,0.0005583543418106678,0.0,0.0,0.004716266547223266
2CXO J110445.0-585009,166.18749999999997,-58.83593333333334,0.72,10.54,1.1997840193344748e-14,0.34654200329182455,,1.0,,,,0,,LMXB,0.6869371816147551,0.07420663200650282,1.0,5.316947343642237,12,point,,0.09861717120335185,0.05173079438625945,0.0026141089911623483,0.06010592675483058,2e-05,0.6869371816147551,0.09358545296731988,0.006389364082320448,0.033257347330524774,0.040871429329777074,0.0019469535557081273,0.04368643977827998,0.0002,0.07420663200650282,0.034896362803991665,0.0039027390472976668
2CXO J110445.4-584807,166.18937499999998,-58.80219444444444,0.85,5.03,4.4806572661462656e-15,0.8045557356534624,,0.833,,,,0,,AGN,0.8542165212808641,0.21298553671041773,1.0,2.330170591891635,12,point,,0.8542165212808641,0.001613667096949724,0.004277299847479495,0.000670125439565952,2.3271309573285265e-05,0.05903211947261088,0.06544919945931987,0.014717796093636507,0.21298553671041773,0.0023515303739902534,0.0050924742229109,0.005587524353475698,0.00022321566886875392,0.12827033724802991,0.09536933953955065,0.022916867639589732
2CXO J110448.4-584833,166.20174999999998,-58.80921111111111,0.79,5.72,2.588486407761284e-15,-0.8225749411621079,,0.933,17.351162,14.8,,6,,LM-STAR,0.5458074798977303,0.15003940787466175,0.0,0.4376894415633399,12,point,,0.0,0.02351277794709895,0.00859417732374728,0.5458074798977303,0.0015905555555555378,0.004257081911192934,0.000765733163337574,0.41547219420133735,0.0,0.012707118461987176,0.008662449441643825,0.15003940787466175,0.0039886409281136076,0.005746766689445662,0.002529285580515459,0.1477408749461007
2CXO J110449.9-585549,166.20829166666664,-58.93033888888888,0.84,8.02,1.469396308126156e-14,0.7683481416882033,,0.179,17.81862,15.677,,6,,CV,0.45226823986921416,0.05267649190019156,1.0,3.7460756400406305,12,point,,0.05805579995419274,0.45226823986921416,0.06601013229630608,0.014691574003264807,0.11568459631022546,0.111121906218189,0.032659839770166864,0.14950791157844054,0.018638784298080354,0.05267649190019156,0.017342515144251704,0.009742022897028186,0.0371731736968806,0.024950277329417025,0.017834520459318447,0.024777917545217392
2CXO J110450.0-585559,166.20837499999996,-58.93306944444444,0.76,15.45,2.2109617153256668e-14,-0.8842460003917204,,0.85,11.698784,10.794,10.182,9,,LM-STAR,0.9905387701557353,0.007972471542896917,1.0,73.03359346718736,12,point,,0.0,0.0012707068433650203,0.005290287709736544,0.9905387701557353,0.00020277777777777403,0.0,0.0,0.002697457513385184,0.0,0.002238264377315443,0.005517874963038777,0.007972471542896917,0.000693815652476136,0.0,0.0,0.0030882800397887527
2CXO J110450.7-584543,166.21162499999997,-58.76208611111111,0.85,11.36,1.3267339618987012e-14,-0.43121415266282287,,0.997,16.458715,14.099,,6,,LM-STAR,0.38987326956571466,0.11950583694301747,0.0,0.3189865780283636,12,point,,0.0,0.17003186772159423,0.005584168614430538,0.38987326956571466,0.004154123560677248,0.10693239689659728,0.001959120857347919,0.3214650527836379,0.0,0.07812525204416468,0.004924313552732025,0.11950583694301747,0.004688450403852513,0.06391533312093238,0.0025605368197710522,0.09494900690935941
2CXO J110451.8-585147,166.21616666666662,-58.86320555555556,0.72,10.17,8.100776615297285e-15,-0.786297084943302,,0.991,13.696711,12.344,11.751,9,,LM-STAR,0.98934684137096,0.006718124376320836,1.0,75.87015817083793,12,point,,0.0,0.00010844499389698809,0.0016197883329865717,0.98934684137096,3.1111111111111e-05,0.00016499999999999702,1.2698412698412e-05,0.00871611577834678,0.0,0.0004961357957100407,0.0024416701478802974,0.006718124376320836,0.00022780857145875418,0.0005676821846121452,0.00012698412698412,0.006206993341036663
2CXO J110453.3-584900,166.22241666666665,-58.81691944444445,0.73,7.79,8.486358289449471e-15,0.6365087975682148,,0.52,,,,0,,AGN,0.4687888587074046,0.27581908151785667,0.0,0.23608322524987,12,point,,0.4687888587074046,0.0017922314170390134,0.0091926474222987,5.278135611778438e-05,4.0561408475468e-07,0.16247061300059798,0.35442191474673657,0.0032805477357203705,0.27581908151785667,0.0021255724356795624,0.009323172601591493,0.00014104714758963194,2.516985743505912e-06,0.1327942422582153,0.2086157775858442,0.0029588385963720365
2CXO J110454.3-584918,166.226375,-58.821783333333336,0.76,5.09,1.853087974521157e-15,-0.7520332222913264,,0.141,18.008957,15.346,14.339160550833784,8,,YSO,0.5173787275817646,0.14303120886247717,0.0,0.5962166027337372,12,point,,3.9999999999999e-05,0.09662536178261964,0.017700104113389972,0.34766842731725583,0.009048386150234702,0.01083528935103124,0.0007037037037036971,0.5173787275817646,0.00025539203278542884,0.05679077983649887,0.011722151346633045,0.14161416915343705,0.007592129193320535,0.014206738457499249,0.0018824575267300434,0.14303120886247717
2CXO J110454.4-584312,166.22679166666663,-58.72005277777778,1.29,7.06,5.189704202495883e-15,-0.8407214799266925,,0.146,13.888062,12.526,,6,,LM-STAR,0.8517530137067095,0.05680816006925721,1.0,7.425986643953393,12,point,,0.0,0.0028202129836216393,0.1038396934096497,0.8517530137067095,7.1666666666664e-05,0.001246031746031733,3.4920634920634004e-05,0.04023446085240002,0.0,0.0033756725479656443,0.04390752340238598,0.05680816006925721,0.00038871208101936937,0.002446106038304648,0.00033355085781367123,0.019388853736975815
2CXO J110454.9-584712,166.22912499999998,-58.786858333333335,0.9,5.73,2.341579003724094e-15,-0.7836260509237474,,0.262,13.414476,12.329,11.677,8,,LM-STAR,0.9642217241070697,0.0371785124979283,1.0,14.460781008767656,12,point,,0.0,0.00011716024992273962,0.022966966440615896,0.9642217241070697,3.1111111111111e-05,8.111111111110899e-05,6.3809523809523e-05,0.012518117456359666,0.0,0.0004862059877982501,0.02791166189139172,0.0371785124979283,0.0003111111111111101,0.0004933413716092102,0.000574635063252965,0.012707527791548219
2CXO J110455.3-585516,166.23079166666665,-58.92136666666666,0.91,6.01,3.841653828827981e-15,-0.3043416065544336,,1.0,18.923538,16.163,,6,,YSO,0.4308015732860489,0.08179037514814036,0.0,0.47602007514234024,12,point,,4.166666666666e-06,0.08097346723250468,0.0033987298298332165,0.3401351314170656,0.004322070766568287,0.1346047595138148,0.005760101287497671,0.4308015732860489,4.1666666666660004e-05,0.03985245130849184,0.0047746596099608254,0.10867731015246825,0.0035244135318730292,0.07791673859273748,0.005861792203362713,0.08179037514814036
2CXO J110455.7-585534,166.23220833333332,-58.926141666666666,0.93,5.47,3.755786125760005e-15,-0.6157359484126161,,0.431,10.919867,10.312,9.996,9,,LM-STAR,0.8560591831462829,0.08187817645747122,1.0,4.572950119795185,12,point,,0.0,0.0001281089460291462,0.12803675459566308,0.8560591831462829,4.901960784313724e-07,4.4444444444444e-05,8.333333333333e-06,0.015722685338168514,0.0,0.0005213473294996232,0.07732374122782965,0.08187817645747122,4.901960784313725e-06,0.0003502978263606686,8.333333333332998e-05,0.012565340727018497
2CXO J110456.3-585015,166.23479166666664,-58.83753055555556,0.72,12.68,1.2552797884560804e-14,-0.5209036220206441,,1.0,16.743721,13.182,12.293,7,,YSO,0.5076937222854846,0.04923456916323197,1.0,2.9157131310354676,12,point,,0.0005438972431077556,0.07376476620889179,0.07409368589553504,0.24694949365719043,0.005462696806117821,0.07841188503586399,0.013079852867808247,0.5076937222854846,0.0009018094490637681,0.017818544557115984,0.015710199578630412,0.04019268822120597,0.005575075737709615,0.021590733187950184,0.009779346205745453,0.04923456916323197
2CXO J110458.3-585053,166.24295833333332,-58.84810555555556,0.73,6.37,6.374110669093223e-15,0.7789246066029683,,0.013,,,,0,,AGN,0.9247037042161685,0.07353509295551175,1.0,6.740459556985239,12,point,,0.9247037042161685,0.00033981819529626416,0.01027546194508456,8.004414297619857e-07,1.1094355466921573e-06,0.010673346643261854,0.04810051530734128,0.005905243815870934,0.07353509295551175,0.0007301186201591156,0.0065946598094076304,5.276859531840686e-06,5.356864223138915e-06,0.029213182604208524,0.0565158600244509,0.007012960390061781
2CXO J110458.5-584450,166.24379166666665,-58.74739722222223,0.99,6.91,4.451141734426208e-15,-0.6955982377219718,,0.98,12.841857,11.881,11.377,9,,LM-STAR,0.9790080753013494,0.023948925462235315,1.0,24.697909432274272,12,point,,0.0,0.00041563106282925923,0.00892600894863735,0.9790080753013494,9.0555555555554e-05,0.00055777777777777,9.950248756218909e-07,0.01100095632897488,0.0,0.0015913506823779745,0.009653813764595863,0.023948925462235315,0.0004252047033847548,0.0013627259711980208,9.95024875621891e-06,0.015244963462930965
2CXO J110458.9-584120,166.24545833333332,-58.689030555555554,2.46,6.31,1.1702215980665524e-14,0.6229386705036632,,0.141,19.482607,,,3,,CV,0.3447359654884528,0.09447952015756929,0.0,0.32794163470680854,12,point,,0.09499515148073921,0.3447359654884528,0.05158892831896819,0.0013158600956672784,0.007372743392096226,0.2882627035808872,0.10722301397778802,0.10450563366540083,0.08378001108675152,0.09447952015756929,0.024151376713308796,0.0016199773688925622,0.006162305393504104,0.07772570153700065,0.06521700511009768,0.037748863673728074
2CXO J110500.7-584942,166.2530833333333,-58.82859444444445,0.73,6.81,4.334620211543919e-15,-0.7507877575500261,,0.827,16.62671,14.411,13.573,8,,YSO,0.5574530584511771,0.1615409060610697,0.0,0.4241344674294501,12,point,,0.0,0.015435914270447208,0.003663307093126741,0.4195762671937959,0.001519126984126965,0.001985555555555532,0.000366770451770448,0.5574530584511771,0.0,0.014736615837154172,0.004416067979151784,0.16353711009972582,0.002391515527887464,0.00258152544054856,0.0016496791703969884,0.1615409060610697
2CXO J110506.2-584441,166.27612499999998,-58.744925,1.04,7.84,7.33468544554439e-15,-0.274699690760847,,0.921,13.399471,12.404,11.705,9,,LM-STAR,0.7345917733683613,0.10942203471137908,1.0,3.7693340941443454,12,point,,3.611111111111e-05,0.06491234351340117,0.12169542269368894,0.7345917733683613,0.003400050413312079,0.006095782483099524,0.000123333333333331,0.0691451830836923,0.00021500267531548086,0.04052023549640096,0.053178662219892134,0.10942203471137908,0.004183700155903865,0.00729344504699165,0.0005647709316727373,0.029950280663218823
2CXO J110506.3-584209,166.27645833333332,-58.702625000000005,1.19,9.25,1.2520089400731072e-14,-0.8146544735242989,,0.798,13.102275,11.93,11.497,9,,LM-STAR,0.9914669391604282,0.010409895202873515,1.0,55.77686086070928,12,point,,0.0,0.0003733593040940716,0.002857076391066726,0.9914669391604282,1.6666666666666e-05,0.00019111111111110802,1.587301587301e-06,0.005093260065045802,0.0,0.001120347036356708,0.003278416642434826,0.010409895202873515,0.00016666666666666,0.0007915377353809265,1.587301587301e-05,0.007274385767305831
2CXO J110507.1-584543,166.27983333333333,-58.762,0.89,7.73,5.454412577763636e-15,-0.703953144480789,,0.253,16.425606,14.208,13.234937293333775,8,,YSO,0.7008313503505523,0.1252314881078836,0.0,1.8284325027302164,12,point,,1.1111111111111e-05,0.02791386119443034,0.00633893881545604,0.2559202395356124,0.003253029870041478,0.005531839493166505,0.000199629629629627,0.7008313503505523,0.00011111111111111003,0.02122602456161596,0.00584180162493361,0.11809776257574754,0.003668174567549184,0.01113508904965873,0.0006915162357053382,0.1252314881078836
2CXO J110507.7-585206,166.28225,-58.86855833333333,0.72,10.82,1.9667099999999998e-14,0.7887741456544177,,0.827,,,,0,,AGN,0.48795849339031805,0.15599452947432949,0.0,0.13710844083397003,12,point,,0.48795849339031805,0.006723567107588004,0.033258245777603015,1.5643104610287537e-05,3.0198714633878134e-05,0.023886097115158655,0.44566249862339935,0.0024652561666884828,0.15599452947432949,0.006781425324622235,0.02806321607118568,0.00011210586452393963,0.000226738157447243,0.0429102285308463,0.15249118088493696,0.0022303406303671837
2CXO J110507.9-584732,166.28304166666666,-58.79230277777778,0.88,5.09,2.037156174010271e-15,-0.796420539450732,,0.681,18.672127,15.962,,6,,CV,0.3685515478096724,0.06790280986597547,0.0,0.9948882476435522,12,point,,0.0011964413729108597,0.3685515478096724,0.050890475670099126,0.09466747760219181,0.0026598015873015614,0.2341577321851892,0.05364678971488706,0.19422973405774774,0.00180641106870413,0.06790280986597547,0.018989083531357028,0.039023838130389704,0.0033815484441516237,0.06718152341748866,0.02690347887688587,0.04081435445224038
2CXO J110508.3-585823,166.28470833333333,-58.973127777777776,1.06,5.52,8.188466545338841e-15,-0.25428345181778483,,1.0,17.84159,15.228,,6,,YSO,0.3262420124277011,0.08454164009440059,0.0,0.4846345457206924,12,point,,5.385960975283429e-05,0.2388242908653094,0.0042961702558212325,0.21144299858683804,0.0026743703475478903,0.20979052181939575,0.006675776087633461,0.3262420124277011,0.00027116006323408794,0.09583700260510859,0.004355241319793534,0.09460577955508855,0.002728044002410343,0.09890534479172103,0.0051099435216645965,0.08454164009440059
2CXO J110510.3-585029,166.29324999999997,-58.84151111111111,0.72,8.18,5.8733836747198346e-15,-0.6515275586660576,,0.262,15.494361,13.681,12.762,9,,LM-STAR,0.8315799124804737,0.08664219434520959,1.0,4.049336273180884,12,point,,0.0,0.006889875316760299,0.0062720067452216284,0.8315799124804737,0.000736111111111102,0.001823530982905963,8.4999999999999e-05,0.1526135633635272,0.0,0.006979503508025314,0.0057512924675541515,0.08664219434520959,0.0012991880924114636,0.0026892073600693015,0.0006680426783352307,0.08103129664485742
2CXO J110510.9-584447,166.29583333333332,-58.746544444444446,1.14,5.09,3.2966030970249336e-15,-0.6665762487592196,,0.771,15.961198,13.769,12.389,9,,LM-STAR,0.6547342204946687,0.14775126190976928,0.0,1.1933524195619154,12,point,,6.666666666666e-06,0.017213666361097425,0.012314114932840655,0.6547342204946687,0.004967380952380919,0.003127777777777753,0.00025555555555555303,0.30738061725901217,6.666666666665996e-05,0.01597191448053742,0.01078769106459477,0.14775126190976928,0.006044231200399399,0.0080202873609857,0.0010941465864829508,0.14332252110830304
2CXO J110512.4-584217,166.30187499999997,-58.70488055555556,1.29,8.06,9.78367923797402e-15,-0.4694552926646342,,0.991,16.201986,14.102,13.03,9,,LM-STAR,0.4589668587801677,0.1811704099510371,0.0,0.2031238749056905,12,point,,3.1111111111111e-05,0.09748912246418108,0.006516985600186365,0.4589668587801677,0.004278269841269816,0.030910621233841366,0.001676837791837772,0.40013019317740456,0.00022780857145875415,0.076500616020951,0.005988949717369282,0.1811704099510371,0.004881450214238588,0.03529818772974117,0.003247759722775646,0.1084886251086314
2CXO J110513.3-584503,166.30558333333332,-58.750875,0.91,7.02,4.89409307887399e-15,-0.7336900394710086,,0.254,17.214458,14.896,,6,,LM-STAR,0.49224737758555626,0.1260955053019037,0.0,0.5597206202632369,12,point,,7.5555555555553e-05,0.11301722179134334,0.005504604752121441,0.49224737758555626,0.002459074074074054,0.024245613613834708,0.002848655007923131,0.35960189761959127,0.0003319762873963065,0.10706361360783889,0.005461532203038345,0.1260955053019037,0.003931657202459345,0.02825726352476847,0.0037127452111949664,0.1108896533002249
2CXO J110513.3-585426,166.30583333333334,-58.90724166666666,0.81,5.85,3.743875212963045e-15,-0.3359167940860601,,0.985,18.380178,14.719,13.70936502729983,6,,LM-STAR,0.39842843330959643,0.1032551222375344,0.0,0.6363104673575698,12,point,,0.0016202045606974992,0.11670769925016691,0.04895853329511693,0.39842843330959643,0.010356687370600377,0.09060223500942124,0.028214178478057773,0.3051120287263425,0.0029352784375569043,0.0418850799306432,0.01623881500455646,0.1032551222375344,0.00959653465365358,0.052586305052098235,0.038891550198051864,0.04339719509864336
2CXO J110514.3-584941,166.30995833333333,-58.82819444444445,0.74,5.96,4.5840615774798106e-15,0.18663235150347698,,1.0,17.838081,14.922,13.974,9,,YSO,0.5237704469222727,0.08916920401293835,1.0,2.0492232850244,12,point,,0.001319999999999989,0.2074895020348241,0.04105006985142448,0.11026235385066788,0.043094128631437696,0.06861160982048402,0.0044018888888888545,0.5237704469222727,0.003530990830689686,0.06517266160942241,0.01781722688415115,0.03825458733435157,0.014987861371434262,0.036919352312132454,0.005830637075291785,0.08916920401293835
2CXO J110514.8-585909,166.3118333333333,-58.98596388888889,1.96,6.88,1.1478300000000002e-14,-0.2714949077825114,,0.191,12.551964,11.558,11.079,9,,LM-STAR,0.8650011629955927,0.10039247228312011,1.0,5.659556301890857,12,point,,0.0,0.04442145986597886,0.05536136682296064,0.8650011629955927,0.003741212121212094,0.006291005661005631,0.000207777777777774,0.02497601475547216,0.0,0.04242291169913692,0.042664642618649065,0.10039247228312011,0.0037713689358968524,0.007598451562125212,0.0006335597287678856,0.018185409080249692
2CXO J110515.1-584744,166.313125,-58.79577222222222,0.78,5.49,2.5864110605578493e-15,-0.2914253357404299,,1.0,19.2109,16.16,,6,,YSO,0.4653413045417116,0.0806342289127228,0.0,1.4584972974610242,12,point,,0.0022977888911751643,0.15006809593341436,0.03583028473495765,0.07314812878836692,0.002548015873015841,0.2547681580134752,0.01599822322388304,0.4653413045417116,0.0023009392268168462,0.04296756346148717,0.014146453123265226,0.02631856410841868,0.002300261507706291,0.06374255320048751,0.008233409870942418,0.0806342289127228
2CXO J110515.1-584831,166.31320833333334,-58.80885833333333,0.74,8.29,4.918914621575804e-15,-0.9221404275842698,,0.413,12.575594,11.639,11.322,9,,LM-STAR,0.9898072456479418,0.010185092182585325,1.0,57.02123446145903,12,point,,0.0,8.469005344808023e-05,0.0067041081607419175,0.9898072456479418,0.0,0.0,2.5823264629228906e-06,0.003401373811405292,0.0,0.00038156900888935486,0.007055908416089624,0.010185092182585325,0.0,0.0,1.864857546633488e-05,0.0055909518620513516
2CXO J110515.6-585437,166.31529166666664,-58.910402777777776,0.92,5.03,2.869819522314638e-15,0.37045431321356476,,0.942,20.780518,,,3,,LMXB,0.5793370766226099,0.10308009305264047,1.0,2.292054855466759,12,point,,0.008040091533807175,0.18011450884018124,0.040848343047059074,0.001625277398829569,0.0004023897264098207,0.5793370766226099,0.011065023303577481,0.17856728952752549,0.023062318254371446,0.062403646778345846,0.020529521126171915,0.0029097466729846332,0.0009327018762134869,0.10308009305264047,0.012809195407335145,0.0717716501939106
2CXO J110516.3-585611,166.31833333333333,-58.93662777777777,0.83,8.97,8.277648655101534e-15,0.03700946460317099,,1.0,16.145748,14.39,13.299,8,,YSO,0.558472756292165,0.10094136378949516,1.0,2.009689916548044,12,point,,6.6666666666666e-05,0.08443728287241667,0.04004965857745653,0.06471230772308786,0.033824190833199506,0.21219948474902195,0.006237652285985578,0.558472756292165,0.0004217700928507639,0.05219360069577899,0.01875828329658628,0.025034773270438387,0.017468818806855697,0.07136047675410542,0.006259345052605314,0.10094136378949516
2CXO J110516.9-584508,166.32066666666665,-58.75227777777778,0.96,6.17,7.744821108443353e-15,0.7185677775680998,,0.219,,16.386,,3,,AGN,0.5172730999674987,0.22073367244459677,0.0,0.7568759828175305,12,point,,0.5172730999674987,0.008611607748275279,0.10115748517533625,0.0022422259260056763,0.011327819607043592,0.05684040206145387,0.19469343622469584,0.10785392328969047,0.22073367244459677,0.006255926740044236,0.03551872302133515,0.002781155044957033,0.0070807322126963355,0.07123395982708465,0.20546516470435677,0.022689366780664414
2CXO J110517.7-585044,166.32391666666666,-58.845675,0.74,5.37,2.7361550014191253e-15,-0.10702870044576591,,1.0,19.9402,,,3,,LMXB,0.4890873125143426,0.05595091274886472,1.0,2.5412723791444694,12,point,,0.005182908816465144,0.18750415771380427,0.04770679553954486,0.022057168883935285,0.000291815476190472,0.4890873125143426,0.023765227388507604,0.22440461366720946,0.0036721916122087264,0.05323628393933882,0.018543658823285687,0.015971801783678713,0.0007985458780471522,0.05595091274886472,0.018261009116146726,0.04820269983485987
2CXO J110518.3-584842,166.32625,-58.81193888888889,0.78,5.09,2.1127209246488776e-15,-0.34626323231313255,,0.011,17.617765,,,1,,LMXB,0.5650514429500675,0.10999421141495191,0.0,1.628897419803125,12,point,,0.024853834266976155,0.04231955620576109,0.11009363518506461,0.019642515112806222,4.7089868307854535e-05,0.5650514429500675,0.2196854442458152,0.0183064821652012,0.01682177373765105,0.018257061762512974,0.040777125634715417,0.010294373520492903,0.0002794334370931199,0.10999421141495191,0.10203018895888781,0.009034927151074524
2CXO J110518.4-584615,166.32691666666665,-58.77087777777778,0.85,7.19,4.421114387325877e-15,-0.7635464138723133,,0.063,9.646238,9.477,,6,,HM-STAR,0.5014269956198124,0.08683653478583579,0.0,0.59995564586419,12,point,,0.0,0.0014206657829195601,0.5014269956198124,0.39965589988041833,9.111111111111001e-05,0.00038888888888888404,0.0,0.09701643871684965,0.0,0.002466828450692411,0.08683653478583579,0.08279449784291901,0.0004934108795384269,0.0010739579642338151,0.0,0.025097731777405777
2CXO J110519.6-584459,166.33195833333332,-58.749944444444445,1.26,6.24,6.353821728749707e-15,0.6958429003598624,,0.35,,,,0,,AGN,0.9601031360354976,0.13337550271310317,1.0,3.966341865734318,12,point,,0.9601031360354976,3.8338703427098814e-05,0.0016315136625480618,1.136692568559897e-05,6.088280060882802e-08,0.011620547401450925,0.025003025231825564,0.0015920111567644132,0.13337550271310317,0.00014350237791724553,0.002687495418161206,0.00011110393043257713,6.088280060882798e-07,0.0741640607088938,0.10238332556191496,0.0032942073984005334
2CXO J110520.0-585357,166.3335,-58.89921666666667,0.74,10.13,8.202287216368947e-15,-0.8188437986177155,,0.935,16.447186,,,3,,YSO,0.31713773672378415,0.06821573694864502,0.0,0.03072392337068344,12,point,,0.0007238363090051861,0.18899583452390672,0.09149275024501458,0.06301225492230193,0.000347777777777769,0.3133898388571104,0.024899970641099035,0.31713773672378415,0.0011625056293723807,0.052187319129393415,0.029896852445892838,0.0165023950344896,0.000951682831618015,0.05377056738675609,0.016855105201798053,0.06821573694864502
2CXO J110520.7-584757,166.33625,-58.79931944444444,0.72,14.39,1.6865849621825264e-14,-0.808765067203418,,0.19,14.233187,12.738,12.136,9,,LM-STAR,0.7601163630217357,0.06989988474250955,1.0,4.08729612559098,12,point,,2.2222222222222e-05,0.02786213902027918,0.004322344723087672,0.7601163630217357,0.001049444444444433,0.0008399999999999901,7.3333333333332e-05,0.20571415323489733,0.00015633921570698696,0.016609572429820852,0.004310020833205499,0.06989988474250955,0.0016576617001092025,0.0016669711655997435,0.00047985220320927743,0.065740448806036
2CXO J110521.8-584528,166.341,-58.7578,0.82,9.94,1.0627595769121604e-14,-0.11889761302297291,,1.0,17.870281,15.17,,6,,YSO,0.3559686582360832,0.07100699114188684,0.0,0.8568114950924214,12,point,,5.824279873536262e-05,0.2152236676034028,0.00383359365941224,0.18638509035500217,0.0031482592364367747,0.2270203072900601,0.008362180820867163,0.3559686582360832,0.0002715398520840135,0.09325900136501657,0.0033621307419678696,0.07665941424269089,0.002679775691742081,0.06392847005039128,0.005836142357654337,0.07100699114188684
2CXO J110522.3-584435,166.343,-58.74315555555555,1.15,7.3,5.563036460690223e-15,-0.7936672288089612,,0.531,11.645756,10.803,10.461,8,,LM-STAR,0.938528355279893,0.03496187530327783,1.0,13.179314568784655,12,point,,0.0,0.00023415927961127227,0.056270343004526116,0.938528355279893,0.0,3.3333333333333e-05,3.4920634920634004e-05,0.0048988884677155856,0.0,0.0008613721345134863,0.03198075723430529,0.03496187530327783,0.0,0.0002627233697705031,0.00033355085781367123,0.0046082531133255274
2CXO J110522.5-585718,166.34383333333332,-58.955041666666666,1.13,9.16,1.4853204738115934e-14,0.6540879990942428,,0.468,,,,0,,NS,0.5787167053696378,0.298917194796008,0.0,0.4251735374141373,12,point,,0.31341427870759986,0.00312807981336665,0.007779513236449579,7.297208919453737e-05,1.0855684084337e-06,0.09511344269135759,0.5787167053696378,0.0017739225239853398,0.32506902098680074,0.003777357077416031,0.009796515880760765,0.00021094825956018162,8.894123191518835e-06,0.07463562626826939,0.298917194796008,0.0021623894914595504
2CXO J110523.5-584338,166.34820833333333,-58.72744166666667,1.35,6.0,4.010861807222905e-15,-0.9960213809442847,,,17.55856,13.245,12.35,8,,YSO,0.5501504368963466,0.06045372005076308,1.0,2.214818559577357,12,point,,0.000151111111111109,0.0687367441807048,0.03056787079127331,0.291575979877707,0.006966666666666626,0.05059841269841264,0.0012527777777777702,0.5501504368963466,0.0005486143253823301,0.02958208834096174,0.01018367994014449,0.05629374709525094,0.00555065440374054,0.020726435706245713,0.004435775601592034,0.06045372005076308
2CXO J110523.7-584949,166.349,-58.83033611111112,0.73,7.8,5.052648080743801e-15,-0.679858299557992,,1.0,17.621939,15.05,13.943,9,,YSO,0.6232387073241296,0.11565311824125375,1.0,2.079532167852034,12,point,,4.3835125448028e-05,0.17631836638146958,0.003095502832745127,0.18410262363726052,0.0020322222222222018,0.010390561445051006,0.000778181031673787,0.6232387073241296,0.0002976699811616324,0.09926076857026292,0.003478654681893157,0.07049342789384716,0.0028617518051777474,0.015972462849185208,0.0021395939180515623,0.11565311824125375
2CXO J110524.4-584913,166.3519583333333,-58.82048888888889,0.74,8.54,1.2074094481658912e-14,0.7422389499411831,,0.97,,,,0,,AGN,0.8084621005313817,0.15261770514050163,1.0,2.644745637268859,12,point,,0.8084621005313817,0.03158520400108873,0.005989907965461513,0.00032783901357948575,1.4268824688541128e-05,0.08224001235829041,0.06623291537370796,0.00514775193180149,0.15261770514050163,0.01946226051876456,0.0053621749766852985,0.0016155930827546233,0.00011267582044771655,0.12197281802339582,0.06931504643939916,0.006437356624809458
2CXO J110525.4-585807,166.35591666666667,-58.96881944444445,1.3,5.29,5.979286962750177e-15,0.1201328537744311,,0.532,16.000652,14.106,13.239,9,,YSO,0.5192427953158444,0.10785914025273825,1.0,2.2467571644823496,12,point,,0.000114444444444443,0.13579957966104975,0.06261899099589682,0.07339779017998589,0.0943291205606461,0.11311479410464761,0.0013824847374847198,0.5192427953158444,0.0004922279098662251,0.06280603964138687,0.03760991768822097,0.026199864123034988,0.03764401460851751,0.05491635076255714,0.003201485949235736,0.10785914025273825
2CXO J110525.5-584727,166.356375,-58.790905555555554,0.94,6.44,9.45393935865622e-15,0.8834071436274222,,0.521,,,,0,,AGN,0.7019399987755015,0.19550646075728834,0.0,1.4945751380437249,12,point,,0.7019399987755015,0.001151888413632445,0.024806267260974825,7.245939863627789e-06,5.50589820227615e-06,0.0457691533899091,0.1978286452427528,0.028491295079163113,0.19550646075728834,0.001720204196703764,0.0274909969787641,3.889232445515538e-05,1.609124184740059e-05,0.09313987910894175,0.14178762416412197,0.016110246405197662
2CXO J110526.1-584225,166.35895833333333,-58.70710277777778,2.25,5.76,1.0602541734426207e-14,0.19914642342014421,,0.999,,,,0,,LMXB,0.5280134465570709,0.08958329015976316,0.0,1.511316530832541,12,point,,0.08627763670261297,0.023403572815811947,0.0008328952435705504,0.08375852755268548,3.089618379989911e-06,0.5280134465570709,0.27302926184297105,0.0046815696668968225,0.03167337530814425,0.021331911795877463,0.0011998940565732697,0.05313243312745031,2.0327825519778123e-05,0.08958329015976316,0.07913330858850594,0.0035312994617944884
2CXO J110526.5-584525,166.36054166666665,-58.757080555555554,0.91,5.52,6.256871418596529e-15,0.6909848867357536,,0.631,,,,0,,AGN,0.9454016425634164,0.14161366843530881,1.0,4.2140605548281656,12,point,,0.9454016425634164,2.9842680694240828e-05,0.004365660361581933,8.715411242112298e-07,0.0,0.01907684615131607,0.02881510809716229,0.002310028604704721,0.14161366843530881,9.604611445265969e-05,0.013198667107115467,6.150720600930787e-06,0.0,0.07820395980232635,0.07506506929949663,0.004648389516903482
2CXO J110527.2-585737,166.36370833333334,-58.96030277777778,1.05,9.61,9.419648646087863e-15,-0.8565448306039579,,0.951,16.530275,14.087,12.741,9,,YSO,0.5767269434450448,0.09754640481612863,0.0,1.5194400293771642,12,point,,5.1111111111110004e-05,0.13289574382478406,0.005852808469817272,0.2729066577541667,0.006332453610552168,0.005066504006745912,0.000167777777777775,0.5767269434450448,0.00027689872130092034,0.0709330966405048,0.004512733309878333,0.10240902601151484,0.007433746874637087,0.0057537376236900745,0.0006501882275643239,0.09754640481612863
2CXO J110528.5-584930,166.369125,-58.82518055555556,0.75,8.66,6.479520096672373e-15,-0.8173938837526493,,0.968,12.886455,11.673,11.191,9,,LM-STAR,0.9933811989463192,0.006756791727861584,1.0,82.98939885459811,12,point,,0.0,1.7333882785878088e-05,0.0019425345635545588,0.9933811989463192,1.9999999999999e-05,0.00010666666666666501,1.587301587301e-06,0.004530678639086324,0.0,0.00011723180800196449,0.003534488327485725,0.006756791727861584,0.00019999999999999,0.00084171542013013,1.587301587301e-05,0.005158591850705508
2CXO J110529.2-584629,166.371875,-58.77486111111111,0.91,6.54,4.716623638321485e-15,-0.25587342272948366,,1.0,17.012604,14.929,13.603706710269943,8,,YSO,0.59405257753941,0.11245984005268925,0.0,1.4776598648568726,12,point,,2.6984126984126e-05,0.07706259232823501,0.012116806619152225,0.27366736750360054,0.012319110918321401,0.02886015823739382,0.001894402726902711,0.59405257753941,0.0002267961899017936,0.0436106065990764,0.0073974140793086895,0.10435948194117314,0.015185154676302642,0.03092694278143948,0.0036269957032361373,0.11245984005268925
2CXO J110529.3-585405,166.37241666666665,-58.90160833333333,0.9,5.67,6.204633758103373e-15,0.6835630172315432,,0.752,,,,0,,AGN,0.8963863653073364,0.19968868666861697,1.0,2.6083587267894424,12,point,,0.8963863653073364,0.0007245453671955752,0.0028225979461875207,0.00015226770561980812,0.0,0.05232952806126342,0.04505637735922785,0.00252831825316935,0.19968868666861697,0.002676848654510172,0.004272963239112054,0.0011454553907253183,0.0,0.12390822834812977,0.10680655247965035,0.004952593262719418
2CXO J110529.6-584720,166.37375,-58.78897222222222,0.88,7.3,4.865988963317827e-15,-0.39890217381128673,,1.0,18.54345,15.541,,6,,YSO,0.3665649099878269,0.09737510649954394,0.0,0.5031254961084497,12,point,,0.00012027994504665822,0.22155511098093428,0.006359327282573612,0.2652746920844146,0.002837456561103376,0.13243022510036606,0.0048579980577342675,0.3665649099878269,0.00048057929256761436,0.08280128214677264,0.0054955470430918295,0.1039468672164909,0.003451324314832595,0.0641016886491302,0.004490338450358133,0.09737510649954394
2CXO J110529.6-585718,166.37349999999998,-58.955194444444444,1.34,5.52,4.639564520895513e-15,-0.1151751210807981,,0.877,19.036549,15.992,,6,,LM-STAR,0.2635407985415998,0.12440114261147621,0.0,0.07572921229026532,12,point,,6.560827982878489e-05,0.24508629789731845,0.006289212177139138,0.2635407985415998,0.007469444444444401,0.2239527220990458,0.013145235217168207,0.2404506813434552,0.0005026131901683513,0.11928950312700569,0.005582023920733055,0.12440114261147621,0.007943007549806067,0.10575415809202263,0.012124201031350697,0.0714223916310426
2CXO J110532.7-584349,166.38641666666666,-58.730358333333335,1.94,5.24,1.0743510002838251e-14,0.07819472091164027,,0.934,8.913376,8.804,8.733,9,,LM-STAR,0.5102996137377738,0.10594629376683165,0.0,0.30868437972639445,12,point,,3.8888888888888e-05,0.005628123561041685,0.4457468979335226,0.5102996137377738,0.0016642580455871706,0.0018671042735042525,3.3333333333333e-05,0.034721780226348094,0.00022687332407139948,0.004510377772027933,0.10317577409247534,0.10594629376683165,0.0050371981934664205,0.0030586992286306598,0.00033333333333333007,0.013877963718327228
2CXO J110533.2-585105,166.38841666666664,-58.85160277777778,0.79,5.76,2.911934717346811e-15,-0.8089089396856675,,0.253,12.076157,11.225,10.91142025289509,8,,LM-STAR,0.9044778892465382,0.05556215939987552,1.0,7.658631261746374,12,point,,0.0,0.0004229266749020425,0.08736196496614426,0.9044778892465382,2.0490196078431373e-05,3.3333333333333e-05,1.877280265339889e-05,0.0076646227803502795,0.0,0.001202752716625816,0.051130002208916905,0.05556215939987552,0.0002000105580147511,0.0002627233697705031,0.00017795563969552576,0.0069546726140084164
2CXO J110535.5-584547,166.39812499999996,-58.76319444444445,0.99,9.81,9.379701541081462e-15,-0.5477673469179226,,1.0,17.390171,14.749,13.599,8,,YSO,0.44556290142994825,0.0924819165692625,0.0,0.526782313858685,12,point,,6.5555555555554e-05,0.34572682923866405,0.007081944444444407,0.10386412817433963,0.0036554715974977266,0.08835039635219147,0.005692773207358717,0.44556290142994825,0.0002819971353350897,0.0970386302767091,0.006486796011395224,0.04860754016278244,0.0033218729025542137,0.04233671074522566,0.004308421005230071,0.0924819165692625
2CXO J110535.6-584907,166.39862499999998,-58.81883611111112,1.01,5.76,3.864532487937433e-15,-0.8942494406971992,,0.989,14.124236,12.651,12.037,9,,LM-STAR,0.9655332525083913,0.021488516276226978,1.0,26.367278068372325,12,point,,8.333333333333e-06,0.006737275687957096,0.005838502131206669,0.9655332525083913,0.0007733333333333241,0.0,6.666666666666e-06,0.021102636339111486,8.333333333333e-05,0.006014876489370047,0.006746615912035392,0.021488516276226978,0.0015595723351490036,0.0,6.666666666665997e-05,0.014329766282947331
2CXO J110535.7-585212,166.39895833333333,-58.87000555555556,0.79,10.76,1.047448150702245e-14,-0.909885999149746,,0.821,12.039777,11.108,10.790727602732966,8,,LM-STAR,0.9857699003451746,0.01502844435190198,1.0,33.769271627099286,12,point,,0.0,0.000184000549452543,0.010136700615750345,0.9857699003451746,0.0,7.777777777777701e-05,2.5823264629228906e-06,0.003829038385381648,0.0,0.0006031680519657595,0.013862708839169353,0.01502844435190198,0.0,0.000453746648142806,1.864857546633488e-05,0.004132830527019904
2CXO J110535.8-584609,166.3995,-58.76931111111111,1.04,6.34,4.678490963885477e-15,-0.5085728942190173,,0.174,8.973718,8.741,8.681,9,,LM-STAR,0.6930374743382296,0.11828673432993066,0.0,1.920920646501272,12,point,,1.1111111111111e-05,0.000992777777777768,0.2518004478464734,0.6930374743382296,0.000153333333333331,0.000158333333333332,0.0,0.05384652225974142,0.00011111111111111003,0.0018970519952290473,0.11141407465216699,0.11828673432993066,0.0007330884194638128,0.0005551275006364156,0.0,0.029829677945269376
2CXO J110538.0-585419,166.408375,-58.90544722222222,0.95,6.08,1.0846334535805752e-14,0.8442351627832408,,0.392,,,,0,,AGN,0.7786733886865055,0.1412941596810112,1.0,2.2195509583052324,12,point,,0.7786733886865055,0.0003715150670492928,0.02407400502699684,2.2605265943295377e-07,2.0821113918756657e-05,0.011654260381173141,0.1753428085951217,0.00986297507657511,0.1412941596810112,0.0010554049975613096,0.01936108543051591,1.4595378300021832e-06,0.00016652515382689366,0.034440259331063976,0.13053135431938137,0.011109374728994778
2CXO J110538.4-585446,166.410125,-58.91291388888889,1.29,5.06,3.358551914749367e-15,-0.7401005755828926,,0.489,16.803202,13.567,12.637,8,,LM-STAR,0.5292840136045998,0.14823261168940036,0.0,0.3443265490122176,12,point,,0.0,0.028361224266495247,0.009667714761073155,0.5292840136045998,0.0015466666666666508,0.0025415607101947043,0.000631666666666661,0.42796715332430374,0.0,0.02190018393309291,0.010504687843534814,0.14823261168940036,0.003100397618804328,0.00420321905424546,0.002831573967964074,0.14601382551083142
2CXO J110539.9-584645,166.41625,-58.779377777777775,0.98,6.75,6.1229681774161726e-15,0.32541725917567327,,0.949,,,,0,,AGN,0.42727744898223574,0.22909801286344644,0.0,0.014932372483728027,12,point,,0.42727744898223574,0.018870139417655495,0.022690318238497972,0.013523733955883306,0.0,0.420938442971928,0.08840915197537486,0.008290764458424279,0.22909801286344644,0.018554125408697365,0.015597958152074983,0.0141821278323609,0.0,0.19541631111390015,0.041966363060681335,0.005048229607605998
2CXO J110540.9-585114,166.42054166666665,-58.853950000000005,0.91,6.6,4.611503886263753e-15,-0.4831357995027843,,0.993,18.624731,14.652,13.551,7,,LM-STAR,0.3695948252625373,0.07306022236635883,0.0,0.836565725262818,12,point,,0.25827414368452556,0.07971302460394347,0.0482032222462991,0.3695948252625373,0.003603611111111079,0.04922268252518021,0.056586467887464104,0.1348020226789389,0.06000843944504743,0.019401492419719543,0.012814909597851773,0.07306022236635883,0.0030768689755950097,0.012313048909974022,0.016751703173898812,0.032351011526188654
2CXO J110542.0-585020,166.42504166666666,-58.83895555555556,1.2,5.03,2.251625749253849e-15,-0.7214027056178903,,0.988,17.891788,15.184,,6,,LM-STAR,0.5899914691561439,0.12588612743820402,0.0,1.041313517289972,12,point,,1.5873015873015e-05,0.04977617620321739,0.01524825855396504,0.5899914691561439,0.0018161111111110939,0.015176660747171753,0.000920614562422978,0.32705483665009466,0.00012044236676814336,0.04129069834265848,0.012454898635703747,0.12588612743820402,0.003668398181442153,0.014750912836101113,0.003265719056341565,0.12661864479441257
2CXO J110542.6-584540,166.427625,-58.76136666666667,0.96,11.72,1.5677893079324675e-14,-0.25410895833818753,,0.143,15.950727,13.97,12.996,8,,YSO,0.5249836655929918,0.12268765494136989,0.0,1.1378085474219,12,point,,0.000131604694588563,0.2591849122123676,0.009811129870957115,0.07284700016488845,0.016145420819490542,0.10664207542784934,0.010254191216866305,0.5249836655929918,0.000559620669753085,0.11091821309581748,0.00683782831142118,0.03598826977757009,0.008864873536183003,0.04130028275975497,0.006668680333433408,0.12268765494136989
2CXO J110543.3-585053,166.430625,-58.848083333333335,0.75,13.13,1.4883839044629274e-14,-0.4833151695846492,,0.638,15.547037,13.541,12.39,9,,LM-STAR,0.41483421264203424,0.12859326457720166,0.0,0.08707359730713417,12,point,,9.4444444444443e-05,0.16582007185169445,0.009273173979392216,0.41483421264203424,0.007669574258643987,0.006554189827903477,0.000614259259259253,0.3951400737366278,0.0005059503767797341,0.09198666002028041,0.006452681805590534,0.12859326457720166,0.005992094699240575,0.006012383136825915,0.0021512984611147977,0.09758481367468712
2CXO J110543.6-584419,166.43204166666666,-58.73876666666667,1.8,5.96,8.066116344649009e-15,0.604241675559798,,0.228,,,,0,,AGN,0.5715873934004186,0.35195593049863216,0.0,0.45603590849292697,12,point,,0.5715873934004186,0.0022590479436611424,0.01454252364154093,3.6934498428045604e-05,4.0561408475468e-07,0.11807504891057981,0.2897843304528458,0.00371431553844069,0.35195593049863216,0.0032276569544994944,0.013818193235149726,0.0001453822657317625,2.516985743505912e-06,0.12362676447786301,0.2659845818589458,0.00493173500781915
2CXO J110543.9-585309,166.433125,-58.885894444444446,0.85,7.77,5.118577553638502e-15,-0.8622331365603111,,0.998,15.600225,13.465,12.608934994765312,8,,LM-STAR,0.7507296337600353,0.125520203660085,1.0,2.05748058008406,12,point,,0.0,0.006967437502121774,0.00409362479513468,0.7507296337600353,0.001047460317460302,0.001137777777777761,3.9444444444444e-05,0.2359846214030256,0.0,0.005615813563314265,0.003831504698911745,0.125520203660085,0.001686437993815101,0.001565294987392397,0.000303294357456981,0.12466199360565029
2CXO J110545.6-585245,166.440125,-58.87926111111111,0.95,5.95,4.450932674436009e-15,-0.18129518765148644,,0.997,16.643963,14.309,12.695,8,,YSO,0.5862011509419788,0.11578120862947566,0.0,1.595807184950691,12,point,,0.0,0.08651177292128688,0.023306316827383582,0.25384170848694054,0.009072433476079727,0.04016791364262654,0.0008987037037036929,0.5862011509419788,0.0,0.036567242013108056,0.014343224833117067,0.09248921751559015,0.01178191145465706,0.02826916136424886,0.0026681801611287185,0.11578120862947566
2CXO J110545.9-584724,166.44166666666666,-58.79017777777778,1.52,5.86,3.4336710514582625e-15,-0.5586337254721201,,0.998,17.475647,14.669,13.091,9,,YSO,0.7278963068166217,0.10817655357282817,1.0,3.2758673930890887,12,point,,0.000100555555555552,0.08156097653647848,0.02975142103760881,0.12986153351254978,0.016772609002088115,0.01337937531687528,0.000677222222222216,0.7278963068166217,0.000365855903958982,0.04637169499968298,0.018427161265592823,0.07438113315335368,0.014142968439624535,0.014684497470699373,0.0026755917678418536,0.10817655357282817
2CXO J110548.8-585438,166.45345833333332,-58.910825,1.02,8.36,1.3722089216936596e-14,0.7636106794852976,,0.44,,,,0,,NS,0.4982641196658464,0.2789180345325058,0.0,0.16956282867501798,12,point,,0.3997764457986945,0.0031403537167696764,0.012922521088575466,8.03448805311306e-05,1.9774006592888275e-06,0.08210331437490159,0.4982641196658464,0.0037109230740217606,0.3019148911549523,0.003285913094668085,0.015389410302307902,0.0002106242908114102,6.660676936066224e-06,0.09671375408267496,0.2789180345325058,0.0031713931071885386
2CXO J110551.5-584652,166.46499999999995,-58.78111666666666,1.49,7.7,7.333429247658443e-15,-0.6983384216794607,,0.919,12.256683,11.419,11.09,9,,LM-STAR,0.9684137745454809,0.03720676883185647,1.0,15.322826073258328,12,point,,0.0,0.004302420180579598,0.0197433413796022,0.9684137745454809,0.00047944444444444,0.000338888888888884,0.0,0.006722130561003835,0.0,0.005667743408424482,0.024705467764075104,0.03720676883185647,0.0017612810462999183,0.0011192602397230716,0.0,0.00893343080818489
2CXO J110551.8-585105,166.46620833333333,-58.85146666666667,1.05,7.88,6.350896137611923e-15,-0.5841834781166151,,0.946,16.123482,14.001,12.861,8,,LM-STAR,0.5608386316949365,0.14368986045091978,0.0,0.5938029629329784,12,point,,1.7777777777777e-05,0.028049162063090823,0.006986495417230032,0.5608386316949365,0.0025355555555555283,0.007130019702519666,0.000551246208988142,0.3938911115799013,0.00012899798007216998,0.02950663460545458,0.006660879737814678,0.14368986045091978,0.003919874314340875,0.009198678062693014,0.0032451512825073473,0.13745983151159463
2CXO J110552.0-584739,166.4669583333333,-58.79419444444444,1.25,6.09,5.5139455058184144e-15,-0.1617157173885431,,0.62,14.087492,11.921,10.931,9,,HM-STAR,0.5466947541803991,0.12442372360470047,0.0,1.3197212659605466,12,point,,0.0,0.05168973114163769,0.5466947541803991,0.12154647661381705,0.02438080389723841,0.004810413128682553,0.0,0.2508778210382249,0.0,0.028852043856581116,0.12442372360470047,0.07073474823750735,0.016736111668929417,0.00898667554390759,0.0,0.09972734584621626
2CXO J110552.0-585032,166.46704166666666,-58.84245833333333,1.03,5.18,3.3708296071350923e-15,-0.590977687466332,,0.932,17.963406,14.74,13.33,8,,YSO,0.5304475352926231,0.1420617724838651,0.0,0.6006792844347287,12,point,,6.666666666666e-06,0.08510215683562328,0.007988662432576647,0.3597966094948658,0.002847694899241852,0.01206643865096228,0.001744235727440139,0.5304475352926231,6.666666666665999e-05,0.059465194482277675,0.00872156339100011,0.1420347998797864,0.006621324097322772,0.017336746402276216,0.006658645853191009,0.1420617724838651
2CXO J110552.1-585534,166.46737499999998,-58.92623055555556,1.37,7.23,8.689797827795783e-15,-0.8060792407591495,,0.084,12.03914,11.062,10.614,9,,LM-STAR,0.99461616376815,0.014680620548831574,1.0,40.42602758357504,12,point,,0.0,0.0006263477392287521,0.003320769101702289,0.99461616376815,0.000171111111111109,0.0,0.0,0.0012656082798077556,0.0,0.001973103542219515,0.009840596447250613,0.014680620548831574,0.0007096892350356353,0.0,0.0,0.003679546729196082
2CXO J110553.0-584803,166.47124999999997,-58.80092222222222,1.1,6.92,5.111605886831404e-15,-0.35254764499947916,,0.998,16.170681,14.703,13.4,9,,YSO,0.3673280049354112,0.06621631033999398,0.0,1.0195754631575797,12,point,,0.0010726636904761714,0.19973689683586357,0.08234964819895611,0.22194015861922473,0.008185301771871496,0.11239631944349482,0.006991006504701592,0.3673280049354112,0.0014009124241469606,0.09815711188863185,0.02805747856034879,0.06968755840297315,0.006361716622293234,0.03024704901292656,0.004803412076604122,0.06621631033999398
2CXO J110553.2-585030,166.47175,-58.84175277777778,1.14,5.28,3.3709295400148975e-15,-0.6756795381705737,,0.957,17.149984,,,3,,YSO,0.3146339487080893,0.06907016341110137,0.0,0.5320477799403199,12,point,,0.0008843663135964222,0.22336103642264027,0.11830305420350266,0.07880433210029968,0.000617222222222213,0.2442299463588383,0.0191660936708109,0.3146339487080893,0.0013431752595614173,0.06414572182808473,0.04535324527804406,0.02734504725471754,0.0013307095161739567,0.0632563023757651,0.01488380861100452,0.06907016341110137
2CXO J110553.3-585422,166.47216666666665,-58.906175,0.96,11.13,1.4067743849865404e-14,-0.5311336344333344,,0.995,16.086355,13.621,12.646,8,,YSO,0.4865558080193051,0.13683659230237233,0.0,0.2783140214470022,12,point,,1.1111111111111e-05,0.08610819007099912,0.004154221790573424,0.406040346264288,0.002226848895295961,0.013971992366945575,0.000931481481481474,0.4865558080193051,0.00011111111111111003,0.06410690624151731,0.003821557100550422,0.15246058840165214,0.0038659047398001364,0.017245505921676337,0.0032202591514946402,0.13683659230237233
2CXO J110554.8-584859,166.47875,-58.81643611111111,0.79,16.09,2.129889996711065e-14,-0.9273325630227204,,0.568,9.731092,9.343,,6,,HM-STAR,0.5786772245906393,0.06951035166560406,0.0,1.7314699868185703,12,point,,0.0,0.001440313931067709,0.5786772245906393,0.33673182172423194,8.333333333333e-06,0.000347222222222215,0.0,0.08279508419850544,0.0,0.002167256755610918,0.06951035166560406,0.07022374982521161,8.333333333332998e-05,0.0008476464412346716,0.0,0.02359582726811711
2CXO J110557.1-585249,166.48829166666667,-58.88033611111111,1.29,5.29,4.362702713672608e-15,-0.3438017503258103,,0.794,17.346844,,,3,,CV,0.3393198100260527,0.11892280257834426,0.0,0.24726224677945047,12,point,,0.00022709089735671668,0.3393198100260527,0.08541274166143153,0.029816438177857806,0.000413650793650781,0.29205871440529385,0.002825460937902904,0.2499260931004535,0.0008297318923609231,0.11892280257834426,0.040547480246255097,0.02084158964574026,0.0009721717682163255,0.07221472948053957,0.0043514918431164186,0.07503691201387926
2CXO J110558.0-585423,166.49195833333332,-58.906425,1.23,6.82,5.184435962466351e-15,-0.21071452523962803,,1.0,16.094446,14.4,13.716,9,,YSO,0.5326557573057104,0.08547687027904752,1.0,2.2118624161081892,12,point,,4.7222222222222004e-05,0.08391298627017987,0.04708177474459789,0.18485804501444503,0.015329650094838727,0.133910345970066,0.002204218377939618,0.5326557573057104,0.00033280682323791674,0.06753034796638915,0.027820134461404192,0.07176514882592987,0.013920089155469875,0.06760557337077105,0.002748778726065765,0.08547687027904752
2CXO J110559.1-584802,166.49629166666665,-58.8008,2.48,5.33,4.5227903895277415e-15,-0.0076667181889665545,,0.454,18.132946,14.856,13.304,9,,YSO,0.427351270390348,0.11325455514070172,0.0,0.5197043234399769,12,point,,0.00013722222222222,0.14122176291542385,0.023467066648847044,0.2954396527813427,0.03774727161012856,0.06181128698828479,0.012824466443402514,0.427351270390348,0.0005710223546346045,0.10609211399470349,0.01720188552569826,0.14056595713802741,0.040600370701570694,0.047245046872116274,0.015176755818374297,0.11325455514070172
2CXO J110559.9-585315,166.49975,-58.88753055555556,1.41,6.62,6.030116349155843e-15,-0.6407501763784029,,0.608,17.859722,,,1,,LMXB,0.466986297057437,0.1470328517169941,0.0,0.32189615833946544,12,point,,0.0047975895283329404,0.03843099782921382,0.06683887392392712,0.04177612018250373,4.8949771689496824e-05,0.466986297057437,0.3718351157013723,0.009286056005523352,0.009112229062538666,0.01439821340926234,0.026230482190418864,0.01941424526158882,0.0002417344818190718,0.1470328517169941,0.14856303810943905,0.004810474459241224
2CXO J110601.1-585025,166.50487499999997,-58.84031111111111,0.88,10.16,9.131957782211927e-15,-0.8289091635745717,,0.136,12.141655,11.27,10.888,8,,LM-STAR,0.9474337990246922,0.042252074151510284,1.0,11.044667859592096,12,point,,0.0,0.00037332315080412223,0.046702775026116986,0.9474337990246922,3.3333333333333e-05,0.000160555555555554,1.4920634920633999e-05,0.005281293274577089,0.0,0.0011033107693281137,0.03930139902209053,0.042252074151510284,0.00033333333333333007,0.0009888672931726767,0.00013411552785703296,0.00554046802477883
2CXO J110605.6-585334,166.52374999999995,-58.89278611111112,1.11,8.75,1.5182133181673552e-14,0.6683102039956755,,0.877,,,,0,,LMXB,0.3679383763057114,0.22100191196632424,0.0,0.10880647308662902,12,point,,0.30763712365019785,0.03716562211703042,0.0031882600649488463,0.0005555512805186161,6.757058143446101e-06,0.3679383763057114,0.27904232769627474,0.004465981827174455,0.33320456991737024,0.03113911039878285,0.004499204904172002,0.001194929674305698,4.613371460130458e-05,0.22100191196632424,0.16786983479408568,0.003740021168624523
2CXO J110605.9-585032,166.52462499999996,-58.84238611111111,1.24,6.89,6.1227755814533615e-15,-0.21508643295978874,,0.923,16.905848,13.844,12.924,7,,YSO,0.6859076278738181,0.059071389396317876,1.0,6.254102995907923,12,point,,0.0008515260492425559,0.0440393715020891,0.08328729238870508,0.10884166818288116,0.005759059460792724,0.04963373745416187,0.02167971708830916,0.6859076278738181,0.0013547502742959653,0.01638971004431582,0.022652692980553047,0.033198590818033044,0.004733655780665037,0.021099935753235932,0.010125299884269969,0.059071389396317876
2CXO J110610.7-585154,166.5448333333333,-58.865075,1.02,8.9,1.2495404230878396e-14,-0.1276469308658673,,1.0,18.13008,15.844,14.474695067671416,8,,YSO,0.4594502815112873,0.12271670345668703,0.0,0.5786054352110207,12,point,,2.4444444444444e-05,0.18707052721709186,0.00043630843205460894,0.036222951868170934,0.0031993465007454356,0.30890505705453963,0.004691082971665605,0.4594502815112873,0.00017269675040933533,0.08537141292949366,0.0009744930150777374,0.018949185172376426,0.00410021694585476,0.13746962611320887,0.004207302057218278,0.12271670345668703
2CXO J110614.8-585237,166.56191666666666,-58.877116666666666,1.79,5.47,6.353638077905548e-15,-0.012534248398958418,,0.85,17.09351,15.146,14.336,8,,YSO,0.3843982198092931,0.16775731218374085,0.0,0.056823315811230464,12,point,,6.4999999999999e-05,0.36362378383809835,0.012812182810821178,0.06567360482151932,0.014622123141122656,0.14910775483270142,0.009697330746443734,0.3843982198092931,0.0003855520623950222,0.19783972619058343,0.015911128971786512,0.052225217709144955,0.02440519636153671,0.062422852946114736,0.015005147327405158,0.16775731218374085
2CXO J110621.8-585133,166.5908333333333,-58.85927222222222,2.07,6.96,1.5831702782144853e-14,0.7253960655466107,,0.001,,,,0,,AGN,0.49046397638655764,0.338176003457501,0.0,0.09396935980796813,12,point,,0.49046397638655764,0.0018892829490436867,0.01991236009506967,8.773821110813938e-05,8.083186966451779e-07,0.05452718958725414,0.43009430791470393,0.003024336537565993,0.338176003457501,0.002186456476131564,0.014574229130132857,0.0003789586474624952,4.479805189410486e-06,0.08955444725630236,0.30426392159064936,0.0037225315339300727
2CXO J110622.2-584951,166.59283333333332,-58.830869444444446,2.87,5.76,6.418896741693674e-15,-0.6002433360744548,,0.599,12.028834,11.224,10.954,9,,LM-STAR,0.8943398671558443,0.06599227438304882,1.0,6.6539953313842615,12,point,,1.1111111111111e-05,0.0012240365991183647,0.08858088013797184,0.8943398671558443,7.696433364740594e-05,0.0005079241937775191,0.0,0.015259216468529341,0.00011111111111111002,0.002921985386405825,0.05510173709264705,0.06599227438304882,0.00038332700035606174,0.0015021838876052949,0.0,0.013437476686224985
2CXO J110435.9-584520,166.14966666666663,-58.75575833333333,0.92,9.37,1.1078062314460444e-14,-0.23409505558796062,,0.997,7.413162,6.006,5.362,9,,,,,,,12,point,LM-STAR,,,,,,,,,,,,,,,,
2CXO J110457.9-584742,166.24166666666665,-58.79505,0.79,5.03,1.796834395706479e-15,-0.7382768488510001,,0.592,8.389723,8.21,8.136,9,,,,,,,12,point,LM-STAR,,,,,,,,,,,,,,,,
