name,usrid,ra,dec,significance,net_counts,remove_code,flux_significance_b_max,theta_mean,theta_median,e_theta,NET_COUNTS_broad,NET_ERR_broad,flux_aper90_ave_s,e_flux_aper90_ave_s,flux_aper90_ave_m,e_flux_aper90_ave_m,flux_aper90_ave_h,e_flux_aper90_ave_h,chisqr,dof,kp_prob_b_max,var_inter_prob,significance_max,flux_flag,flux_aper90_ave_b,e_flux_aper90_ave_b,ra_ave,dec_ave,PU_ave,PU,err_ellipse_r0
IC2395_CXO_noconversion-141.0,141.0,130.5860519083392,-47.963677424277115,7.383049,54.691402,0,6.03985,9.102919934138395,9.102919934138395,0.00041647878949113704,68.0852135446427,9.425043440567727,1.1237714199721644e-12,6.875887657174614e-13,3.376925360248367e-15,9.014314452883698e-16,1.949989548755603e-14,3.301312932006772e-15,,0.0,0.5924135642377114,,3.91476,0,1.146648240819969e-12,6.875972818347871e-13,130.58605260069882,-47.96367711962973,2.1622839096560096,2.4132261052696964,2.4132261052696964
IC2395_CXO_noconversion-129.0,129.0,130.47546193912203,-48.18229715188544,5.0698414,27.745443,0,3.21925,7.063151459785947,7.063151459785947,0.009900433280741971,25.894474390918166,6.1219305775231225,7.071498599812541e-13,4.772543945787012e-13,1.2374303516970477e-15,4.8215956807443e-16,6.60414651141149e-15,1.8866277253392075e-15,,0.0,0.8039445049185452,,3.21925,0,7.149914368443626e-13,4.772583671206883e-13,130.4754619590305,-48.182297144191985,2.037759739013057,1.9731966862017656,1.9731966862017656
IC2395_CXO_noconversion-82.0,82.0,130.79768569912983,-48.17047387298619,7.9161158,43.050816,0,4.29233,7.923376086524999,7.923376086524999,0.008832180184154659,43.821196923087584,7.308561932608304,6.544322962716035e-13,2.556160051038575e-13,5.0440736036632485e-15,1.046296008195952e-15,3.458523397958975e-15,1.1262710473124977e-15,1.1930259781020198,1.0,0.4424299767383013,0.725,4.29233,0,6.629348932732258e-13,2.556206276634655e-13,130.79768526645213,-48.17047395539439,1.9708547883373626,1.991006015882325,1.991006015882325
IC2395_CXO_noconversion-78.0,78.0,130.6938429527593,-48.21748004299035,10.668064,56.9382,0,5.30832,6.905818393839999,6.905818393839999,0.002847416439046402,58.42866107571575,8.271194625653271,4.030934690357579e-13,1.4736646059317808e-13,4.30370025388777e-15,8.512148271682864e-16,6.1131462290601e-15,1.880529468063102e-15,,0.0,0.234746356357589,,5.30832,0,4.135103155187058e-13,1.473809168974157e-13,130.6938435851254,-48.21747978310303,1.309133863923811,1.3254427952978036,1.3254427952978036
IC2395_CXO_noconversion-108.0,108.0,130.75106341514618,-48.2183949771552,9.683431,51.81749,0,4.84933,8.206508463603047,8.206508463603047,0.005376104281999083,50.64063607964137,8.034674196537178,3.372907253753644e-13,1.5369622991017916e-13,3.672560533614267e-15,8.831414423801441e-16,6.451222622598015e-15,2.2928446516716404e-15,,0.0,0.32156281243312357,,4.84933,0,3.474145085315767e-13,1.5371586828953802e-13,130.75106374311434,-48.21839472009787,1.9760835753972543,1.9569593610975953,1.9569593610975953
IC2395_CXO_noconversion-18.0,18.0,130.54909998755394,-48.10913794331399,200.39622,1008.48914,0,25.1472,2.8118899493156673,2.8118899493156673,0.01053168227595691,977.6746823849345,31.32309882742964,9.801146379622181e-14,8.150140921458703e-15,6.076914267019607e-14,2.905217938044288e-15,1.2448156636128537e-13,6.331053010993062e-15,5.917539583724819,1.0,1.0,0.985,25.1472,0,2.8326217282770324e-13,1.0721348820702287e-14,130.54909983259952,-48.109137870692884,0.17562066409316582,0.10832162864859861,0.10832162864859861
IC2395_CXO_noconversion-116.0,116.0,130.80745433940547,-48.122438407692876,4.7491536,21.423208,0,3.22918,7.5687936931669695,7.5687936931669695,0.010619322157987554,20.169285788775294,5.514481299920853,1.982218937441989e-13,1.4028048179539915e-13,1.6321831436727327e-15,6.071107947883678e-16,9.519947605904157e-15,3.446545386496635e-15,,0.0,0.9779443530741562,,3.22918,0,2.0937402449377579e-13,1.4032412775915495e-13,130.80745473869516,-48.12243845754365,2.6335153224586803,2.5629981779674993,2.5629981779674993
IC2395_CXO_noconversion-40.0,40.0,130.72723007809142,-48.10835283091529,34.183136,134.19064,0,8.38197,4.350350335389777,4.350350335389777,0.010899375370614361,130.71312804731335,11.53668440601985,1.2893499637859368e-13,2.2245785305271555e-14,7.923013794126974e-15,1.0555045606711548e-15,1.0145189020837311e-14,1.8960281111732426e-15,0.002924714475259731,1.0,0.999979265718721,0.043,8.38197,0,1.4700319919355796e-13,2.235137526695377e-14,130.72722982659783,-48.108353035131046,0.45793878724742854,0.44173754297721757,0.44173754297721757
IC2395_CXO_noconversion-2.0,2.0,130.61490129908267,-48.17744098058,81.80931,425.1378,0,16.9589,3.8224621297413846,3.8224621297413846,0.0024616464790681025,411.67346576678756,20.349365013761794,9.207744716931904e-14,8.709867986151234e-15,2.8449713776788464e-14,2.054594580602845e-15,2.065880993336356e-14,2.49893589764087e-15,21.69984973970101,1.0,0.9999308525434456,1.0,16.9589,0,1.4118597087947107e-13,9.29127762190663e-15,130.61490148633268,-48.17744031550742,0.2535043435188313,0.2169805460120619,0.2169805460120619
IC2395_CXO_noconversion-107.0,107.0,130.63815434023763,-48.22051209956987,4.7596087,26.632046,0,3.73592,6.449310208950735,6.449310208950735,0.0007107151922434163,24.9250401749933,5.773742991806359,1.1162611498152914e-13,4.9828248083683905e-14,1.616075444557907e-15,5.275056131501923e-16,2.8217382657825913e-15,9.998721694589897e-16,0.8387118619942988,1.0,0.9682745417794584,0.64,3.73592,0,1.1606392869186965e-13,4.984107055046382e-14,130.63815442671316,-48.220511892581364,1.769289900652004,1.7127909494181606,1.7127909494181606
IC2395_CXO_noconversion-11.0,11.0,130.57924570738476,-48.136808237791385,106.0685,395.31366,0,14.9434,2.105982111089305,2.105982111089305,0.009456554174943177,366.0032193279138,19.185491015775053,5.841202750786885e-14,5.8828831560471806e-15,2.3173456505117492e-14,1.7952229823666177e-15,2.868304327494451e-14,3.0004595513018815e-15,1.244820703900411,1.0,0.9922859157010131,0.735,14.9434,0,1.1026852728793086e-13,6.8435295939390526e-15,130.57924602424774,-48.13680805335979,0.18056277680153096,0.1780837193199427,0.1780837193199427
IC2395_CXO_noconversion-53.0,53.0,130.71569850430205,-48.21081984806501,17.241932,114.15613,0,7.89292,6.991991682452687,6.991991682452687,0.00426990721452869,112.54523144899458,11.110151524117324,6.457022326056713e-14,2.8541899574730415e-14,3.836879430257451e-15,8.042193894778827e-16,4.176344936497653e-14,4.905951786885608e-15,,0.0,0.02330810374958836,,7.89292,0,1.1017055205580112e-13,2.8971626863116514e-14,130.71569786061949,-48.21082014718009,0.9704337818867578,0.9603927395748165,0.9603927395748165
IC2395_CXO_noconversion-21.0,21.0,130.60456016251578,-48.09434621636392,146.72421,631.8193,0,18.8008,1.3012542875146655,1.3012542875146655,0.0029754678005693425,576.521343239087,24.086179879028702,5.155365495202002e-14,4.697771652080065e-15,2.8758356974353035e-14,1.9981672861295924e-15,2.6129375646199024e-14,2.861770562433226e-15,103.83379688925801,1.0,0.9999898812107648,1.0,18.8008,0,1.0644138757257208e-13,5.8524748397968306e-15,130.6045595459316,-48.09434618806181,0.15285877381020005,0.0917135681954945,0.0917135681954945
IC2395_CXO_noconversion-35.0,35.0,130.48276781727324,-48.14407479990573,36.133057,229.19998,0,12.0851,5.748257086645989,5.748257086645989,0.01086377524685922,236.3348943620003,15.563932056267538,3.3996712107361135e-14,9.484255026533703e-15,9.539225188250985e-15,1.185084431436213e-15,5.860966381091308e-14,4.722014038027813e-15,0.9752851071732118,1.0,0.6300801658411963,0.677,12.0851,0,1.021456011065252e-13,1.0660813059672983e-14,130.4827673087764,-48.14407494824995,0.43164220822104216,0.489728177223043,0.489728177223043
IC2395_CXO_noconversion-45.0,45.0,130.71776978988757,-48.084538637617754,13.813824,51.361717,0,4.93914,4.331509568584472,4.331509568584472,0.010673804187575797,49.04341215454946,7.147128922355521,7.376970471115027e-14,3.911363581503789e-14,2.3211036778655206e-15,5.509622989584862e-16,7.472751960545231e-15,1.6458525246536471e-15,,0.0,0.002261853846266426,,4.93914,0,8.356356034956102e-14,3.9152125059301664e-14,130.71776897838532,-48.08453852921767,0.7291473843359447,0.7076144872509722,0.7076144872509722
IC2395_CXO_noconversion-24.0,24.0,130.67531554962352,-48.08804358350315,65.25286,216.38564,0,11.7594,2.736528365467228,2.736528365467228,0.010036346322634726,203.54733461149087,14.319926425042393,5.246491671358816e-14,7.274340671224597e-15,1.3098104135435393e-14,1.3491677813208975e-15,1.67144300887982e-14,2.1853509730263557e-15,0.4907221473358158,1.0,0.8774766563905535,0.516,11.7594,0,8.227745093782175e-14,7.714405017789377e-15,130.6753162356487,-48.088043838815096,0.24427146511283623,0.2321019013985468,0.2321019013985468
IC2395_CXO_noconversion-15.0,15.0,130.74482783901644,-48.12411587684253,62.502636,315.38086,0,14.9278,5.080238481901002,5.080238481901002,0.010459786231549195,316.3714710065589,17.8929243220844,3.1694658698186395e-14,3.7851528396038465e-15,2.2652581292838414e-14,1.81283751629187e-15,2.2429494821291745e-14,2.4998040055079327e-15,8.069322080390068,1.0,0.9078374160666438,0.995,14.9278,0,7.677673481231655e-14,4.8849546513340164e-15,130.74482762919232,-48.124116260225364,0.3523885422907251,0.35054094548731,0.35054094548731
IC2395_CXO_noconversion-3.0,3.0,130.6295972911883,-48.17518051609173,35.089256,131.24124,0,9.58253,3.708079480033052,3.708079480033052,0.0007561001466966921,132.4750806128891,11.578706294257481,2.7434972312613527e-14,1.462101130461519e-14,5.6947198016323374e-15,8.915821793240758e-16,3.4884030670630344e-14,3.660320097258881e-15,,0.0,0.1356959166915993,,9.58253,0,6.801372278487621e-14,1.509857058024271e-14,130.62959736574297,-48.175180782354204,0.3903064477799039,0.3770593519701358,0.3770593519701358
IC2395_CXO_noconversion-5.0,5.0,130.61958008334602,-48.15548634069476,90.44299,310.81314,0,14.3843,2.5019316789886217,2.5019316789886217,0.0018994145579782629,303.55532939875576,17.46595635923901,2.060867633675248e-14,3.2612398366984e-15,1.881203982136231e-14,1.6205575984735217e-15,2.6516462112068007e-14,2.902209291498238e-15,43.934408599457136,1.0,0.9999999848452947,1.0,14.3843,0,6.59371782701828e-14,4.656684547411128e-15,130.61958022347756,-48.15548626745738,0.21232634923767957,0.17892206784403497,0.17892206784403497
IC2395_CXO_noconversion-16.0,16.0,130.56037236386422,-48.122541656415855,78.222496,289.45764,0,12.8042,2.4041413091440678,2.4041413091440678,0.010961293600810773,272.35259145408315,16.555047287814897,3.588665445428193e-14,3.7440527249014966e-15,1.859590592344951e-14,1.5800004290246147e-15,1.1095724135039032e-14,1.7266038995333596e-15,0.6956170980126813,1.0,0.7381067161266972,0.596,12.8042,0,6.557828451277047e-14,4.415370107753606e-15,130.56037260066444,-48.1225415938089,0.2091567649905075,0.20296615236926527,0.20296615236926527
IC2395_CXO_noconversion-120.0,120.0,130.52033896340927,-48.06816946458256,4.497395,16.09738,0,2.61315,4.807164727863535,4.807164727863535,0.007701903726729409,14.564531553263745,4.13593036215789,6.334334953383232e-14,3.090292433168249e-14,9.366590021773812e-16,3.8347465165825415e-16,1.0019788380030761e-15,5.644243620480975e-16,,0.0,0.3253592295606381,,2.61315,0,6.528198737401277e-14,3.0910457128917256e-14,130.52033922837737,-48.06816938976643,1.4972946799195803,1.425886859648703,1.425886859648703
IC2395_CXO_noconversion-8.0,8.0,130.636081567482,-48.14449216171106,88.95273,268.66818,0,14.0282,1.9658692510363385,1.9658692510363385,0.0019192814256300261,255.01014243179588,16.001275754090056,1.4862280737284153e-14,2.702499757665145e-15,1.725960329209813e-14,1.5576637059307347e-15,2.567144266435159e-14,2.8716161312829823e-15,29.11332382066614,1.0,1.0,1.0,14.0282,0,5.779332669373388e-14,4.239811359765748e-15,130.63608167985308,-48.14449248737354,0.20834981136063607,0.16697853475607624,0.16697853475607624
IC2395_CXO_noconversion-92.0,92.0,130.55814144123616,-48.10720417131237,2.5351136,5.9429655,0,2.09757,2.4677086920584586,2.4677086920584586,0.010323553344603775,6.501308516167544,2.6496649984638814,5.461620141402945e-14,4.034499197388354e-14,3.1307253990599254e-16,2.311591342608949e-16,2.015948975263974e-15,9.378511928414904e-16,,0.0,0.809199052089614,,2.09757,0,5.694522292919941e-14,4.035655308345837e-14,130.5581407646519,-48.10720373568774,1.2071784756722972,1.2611762196498262,1.2611762196498262
IC2395_CXO_noconversion-6.0,6.0,130.544521123145,-48.15358711246452,49.408447,205.73885,0,10.7475,3.818764134339969,3.818764134339969,0.00963668433715914,195.8981799320784,14.074386420147288,2.264094783577946e-14,3.4413369629533913e-15,1.2987501939801065e-14,1.3442441421742034e-15,1.7433306603988085e-14,2.360427919074099e-15,4.608561916602923,1.0,0.9998635298213048,0.968,10.7475,0,5.3061756379568606e-14,4.384223120178011e-15,130.54452114270848,-48.153587218059776,0.3341187761784456,0.2985119848230501,0.2985119848230501
IC2395_CXO_noconversion-52.0,52.0,130.60824634025042,-48.03204272446394,36.508766,190.06052,0,9.80405,4.92353982422315,4.92353982422315,0.0010578429583416593,187.7062991913064,13.82524221806848,2.2343869677570725e-14,2.89373756987324e-15,1.138052777000181e-14,1.2751278816958601e-15,1.2173798804753388e-14,2.00672221957249e-15,16.904776549392693,1.0,0.93158154136604,1.0,9.80405,0,4.589819625232592e-14,3.745210582130196e-15,130.60824649480745,-48.032043043878346,0.44586236983474553,0.43235914278806614,0.43235914278806614
IC2395_CXO_noconversion-4.0,4.0,130.64744318699826,-48.15703972987932,29.446419,78.02805,0,6.69292,2.8348454401612653,2.8348454401612653,0.0024998982657138402,77.2555450906195,8.833503813313222,1.682975853270945e-14,1.2792328110804377e-14,3.2121808934061415e-15,6.447116945720531e-16,2.2040802544607762e-14,2.980641951763028e-15,,0.0,0.01435339146330561,,5.61534,0,4.208274197072335e-14,1.3150799903739832e-14,130.64744376045118,-48.15703937182301,0.4022464572021729,0.3876018520850081,0.3876018520850081
IC2395_CXO_noconversion-19.0,19.0,130.65799867456857,-48.106841213900225,70.11874,238.01648,0,10.3179,1.6192522620492933,1.6192522620492933,0.010936926427003724,211.52830948896758,14.596580544732332,1.4357563948958924e-14,2.060579878136221e-15,1.2491375554049235e-14,1.2960109353504972e-15,1.2560891019899245e-14,1.8999550641313244e-15,15.745640007083257,1.0,0.9740144187097486,1.0,10.3179,0,3.9409830522907405e-14,3.0879545049184614e-15,130.65799931259156,-48.10684136717137,0.19967801299941873,0.17741317180368651,0.17741317180368651
IC2395_CXO_noconversion-14.0,14.0,130.72137432681834,-48.12766762503702,38.568344,145.99219,0,9.88544,4.186367681201281,4.186367681201281,0.010165213217692592,138.61814479575486,11.834680946385783,2.0746600660265265e-14,3.052688320602336e-15,7.537823927053692e-15,1.0363540858321731e-15,1.0206651061903411e-14,1.8106063880526668e-15,0.7058808454343977,1.0,0.17743512896890368,0.599,9.88544,0,3.849107564922237e-14,3.697462814744737e-15,130.72137377698922,-48.127667269705896,0.430371700854145,0.34777366803408244,0.34777366803408244
IC2395_CXO_noconversion-54.0,54.0,130.67401788626444,-48.204949175811514,10.693047,65.48953,0,6.57899,5.897023936491522,5.897023936491522,0.002163363679247521,61.58794676509916,8.262383241714238,2.334969172987352e-14,9.187913444661236e-15,4.195037804647672e-15,8.084001449108832e-16,9.822611208482518e-15,2.489918958880835e-15,,-1.0,,,,0,3.736734074300371e-14,9.553583656548618e-15,130.67401782916036,-48.20494903811501,0.9822249188276335,0.9478185121389562,0.9478185121389562
IC2395_CXO_noconversion-123.0,123.0,130.59854420015736,-48.015230568287045,7.4230742,36.939247,0,4.62022,5.96988315141944,5.96988315141944,0.0005112300533669512,32.467012602517116,6.183055884725825,2.7634073528310615e-14,9.565907607855875e-15,2.795171408866924e-15,6.598712711837556e-16,6.60588662670894e-15,3.658537278924215e-15,,0.0,0.05787977603716121,,4.62022,0,3.703513156388648e-14,1.026289011330857e-14,130.59854423718988,-48.01523042028763,1.3702534026323563,1.2834086445848627,1.2834086445848627
IC2395_CXO_noconversion-23.0,23.0,130.69488855540484,-48.09064285728336,42.597363,164.55328,0,8.93931,3.344975569573365,3.344975569573365,0.010645068215152653,156.33349636927665,12.572637398272516,1.853017175381647e-14,2.8157117735179164e-15,9.708019761404566e-15,1.1331381006200311e-15,8.76466856012128e-15,1.6150280680492676e-15,1.0888300692132455,1.0,0.6585382342492344,0.703,8.93931,0,3.7002860075342315e-14,3.438102733658657e-15,130.6948895316701,-48.09064299305351,0.3297834236436513,0.30628720899417516,0.30628720899417516
IC2395_CXO_noconversion-118.0,118.0,130.52096526608085,-48.100510297450455,3.0459895,8.5201645,0,2.2163,4.005499517156355,4.005499517156355,0.010170444197402206,8.259471459582683,3.1736618948065636,3.264493768934557e-14,2.0068156328987698e-14,1.2100637784384558e-15,6.253656384640819e-16,1.3952420741129358e-15,7.204170524958232e-16,,0.0,0.8911178980166833,,2.2163,0,3.525024354189696e-14,2.009081833465196e-14,130.52096477482908,-48.10051004334971,1.6077074763540562,1.5822951988913596,1.5822951988913596
IC2395_CXO_noconversion-106.0,106.0,130.5707867689688,-47.98650833210683,15.230552,107.80522,0,7.80668,7.877357838290639,7.877357838290639,0.0007097311566419684,107.08231063119754,10.980239063411432,7.978845608028655e-18,6.028102749890869e-18,5.345823994244954e-15,9.548416399895981e-16,2.7319349261526658e-14,3.4217947776611918e-15,,-1.0,,,,1,3.267315210137964e-14,3.5525256362073155e-15,130.57078696739094,-47.98650862092541,1.253063558241262,1.2478103394471238,1.2478103394471238
IC2395_CXO_noconversion-29.0,29.0,130.6942388316409,-48.176442986142995,29.794842,127.08712,0,10.8025,4.818531414656055,4.818531414656055,0.005148039734796939,124.2966397015049,11.274414985182396,1.316186149665695e-15,6.885087247877026e-16,3.5194581515874825e-15,7.170082191380685e-16,2.5938324624925445e-14,3.7117941188106135e-15,,-1.0,,,,0,3.0773968926178626e-14,3.842598161512259e-15,130.69423822908317,-48.17644255587771,0.5377302857851475,0.5134312336082364,0.5134312336082364
IC2395_CXO_noconversion-131.0,131.0,130.4029776229566,-48.160112434814444,7.1206574,49.06004,0,4.68968,9.08318078399787,9.08318078399787,0.010839480362717424,58.92130466373368,8.877035254974711,1.6338072815293605e-14,5.13902288733071e-15,2.776353444910856e-15,7.355478032454302e-16,1.0321413679951075e-14,2.9072901426763857e-15,,0.0,0.9136608863174132,,4.68968,0,2.943583994015554e-14,5.950035527715051e-15,130.40297758571222,-48.1601124618526,2.308872317749252,2.5335834208947374,2.5335834208947374
IC2395_CXO_noconversion-55.0,55.0,130.68505953825044,-48.18775284400039,15.20963,57.87946,0,6.42856,5.167071940102719,5.167071940102719,0.0038075488142275127,60.54731786095242,8.008971637792664,1.5137273090616926e-14,4.916383407209528e-15,4.434518573904907e-15,8.025434730802721e-16,7.993294279601257e-15,1.991094536078262e-15,,0.0,0.7561412802845476,,6.42856,0,2.7565085944123093e-14,5.364639716185014e-15,130.68505916507397,-48.18775295942992,0.819051979513431,0.8312736561440047,0.8312736561440047
IC2395_CXO_noconversion-94.0,94.0,130.80400320502434,-48.101131644735304,15.179264,96.8214,0,7.05577,7.453098713270229,7.453098713270229,0.010930445560200841,96.0455180837182,10.26513239133577,7.978845608028655e-18,6.028102749890869e-18,4.2744735064302525e-15,8.637956686115441e-16,2.2316449358263195e-14,3.0577776372390273e-15,,-1.0,,,,1,2.6598901710301476e-14,3.1774491929744392e-15,130.80400409685492,-48.10113156031618,1.1832285203027149,1.176817546539715,1.176817546539715
IC2395_CXO_noconversion-128.0,128.0,130.63443232029195,-48.18550472455592,3.7957547,12.036534,0,2.51313,4.347340783671594,4.347340783671594,0.0004169636575324098,12.087626320397053,3.75226648395649,2.1787850682147396e-14,1.0383861614913267e-14,8.67432961928395e-16,3.582851516713269e-16,3.500590543453008e-15,1.7201927035293339e-15,,0.0,4.798900316360655e-05,,2.51313,0,2.6155874187528797e-14,1.0531477257481634e-14,130.63443167489268,-48.18550488841909,1.455711160004694,1.458921230545729,1.458921230545729
IC2395_CXO_noconversion-139.0,139.0,130.47207873677706,-47.98652911805846,12.103768,101.81481,0,9.59625,9.643756681860022,9.643756681860022,0.005030067758801771,130.19168299533592,12.365936798731703,7.978845608028655e-18,6.028102749890869e-18,8.887391101756031e-15,1.364255357202545e-15,1.70356118336348e-14,3.4939022205444693e-15,,-1.0,,,,1,2.593098178099886e-14,3.750810811598498e-15,130.47207904568094,-47.986529117571855,1.809235159453213,2.0450848674246775,2.0450848674246775
IC2395_CXO_noconversion-58.0,58.0,130.73550926535538,-48.16796105595317,9.03534,44.41624,0,4.55066,5.687338464834363,5.687338464834363,0.0076945160022372505,34.79518984387439,6.341665479845657,1.9494634839460857e-14,8.728091100681338e-15,1.371565982139365e-15,4.613979162026403e-16,3.049816699846658e-15,9.392776658027671e-16,,0.0,0.8447504854040734,,4.55066,0,2.3916017521446883e-14,8.790603212086461e-15,130.7355092313069,-48.167960934451514,1.2297253319019807,1.0872338864851845,1.0872338864851845
IC2395_CXO_noconversion-25.0,25.0,130.55349132922532,-48.0870725775497,28.237127,83.86851,0,6.93031,3.073741407509024,3.073741407509024,0.008155773546624667,82.37745218851869,9.111851498083913,8.488736362486449e-15,2.6522924332457263e-15,5.9528757517772955e-15,8.943647217751476e-16,9.472822019706731e-15,1.9261857654369467e-15,6.336227754298846,1.0,0.2584710044815931,0.988,6.93031,0,2.3914434133970473e-14,3.3977544069547445e-15,130.5534916711944,-48.087072891346246,0.4139717382724842,0.30428550321447356,0.30428550321447356
IC2395_CXO_noconversion-77.0,77.0,130.59890517147093,-48.03535841245213,14.680157,54.421394,0,5.37817,4.773961714532893,4.773961714532893,0.000157591339598806,50.52079150278922,7.287142187269008,7.888929497129309e-15,6.166483558162755e-15,1.9699316258885577e-15,5.421476993743647e-16,1.3763481612102405e-14,2.207725086777526e-15,,0.0,0.18733773793565256,,4.3122,0,2.3622342735120273e-14,6.572175717356874e-15,130.598905527781,-48.035358695648334,0.8063309477808344,0.772676973376573,0.772676973376573
IC2395_CXO_noconversion-48.0,48.0,130.6636865277928,-48.06562501659332,23.286125,69.76588,0,6.67411,3.4010614144662705,3.4010614144662705,0.007394730527587656,70.92225842427598,8.487913413335914,4.049333140086056e-16,2.1651851206536822e-16,3.3416887578478146e-15,6.523401124228193e-16,1.9283878749960274e-14,3.047483561076742e-15,,0.0,0.3194830058720397,,6.67411,0,2.3030500821816695e-14,3.1240332814129554e-15,130.6636859540204,-48.065624709818756,0.48269411907816034,0.4756825507013539,0.4756825507013539
IC2395_CXO_noconversion-12.0,12.0,130.6523778799676,-48.13373716374983,20.994032,51.621685,0,5.6376,1.796022976581063,1.796022976581063,0.006726468661395146,45.29411582659627,6.784490413770803,1.5845009344361236e-14,5.444484279184681e-15,2.611735971117552e-15,5.817317718950347e-16,4.3602091933963815e-15,1.0818975799572786e-15,,0.0,0.9806651574178561,,5.6376,0,2.281695450887517e-14,5.581337052556376e-15,130.65237827246133,-48.1337373194301,0.40112002263748664,0.36173986477226683,0.36173986477226683
IC2395_CXO_noconversion-72.0,72.0,130.73837540837127,-48.05994111777058,17.22793,86.55605,0,6.82183,5.7752136411774035,5.7752136411774035,0.010098940155447877,77.1728428583443,9.066469795500616,1.842543007554878e-14,3.549020542480402e-15,3.2367752747743978e-15,7.07811172505836e-16,9.791985278966599e-16,4.774871947711066e-16,14.89372119914189,1.0,0.30885491394689035,1.0,6.82183,0,2.2641403878219836e-14,3.650279097280419e-15,130.73837526035308,-48.059940961579194,0.8498686426844295,0.7993258242397088,0.7993258242397088
IC2395_CXO_noconversion-122.0,122.0,130.78264903013638,-48.03481056441405,9.755862,77.924904,0,6.09473,8.094959179472838,8.094959179472838,0.009899295540699349,81.89122246467201,9.88073163457263,7.978845608028655e-18,6.028102749890869e-18,4.351951484808482e-15,8.707382987480764e-16,1.7926945888418228e-14,2.883129417620876e-15,,-1.0,,,,1,2.228687621883474e-14,3.011753104369671e-15,130.78264875824397,-48.0348102670514,1.514079239414709,1.552221368185567,1.552221368185567
IC2395_CXO_noconversion-34.0,34.0,130.54063400610818,-48.14942294481226,15.730933,53.871513,0,5.10876,3.7953816619700764,3.7953816619700764,0.010038821277078558,52.21285564511215,7.353521360866927,1.0574437817194303e-14,2.962176860381613e-15,3.2048946642714517e-15,6.657877122617797e-16,5.047056107200389e-15,1.448363809553281e-15,3.7696954878062865,1.0,0.8379892483896221,0.948,5.10876,0,1.8826388588666146e-14,3.363855340944782e-15,130.54063432405988,-48.149423112879106,0.6163168065928047,0.599980685101945,0.599980685101945
IC2395_CXO_noconversion-20.0,20.0,130.652730679359,-48.10225668389727,32.836754,88.84113,0,7.53773,1.5202602085456538,1.5202602085456538,0.010516260116924192,78.253546851158,8.889935686128096,8.494948334362086e-15,2.116107112290947e-15,4.60260946152389e-15,7.84397458733407e-16,5.0546778895119995e-15,1.1927148789310618e-15,6.530767958150499,1.0,0.9954911152747693,0.989,7.53773,0,1.8152235685397978e-14,2.552598179576898e-15,130.65273019181757,-48.10225645527749,0.29558876139127715,0.2126870996585308,0.2126870996585308
IC2395_CXO_noconversion-47.0,47.0,130.5157695941273,-48.06849379783637,17.723833,73.01732,0,6.70714,4.948068348316663,4.948068348316663,0.00791245447616351,72.22749042084564,8.667185613692507,6.679445691911873e-15,1.6195943390621e-15,5.0642316164247455e-15,8.389481738284384e-16,6.0158743801718325e-15,1.4402471035079542e-15,0.2532331236228793,1.0,0.9338804960407364,0.385,6.70714,0,1.7759551688508452e-14,2.3240549865816695e-15,130.51576969141368,-48.06849421084546,0.7089011628279522,0.6992640683903282,0.6992640683903282
IC2395_CXO_noconversion-22.0,22.0,130.59988005953957,-48.09299228239084,2.7632577,5.6549106,0,2.38475,1.4670015789361837,1.4670015789361837,0.0,5.917962466487936,2.45017654026243,1.4539855230713477e-14,7.445705057199758e-15,1.47802241096056e-15,7.621547818919361e-16,7.978845608028655e-18,6.028102749890869e-18,,-1.0,,,,4,1.6025856487282064e-14,7.484613553710943e-15,130.5998803602069,-48.09299249379368,0.9815965949273746,0.37108978555556776,0.37108978555556776
IC2395_CXO_noconversion-83.0,83.0,130.7551951770501,-48.16962474626737,13.024983,76.21412,0,6.59034,6.401724319696489,6.401724319696489,0.008130762974162487,73.08815634453298,9.018284722570055,3.481824208478281e-15,1.3311961139975532e-15,6.137269207225492e-15,1.0142435290444645e-15,3.927936587827775e-15,1.1023877793744843e-15,,0.0,0.5351144330835338,,4.65996,0,1.3547030003531548e-14,2.004003953650033e-15,130.75519550368665,-48.16962445612055,1.0288639151520271,1.0042879706938348,1.0042879706938348
IC2395_CXO_noconversion-95.0,95.0,130.55683590256533,-48.09876268140329,3.5542858,8.108321,0,2.27567,2.64666217783559,2.64666217783559,0.009417200180581675,8.38049750727702,3.004261251051759,1.1958481672110477e-14,4.980557175641073e-15,7.982994560720735e-16,5.895646472402136e-16,7.138240917680669e-16,4.855198798774763e-16,,-1.0,,,,0,1.3470605219950617e-14,5.038776221153455e-15,130.55683622978216,-48.09876241327274,1.1182893757187597,1.1333623815793519,1.1333623815793519
IC2395_CXO_noconversion-44.0,44.0,130.68966518595658,-48.08900759807864,10.472352,33.086803,0,4.16085,3.2001936901698227,3.2001936901698227,0.010483282014815742,31.713680321969832,5.749206448265538,9.56054909527293e-15,3.811505017283071e-15,1.886647392930656e-15,5.101374880721466e-16,1.844493754905691e-15,6.976071906538053e-16,4.4134293940299205,1.0,0.13958979201496724,0.964,4.16085,0,1.3291690243109278e-14,3.908256202702488e-15,130.6896657642311,-48.089007712894066,0.6728272303520183,0.6530572442751582,0.6530572442751582
IC2395_CXO_noconversion-105.0,105.0,130.52440098443694,-48.00601697668487,8.8655615,44.549408,0,5.42503,7.495858871907705,7.495858871907705,0.0036916943706066796,42.46416573573896,7.310181270820921,7.978845608028655e-18,6.028102749890869e-18,3.2025114587116227e-15,7.196280333456306e-16,9.695652804967612e-15,3.04461439891908e-15,,-1.0,,,,1,1.2906143109287265e-14,3.128510457470944e-15,130.52440036667332,-48.00601664636297,1.7906972092685647,1.748855560633577,1.748855560633577
IC2395_CXO_noconversion-73.0,73.0,130.6614743739255,-48.05107425382987,16.064041,67.49831,0,5.84234,4.131099501232613,4.131099501232613,0.006299263557829171,63.38635601549997,8.130709124077136,3.687853746399697e-15,9.713076178614727e-16,4.042071366975012e-15,7.484113623064306e-16,5.165504917834468e-15,1.2292199845576195e-15,3.1856533049920537,1.0,0.5463721030662174,0.926,5.84234,0,1.2895430031209177e-14,1.7362430204844397e-15,130.66147460985837,-48.05107467774012,0.6120231573616682,0.5861670597962495,0.5861670597962495
IC2395_CXO_noconversion-64.0,64.0,130.46967902207194,-48.140672348835395,5.372839,31.358465,0,3.91476,6.191618046993904,6.191618046993904,0.0109331645754418,27.050072995073595,5.8557006991452525,3.4499846447619258e-15,1.489719849568293e-15,1.8458541477815033e-15,5.260252023209781e-16,7.58489733419586e-15,3.3849221059396826e-15,,-1.0,,,,0,1.288073612673929e-14,3.735460534787342e-15,130.4696791107077,-48.140672158605504,1.5860106056796146,1.4757795746889681,1.4757795746889681
IC2395_CXO_noconversion-90.0,90.0,130.48378302531185,-48.12467264110886,9.390064,42.965126,0,4.50099,5.453077278689797,5.453077278689797,0.010951505722924804,37.79841653125861,6.494211670721952,7.978845608028655e-18,6.028102749890869e-18,8.831934110395703e-16,3.749363829576307e-16,1.1700679751076889e-14,2.185168459050905e-15,,-1.0,,,,1,1.2591852007724487e-14,2.2171095651137817e-15,130.48378297886234,-48.12467267430113,1.1084540525928903,1.0390880096451758,1.0390880096451758
IC2395_CXO_noconversion-50.0,50.0,130.5615530629874,-48.063834405647334,20.120726,72.875565,0,7.42104,3.778168879414056,3.778168879414056,0.004974324009870745,66.54465204435189,8.2498797194794,3.851523630425357e-15,1.0308486570007554e-15,2.845331132584943e-15,6.385194714749917e-16,5.706266835867753e-15,1.3437050911686085e-15,14.514199586782457,1.0,0.9974863399660723,1.0,7.42104,0,1.2403121598878053e-14,1.8099445961480154e-15,130.5615538544082,-48.06383434648805,0.5506511955939378,0.5141693068803002,0.5141693068803002
IC2395_CXO_noconversion-97.0,97.0,130.6220330514952,-48.09454726166042,4.7138705,9.652408,0,2.28556,1.1612276793906466,1.1612276793906466,0.0031021318535698894,9.507872481758465,3.165467179049629,9.443704919965184e-15,4.330548507659762e-15,2.91578329310855e-16,1.8200423463220766e-16,2.590829735018754e-15,1.3598111975553535e-15,,-1.0,,,,0,1.2326112984294793e-14,4.5426712858862204e-15,130.62203286166147,-48.0945473869992,0.7138170624891069,0.702671206138618,0.702671206138618
IC2395_CXO_noconversion-1.0,1.0,130.6083057911645,-48.19215381723179,10.643448,41.3997,0,5.02759,4.721061439713848,4.721061439713848,0.002968993371443407,41.34451018255308,6.641549643240789,4.718123972570857e-15,1.7015007692846637e-15,2.07322299896923e-15,5.658588544090423e-16,4.842945938108253e-15,1.237240508556659e-15,6.665750737935232,1.0,0.9999052286807371,0.99,5.02759,0,1.163429290964834e-14,2.1785465767348094e-15,130.60830518417143,-48.19215341092325,0.877312073414579,0.8726262055440841,0.8726262055440841
IC2395_CXO_noconversion-110.0,110.0,130.65781841008467,-48.21116211874923,4.987769,23.288115,0,3.46765,6.04592862955033,6.04592862955033,0.0008307013092370141,20.715507596465567,5.2212599382850495,6.407196689345906e-15,4.444033574535647e-15,1.3530095714777183e-15,4.663136427767131e-16,3.765060855052819e-15,1.7172539114555937e-15,,-1.0,,,,0,1.1525267115876444e-14,4.7870495946302156e-15,130.65781860692863,-48.21116168216364,1.7439568231115081,1.6459155181876317,1.6459155181876317
IC2395_CXO_noconversion-61.0,61.0,130.7483470495891,-48.147598408657885,7.1798534,29.81296,0,3.52726,5.5649760131126245,5.5649760131126245,0.009318853676496097,27.46693535680309,5.6734927493671,7.978845608028655e-18,6.028102749890869e-18,1.0974714669532752e-15,4.0576783087410953e-16,1.0127977169236611e-14,2.3376136544084784e-15,,-1.0,,,,1,1.1233427481797915e-14,2.372576967744567e-15,130.74834679167668,-48.14759840695453,1.336460008719837,1.2827843651943003,1.2827843651943003
IC2395_CXO_noconversion-26.0,26.0,130.59520859872208,-48.077923206942735,21.76376,61.42845,0,6.37597,2.3528809529083254,2.3528809529083254,0.0025231494172774926,56.29558781407019,7.551767219845701,1.8316109876345466e-15,5.521604571036065e-16,3.611297151087606e-15,6.929167041420677e-16,5.711517661954306e-15,1.3268053352914788e-15,2.8383874617113802,1.0,0.04111359457939645,0.908,6.37597,0,1.1154425800676458e-14,1.5954394777069743e-15,130.59520781430865,-48.07792279102725,0.41594621686755373,0.38433082993173506,0.38433082993173506
IC2395_CXO_noconversion-91.0,91.0,130.48245893847368,-48.114785419021715,8.972126,33.360924,0,4.51008,5.467727048530662,5.467727048530662,0.010764942162914348,33.717840211538046,6.178837140403318,7.165806719130707e-15,1.9067971896090696e-15,2.9513222538823955e-15,6.545590875460823e-16,3.141804545584768e-17,2.6085034070382214e-17,0.22624631461220118,1.0,0.42361606553894837,0.366,4.51008,0,1.0148547018468951e-14,2.016185395838552e-15,130.4824586147083,-48.11478552577487,1.1771233608042442,1.1825165968971292,1.1825165968971292
IC2395_CXO_noconversion-27.0,27.0,130.64864046114494,-48.061972406987415,12.279955,36.772057,0,4.49105,3.3291117736872073,3.3291117736872073,0.005733232941524946,33.91907614300878,5.919876559397709,3.997852705385355e-15,1.157765916500178e-15,1.7002063920371977e-15,4.733457544501392e-16,4.131017090084463e-15,1.1901772295508554e-15,0.08812037640527365,1.0,0.586077523586215,0.233,4.49105,0,9.829076187507015e-15,1.7265572560464996e-15,130.6486404312908,-48.061972382582624,0.6741515121708846,0.38186427076717183,0.38186427076717183
IC2395_CXO_noconversion-102.0,102.0,130.5713451964601,-48.02124039137,6.389447,30.50492,0,3.43784,5.871809197054768,5.871809197054768,0.0016080380319736243,22.931464032679436,5.311362748872752,4.39572544788269e-15,3.737477162485227e-15,1.2615230850983036e-15,4.235334400618473e-16,3.55462986600008e-15,1.2110090801649977e-15,,0.0,0.012921718367768786,,2.53292,0,9.211878398981073e-15,3.951538827746897e-15,130.57134577083215,-48.02123982538372,1.5832441489111024,1.3751354822224338,1.3751354822224338
IC2395_CXO_noconversion-63.0,63.0,130.5485945453229,-48.14351867780111,11.22916,34.46737,0,4.59041,3.3345073716683027,3.3345073716683027,0.010183319890281428,32.7148139149544,5.835518998955311,5.369899284533576e-15,1.6793964717503546e-15,1.6786152981468692e-15,4.986160448579188e-16,2.0525163651761045e-15,7.132251457407534e-16,5.376720132306341,1.0,0.20176925461263095,0.98,4.59041,0,9.101030947856549e-15,1.891475767234202e-15,130.5485943828927,-48.143518832737676,0.6867083888509514,0.6630222632919917,0.6630222632919917
IC2395_CXO_noconversion-39.0,39.0,130.51842052656625,-48.11769164645881,10.337271,39.04023,0,4.12342,4.033520542378346,4.033520542378346,0.010884707783787917,36.04460221809334,6.171009060106058,7.978845608028655e-18,6.028102749890869e-18,2.183663479365112e-15,5.347175620347726e-16,6.8030039034204484e-15,1.6935331338840132e-15,,-1.0,,,,1,8.994646228393588e-15,1.7759543025467128e-15,130.51842021437702,-48.117691706026704,0.7842370802451673,0.7494457965286848,0.7494457965286848
IC2395_CXO_noconversion-31.0,31.0,130.63359530615764,-48.170550251336024,7.7627554,20.890232,0,3.6763,3.455779671666548,3.455779671666548,0.00015743319562333546,21.964172438722592,4.800303902821645,1.172646867439034e-15,8.913308346256856e-16,1.3065561478757512e-15,5.4937917259223955e-16,6.487577641351583e-15,1.6214909111241594e-15,,-1.0,,,,0,8.96678065666637e-15,1.930160850004712e-15,130.63359513084683,-48.170550083139084,0.8603629088826525,0.44142515251989806,0.44142515251989806
IC2395_CXO_noconversion-84.0,84.0,130.46527184285762,-48.166497325865706,8.348791,35.87757,0,3.69617,6.917939515809608,6.917939515809608,0.01050556306033723,32.053464681003554,6.432128836576434,7.978845608028655e-18,6.028102749890869e-18,9.993274474737858e-16,4.0607941044906976e-16,7.527034908609383e-15,1.837684115086206e-15,,-1.0,,,,1,8.534341201691198e-15,1.8820254335299506e-15,130.46527221648986,-48.166497641984606,1.7652265172370907,1.6718478971257298,1.6718478971257298
IC2395_CXO_noconversion-100.0,100.0,130.57573259883347,-48.05383917079521,5.0337853,15.459964,0,3.0771,3.992334940702281,3.992334940702281,0.0028709054600872808,16.585861355870847,4.249566740159586,1.84723594058333e-15,8.9881909488603e-16,8.637083546255101e-16,3.3553698312490507e-16,5.740695171871928e-15,3.571148556140844e-15,,0.0,0.6025730698478202,,3.0771,0,8.451639467080768e-15,3.6977780953436265e-15,130.5757320472487,-48.05383918818465,1.1353439659132796,1.1735097754567412,1.1735097754567412
IC2395_CXO_noconversion-132.0,132.0,130.4233712569416,-48.1352919547735,5.204052,27.079782,0,4.52006,7.938370562231748,7.938370562231748,0.010966366428509122,27.670889040636663,6.199209930545495,7.978845608028655e-18,6.028102749890869e-18,3.0729762676848202e-15,8.93980268815945e-16,5.307208285432542e-15,1.804125618199606e-15,,-1.0,,,,1,8.38816339872539e-15,2.013481141033882e-15,130.42337102250423,-48.13529227223031,2.4838591310721627,2.515428060605393,2.515428060605393
IC2395_CXO_noconversion-79.0,79.0,130.46897245669436,-48.190015150083674,5.4442525,29.775913,0,4.07374,7.546919522182607,7.546919522182607,0.009782316419831627,30.274382798813647,6.677617267444523,7.978845608028655e-18,6.028102749890869e-18,2.386307721729655e-15,6.597693321416403e-16,5.739131062887236e-15,2.4425583973094474e-15,,-1.0,,,,1,8.13341763022492e-15,2.5301034433248547e-15,130.46897243715094,-48.19001505534531,2.1421788947471723,2.1644817774433016,2.1644817774433016
IC2395_CXO_noconversion-33.0,33.0,130.52236318422007,-48.155025713076405,27.797089,110.82768,0,9.85188,4.591060033170038,4.591060033170038,0.010150902016928143,103.6834404337205,10.35072436180593,1.452705576072001e-16,3.893698674527697e-17,1.2717634111541315e-15,4.167939616102134e-16,6.602902950508178e-15,1.6067100596708604e-15,,0.0,1.0,,9.85188,0,8.01993691926951e-15,1.660346503359789e-15,130.52236282085346,-48.155025127529825,0.5512595331011222,0.5175041199807183,0.5175041199807183
IC2395_CXO_noconversion-28.0,28.0,130.5979089462634,-48.18743615801592,9.545316,31.472853,0,4.89842,4.4982591055636725,4.4982591055636725,0.003982854550683257,32.746922473632196,5.924019467308964,4.792548602740425e-15,1.3760743440776006e-15,1.9085104966916702e-15,5.247421586536401e-16,1.3153231728054677e-15,6.3879371443274195e-16,0.2803920565821423,1.0,0.38529869452136367,0.404,4.89842,0,8.016382272237563e-15,1.6053013247038265e-15,130.5979088996637,-48.18743563735015,0.9292428321142986,0.5117188022717923,0.5117188022717923
IC2395_CXO_noconversion-36.0,36.0,130.53394191405974,-48.14053303198707,12.105198,40.3181,0,4.72951,3.7633866136297494,3.7633866136297494,0.010626293111628549,36.297770678706,6.170143669489855,3.822198026161876e-15,1.2966460152837698e-15,2.739570513965712e-15,6.181991443841581e-16,1.437162649373155e-15,5.761324245880534e-16,4.172550471990261,1.0,0.42212595081854054,0.959,4.72951,0,7.998931189500743e-15,1.5477046364633958e-15,130.53394271350066,-48.14053283631959,0.7290384305327657,0.6868703562310343,0.6868703562310343
IC2395_CXO_noconversion-143.0,143.0,130.4392137775878,-48.01925227014437,4.0083413,19.944138,0,2.74232,9.171023162040534,9.171023162040534,0.007240105559856325,23.435993266605763,6.232863767160647,7.978845608028655e-18,6.028102749890869e-18,3.649428327835667e-15,9.295184937550314e-16,4.204738554231488e-15,3.195551207179968e-15,,-1.0,,,,1,7.862145727675184e-15,3.3280006739729993e-15,130.43921332313613,-48.019252190109874,3.7302049543559264,4.051423816755167,4.051423816755167
IC2395_CXO_noconversion-121.0,121.0,130.5666247388719,-48.05784907624414,4.57854,14.782815,0,2.43397,3.9576493405319275,3.9576493405319275,0.004012971647798569,13.422244484002498,3.8814312110579823,6.469809949809376e-15,2.9741903329582736e-15,3.8049666808796375e-16,2.1467921420832384e-16,7.489864847663315e-16,6.293374308117287e-16,,0.0,5.417786475003794e-08,,2.43397,0,7.599293102663671e-15,3.047615609537439e-15,130.56662543149048,-48.05784933188531,1.2478210156908096,1.1889379301283838,1.1889379301283838
IC2395_CXO_noconversion-76.0,76.0,130.68808850495955,-48.04970837946823,5.5066996,17.223072,0,3.0404,4.739729914610512,4.739729914610512,0.007938642187864886,16.35340027908762,4.371435202458554,7.978845608028655e-18,6.028102749890869e-18,5.111102136530828e-16,2.727046528060512e-16,6.91262583089877e-15,1.7973646046648186e-15,,-1.0,,,,1,7.431714890159882e-15,1.81794490779747e-15,130.6880885861496,-48.04970873538053,1.3914882997180804,1.3545947849240627,1.3545947849240627
IC2395_CXO_noconversion-41.0,41.0,130.71106596314098,-48.10303645428611,14.626645,43.777866,0,4.61028,3.746693561442659,3.746693561442659,0.010967783666917086,43.63528542597379,6.71240924507461,1.1980098481038235e-15,4.971254645577994e-16,2.5067161803451784e-15,5.812233796764062e-16,3.566748857058432e-15,9.4511425635172e-16,,0.0,0.18017498483065175,,4.61028,0,7.271474885507435e-15,1.2158105535623288e-15,130.7110652894528,-48.10303643583999,0.6637248814724954,0.6565024363358581,0.6565024363358581
IC2395_CXO_noconversion-142.0,142.0,130.48256818710644,-48.059162214523305,3.2478304,11.021369,0,2.10746,6.373370332346568,6.373370332346568,0.008220972641376001,9.881401764511134,3.90038569203533,7.978845608028655e-18,6.028102749890869e-18,7.980147835726454e-16,4.044775854820509e-16,6.462428685042985e-15,3.0576383391803298e-15,,-1.0,,,,1,7.26842231422366e-15,3.084281223949204e-15,130.48256864635226,-48.05916232326627,2.7375278104141314,2.60006679636722,2.60006679636722
IC2395_CXO_noconversion-144.0,144.0,130.60627248350016,-47.97170503969835,4.0101385,19.950083,0,2.48399,8.540258558821275,8.540258558821275,0.0013603733359142112,18.007033189254138,5.975595983779807,7.978845608028655e-18,6.028102749890869e-18,1.5866712553529277e-15,6.793074359869913e-16,5.57659499263536e-15,1.9453284582287066e-15,,-1.0,,,,1,7.171245093596317e-15,2.0605333632349803e-15,130.6062729219192,-47.971704746637315,3.601509254064851,3.430211791815815,3.430211791815815
IC2395_CXO_noconversion-113.0,113.0,130.71442651324674,-48.18929642534352,4.982786,20.300163,0,3.40803,5.927340204354637,5.927340204354637,0.005411787035850768,18.640012837631613,4.922569371158221,7.978845608028655e-18,6.028102749890869e-18,8.478145937648264e-16,3.622632568693502e-16,6.063645475238689e-15,1.8607490059575796e-15,,-1.0,,,,1,6.919438914611544e-15,1.8956945609650496e-15,130.7144266425627,-48.189296165321565,1.782875511411247,1.7076391728940739,1.7076391728940739
IC2395_CXO_noconversion-109.0,109.0,130.6870486398711,-48.21189187269012,7.225952,33.013798,0,3.91476,6.4865630873798805,6.4865630873798805,0.0026860403108450726,30.291048711620498,6.191587126447907,2.1514699659409626e-15,8.424357014717047e-16,1.5443211828884706e-15,5.052678238570358e-16,2.9946873878088653e-15,1.496827453448524e-15,2.957876173353093,1.0,0.9601105074654211,0.915,3.91476,0,6.690478536638298e-15,1.790387083939264e-15,130.68704916693073,-48.21189168117982,1.6213345269003212,1.5549491541205533,1.5549491541205533
IC2395_CXO_noconversion-140.0,140.0,130.56182974696478,-47.98130761157888,7.06054,41.27186,0,4.1808,8.27250742381106,8.27250742381106,0.0010596786727097296,33.29408657879542,7.0482395362866255,7.978845608028655e-18,6.028102749890869e-18,1.804476744700908e-15,5.745951098817204e-16,4.7225686690156964e-15,1.5500548822742496e-15,,-1.0,,,,1,6.5350242593246336e-15,1.65313823269108e-15,130.56182934952082,-47.98130715040085,2.476101683876267,2.229126828766073,2.229126828766073
IC2395_CXO_noconversion-86.0,86.0,130.6345930033189,-48.156937602406806,3.3195326,7.8704734,0,1.98873,2.6636679457152934,2.6636679457152934,0.0005734545737516861,7.418976397939167,2.832686617322723,1.2961698088720716e-15,5.63528971626843e-16,6.276048020608439e-16,2.6591649310865483e-16,4.4165986655442236e-15,3.5503764217221553e-15,,0.0,0.003187758771084792,,1.98873,0,6.340373276477139e-15,3.604642731130317e-15,130.63459308731174,-48.156937966977324,1.1911119756259934,1.1553849381533254,1.1553849381533254
IC2395_CXO_noconversion-9.0,9.0,130.63384589582367,-48.14100576845242,12.190273,32.0862,0,3.84884,1.738616762698674,1.738616762698674,0.0018136231403290681,30.212251017165265,5.570696587394113,1.6552298110511088e-15,6.074542023039078e-16,1.2888723646305523e-15,4.2227848709539177e-16,3.2009726223674118e-15,1.0013910038739832e-15,5.394841889308734,1.0,0.3531097856797115,0.98,3.84884,0,6.145074798049073e-15,1.2450315944585477e-15,130.63384594603886,-48.141005488568894,0.4746529788269289,0.2755293778076232,0.2755293778076232
IC2395_CXO_noconversion-124.0,124.0,130.49865355908065,-47.97265166439519,3.3240044,13.100124,0,1.32708,9.746597454522034,9.746597454522034,0.0036212462089384445,2.9348351727170825,5.485006130142095,7.978845608028655e-18,6.028102749890869e-18,5.104337024125859e-16,4.587696202197556e-16,5.480808979958075e-15,3.68004658760947e-15,,-1.0,,,,1,5.99922152797869e-15,3.7085372843528814e-15,,,,5.807833388428552,5.807833388428552
IC2395_CXO_noconversion-89.0,89.0,130.4685272351685,-48.129248129278714,9.1323595,48.842438,0,5.0574,6.095636885157621,6.095636885157621,0.010963422934188838,46.92139012098659,7.297470710320553,7.978845608028655e-18,6.028102749890869e-18,2.8650840406627746e-15,6.516390000916092e-16,3.1133073545301274e-15,1.0256903804311855e-15,,-1.0,,,,1,5.986370240800931e-15,1.2151997699852587e-15,130.46852668734147,-48.12924799999794,1.1789768477943108,1.1550974445021525,1.1550974445021525
IC2395_CXO_noconversion-136.0,136.0,130.5431829220816,-48.01796181992932,3.7664683,13.739253,0,2.57249,6.502831559240736,6.502831559240736,0.0032488782827297946,12.390026854602098,4.391747545334755,7.978845608028655e-18,6.028102749890869e-18,9.06128756556655e-16,4.052704551127958e-16,4.7272795844986945e-15,2.270544152742709e-15,,-1.0,,,,1,5.641387186663378e-15,2.306436912071128e-15,130.5431826131851,-48.01796206552713,2.5359981236156157,2.411826196386902,2.411826196386902
IC2395_CXO_noconversion-49.0,49.0,130.57434824318295,-48.064754464282544,9.686358,27.404196,0,4.30227,3.4424825828082453,3.4424825828082453,0.003884286135722448,26.20993139448123,5.1993127506300505,2.2931165003512284e-15,7.826482616079971e-16,1.3281538861391388e-15,4.160528045566433e-16,1.948506637428993e-15,8.618318848246353e-16,0.20469690846828345,1.0,0.7514906727593286,0.349,4.30227,0,5.56977702391936e-15,1.236281697380436e-15,130.5743485330374,-48.06475427170425,0.7874232556711233,0.7643081247880924,0.7643081247880924
IC2395_CXO_noconversion-104.0,104.0,130.6353630179528,-48.01288383252933,6.038701,30.85782,0,3.56701,6.090076665107013,6.090076665107013,0.00312340582070858,31.084853921514096,6.187735268022077,7.868198976405269e-16,3.2203310682186525e-16,1.9863831773610117e-15,5.62372292760017e-16,2.741653213454612e-15,1.4541917653871344e-15,,0.0,0.051250105364510024,,3.56701,0,5.514856288456151e-15,1.5920557804528244e-15,130.635363546722,-48.012883826180826,1.4425916617459726,1.4483063041924562,1.4483063041924562
IC2395_CXO_noconversion-80.0,80.0,130.70006232224603,-48.18931394001212,5.580197,23.933012,0,3.23912,5.574785460294413,5.574785460294413,0.004642526512663725,23.76124352124485,5.405350502320693,7.978845608028655e-18,6.028102749890869e-18,2.874819808675877e-16,1.7126289694494873e-16,5.10163498514324e-15,1.2607169325730758e-15,,-1.0,,,,1,5.397095811618856e-15,1.2723106939616615e-15,130.70006221567587,-48.18931411077236,1.4391059607232453,1.4341017966638323,1.4341017966638323
IC2395_CXO_noconversion-111.0,111.0,130.5867808082659,-48.2083028222662,4.298178,20.149416,0,3.10002,5.81507444875553,5.81507444875553,0.004344004643127786,18.97401386267542,5.024980768365502,7.978845608028655e-18,6.028102749890869e-18,1.3305780926854764e-15,4.977071746750648e-16,4.053916011673886e-15,1.8234149734178524e-15,,-1.0,,,,1,5.392472949967391e-15,1.8901298725299872e-15,130.58678070168648,-48.20830339766579,1.7126127042622779,1.663974224030791,1.663974224030791
IC2395_CXO_noconversion-119.0,119.0,130.77056659486414,-48.082122445218076,4.698121,20.474174,0,4.50099,6.365931502665328,6.365931502665328,0.01089236217171452,23.21140280412436,5.50297468913739,7.978845608028655e-18,6.028102749890869e-18,2.2355465546006396e-15,7.753309613875458e-16,3.123091552029042e-15,1.1861010008607389e-15,,-1.0,,,,1,5.36661695223771e-15,1.4170427029386749e-15,,,,1.9088726825647424,1.9088726825647424
IC2395_CXO_noconversion-114.0,114.0,130.56978564329944,-48.15524539089811,3.3373885,8.9359255,0,2.16683,3.1719661013966327,3.1719661013966327,0.00826466228852274,9.127216736574898,3.168007867409148,3.2997540802069077e-16,1.8412768475589872e-16,1.0290020388291959e-15,3.877762831339458e-16,3.96558391710942e-15,3.260249570572763e-15,,0.0,1.4869316473653527e-06,,1.80306,0,5.324561363959306e-15,3.2883887714919947e-15,130.56978561963058,-48.15524484739938,1.228017920909064,1.2404780410089773,1.2404780410089773
IC2395_CXO_noconversion-65.0,65.0,130.54288486020823,-48.13058247036421,5.3236866,15.263775,0,2.5436,3.2086408765877015,3.2086408765877015,0.010867697538399224,13.88581124884758,3.8789146008687045,7.978845608028655e-18,6.028102749890869e-18,1.3546520533386842e-15,7.000901915346034e-16,3.954498287114955e-15,1.1669082560309138e-15,,-1.0,,,,1,5.317129186061668e-15,1.3608223588326397e-15,130.5428847595935,-48.13058240204737,1.0088536388024336,0.9605140475647553,0.9605140475647553
IC2395_CXO_noconversion-138.0,138.0,130.58581223813866,-48.00329034281938,4.817015,26.842619,0,2.80194,6.761807457501618,6.761807457501618,0.00011108868563391994,21.83753510411394,5.603212843255441,7.978845608028655e-18,6.028102749890869e-18,7.365390204033877e-16,3.27193089713792e-16,4.530220125296616e-15,1.450634673271992e-15,,-1.0,,,,1,5.274737991308032e-15,1.4870886359858175e-15,130.58581162468167,-48.003290302631136,2.0488644337316297,1.8526333710982064,1.8526333710982064
IC2395_CXO_noconversion-71.0,71.0,130.6541362125504,-48.08045370239178,4.664343,11.562694,0,2.38488,2.447350073689737,2.447350073689737,0.00785714635120005,11.379669483940965,3.4678024977389557,8.0808613310555575e-16,5.839235006226061e-16,1.279785265170883e-15,4.0053989603273066e-16,2.748605557769646e-15,1.7513495704088507e-15,,0.0,0.079836749133955,,2.38488,0,4.8364769560460846e-15,1.8890802472802828e-15,130.65413550533592,-48.080453654216086,0.912126924333903,0.9018428912101017,0.9018428912101017
IC2395_CXO_noconversion-85.0,85.0,130.69189187354405,-48.15734402493234,3.3860884,10.426661,0,2.5138,3.9193535972621314,3.9193535972621314,0.006662146993006379,8.888198509091287,3.3303174636885404,3.0510639090133464e-15,1.2293209686566987e-15,6.598604781497143e-16,4.3077233033585316e-16,1.0007431207046459e-15,6.280572225715257e-16,,0.0,0.01469651868873223,,2.5138,0,4.7116675078677066e-15,1.4461157351285146e-15,130.69189111573826,-48.15734358918876,1.5193231424204279,1.3994053355613594,1.3994053355613594
IC2395_CXO_noconversion-98.0,98.0,130.73840093531615,-48.07474569966883,3.8440573,13.474095,0,2.56347,5.329644589638253,5.329644589638253,0.010570798161459116,12.295059898683363,4.019232669179645,7.978845608028655e-18,6.028102749890869e-18,9.56371987442904e-16,3.745844127869929e-16,3.7362946714615965e-15,2.1555977403275538e-15,,-1.0,,,,1,4.700645504512529e-15,2.1879102903069395e-15,130.73840064435203,-48.07474582973317,1.8709413411923366,1.7873612021882104,1.7873612021882104
IC2395_CXO_noconversion-75.0,75.0,130.59419092686733,-48.05025686068366,4.195367,17.17637,0,2.78027,3.9389961734095364,3.9389961734095364,0.0007736656420891386,11.918094182117242,3.7537046474850326,7.978845608028655e-18,6.028102749890869e-18,7.978845608028655e-18,6.028102749890869e-18,4.538477161908697e-15,1.39659461115219e-15,,-1.0,,,,3,4.554434853124755e-15,1.3966206299295678e-15,130.59419009169042,-48.05025716935846,1.318786549918177,1.0982723446567502,1.0982723446567502
IC2395_CXO_noconversion-103.0,103.0,130.5368176603989,-48.01789409569379,10.269793,44.585136,0,4.54073,6.629439807950841,6.629439807950841,0.0036179506359408364,45.157932644635274,7.231617423366282,7.978845608028655e-18,6.028102749890869e-18,3.0983501539285308e-15,6.942991063240622e-16,1.2810499357088014e-15,5.250725074199443e-16,,-1.0,,,,1,4.387378935245361e-15,8.705106117178711e-16,130.53681757961743,-48.01789390310953,1.382255544431807,1.391157637427536,1.391157637427536
IC2395_CXO_noconversion-87.0,87.0,130.6886922283825,-48.15536564091229,6.551066,23.809605,0,3.27498,3.7447652599357895,3.7447652599357895,0.00670000173566887,22.524276789315785,4.905512389206515,2.7614831476702085e-15,1.041060720782583e-15,1.4020500442040693e-15,4.444608831601182e-16,1.160879546694281e-16,9.93725891609116e-17,4.213004679417223,1.0,0.5443539113883118,0.96,3.27498,0,4.279621146543706e-15,1.1363220549176921e-15,130.68869190877876,-48.155365401043134,0.9155186881857144,0.887474418409056,0.887474418409056
IC2395_CXO_noconversion-66.0,66.0,130.7185197821832,-48.12856287105458,3.8311908,9.534171,0,2.27567,4.08566630837149,4.08566630837149,0.0100964317348895,8.825395346515002,3.17034697871461,1.784318860552297e-15,7.480696281583628e-16,4.351630663204788e-16,2.37628858133139e-16,2.0586747182929317e-15,1.1478407958700282e-15,,0.0,0.0053738066878790125,,2.27567,0,4.278156645165707e-15,1.3905445463753365e-15,130.7185192171627,-48.128563155817,1.5894765563213509,1.528460597819122,1.528460597819122
IC2395_CXO_noconversion-93.0,93.0,130.58484585901905,-48.102676962965674,3.7386937,8.276702,0,2.54281,1.5201396596381453,1.5201396596381453,0.008810542954518552,7.709586212309668,2.8305562423319275,7.468668064669794e-16,4.502721449578565e-16,5.62058512962266e-16,2.59678007118212e-16,2.9691507474630186e-15,1.6916502059392686e-15,,0.0,0.8246030359204539,,2.54281,0,4.278076066892264e-15,1.7697056509940305e-15,,,,0.8335972831043652,0.8335972831043652
IC2395_CXO_noconversion-7.0,7.0,130.65270227100606,-48.14679721556965,7.329983,17.734985,0,3.25667,2.39791153969482,2.39791153969482,0.00441785837124975,16.462359597833085,4.1258011559765375,7.978845608028655e-18,6.028102749890869e-18,5.280337759863827e-16,4.013593743036062e-16,3.642673182692719e-15,1.060140265663352e-15,,-1.0,,,,1,4.17868580428713e-15,1.1335885797964394e-15,130.65270200776658,-48.14679757260464,0.7526407937540543,0.7200530386897188,0.7200530386897188
IC2395_CXO_noconversion-81.0,81.0,130.62747150547924,-48.177362405308315,2.6106846,6.9663906,0,1.99863,3.8295970829305825,3.8295970829305825,0.001043962424344791,7.48798027882053,3.01086700349508,7.978845608028655e-18,6.028102749890869e-18,4.444025502850602e-16,3.5681729383201623e-16,3.5743619438662274e-15,1.3995658257076575e-15,,-1.0,,,,1,4.026743339759316e-15,1.4443474027009998e-15,130.6274710965328,-48.177362160727306,1.6096930438301338,1.6691659774856347,1.6691659774856347
IC2395_CXO_noconversion-51.0,51.0,130.59702291015736,-48.04993177740303,12.383459,44.16382,0,5.56775,3.930965293164881,3.930965293164881,0.0004228155912047171,42.1775617325632,6.639207643115939,9.661798043470962e-16,3.5279568923638188e-16,2.4460295690284587e-15,5.862921353416174e-16,4.4316569923248527e-16,2.510510316344273e-16,6.536241509281752,1.0,0.318402404321921,0.989,5.56775,0,3.8553750726080405e-15,7.288551891781504e-16,130.59702335778726,-48.04993142347253,0.7101004528088833,0.6861916859321979,0.6861916859321979
IC2395_CXO_noconversion-133.0,133.0,130.82518825538426,-48.127194692732225,4.995893,20.329613,0,2.70258,8.299987052594622,8.299987052594622,0.010496653331147243,17.834011583457798,5.243783177237201,7.978845608028655e-18,6.028102749890869e-18,1.3957290570947697e-15,6.608528916722648e-16,2.404357632648233e-15,9.359251506241792e-16,,-1.0,,,,1,3.808065535351032e-15,1.1457393988273467e-15,130.82518838076146,-48.127194208878166,3.3941271256016465,3.189716486227719,3.189716486227719
IC2395_CXO_noconversion-59.0,59.0,130.6083542856121,-48.156104891709326,5.471825,14.203548,0,3.38816,2.574075508306894,2.574075508306894,0.003756994324802365,13.091675397863293,3.746665510571366,9.96065923277425e-16,5.09397419530518e-16,1.5576981954977024e-15,6.103214820728711e-16,1.0965456537405365e-15,5.847744345282586e-16,,0.0,0.4084081646283325,,3.38816,0,3.650309772515664e-15,9.868835705298884e-16,,,,0.8420681612501257,0.8420681612501257
IC2395_CXO_noconversion-32.0,32.0,130.61894328344,-48.16517662190472,2.3288145,5.214537,0,1.87203,3.0832178865113584,3.0832178865113584,0.0019680170505789185,5.33757249006979,2.455081602645901,7.978845608028655e-18,6.028102749890869e-18,4.634012170037152e-16,3.5223209189041294e-16,3.1189502652119116e-15,1.5256476148670958e-15,,-1.0,,,,1,3.590330327823655e-15,1.5657919495673484e-15,130.61894354466574,-48.165176338907564,1.5650034948957572,1.5827299239031163,1.5827299239031163
IC2395_CXO_noconversion-57.0,57.0,130.71545274678653,-48.18369359225097,4.4680343,15.572839,0,2.37461,5.7024493358713375,5.7024493358713375,0.005822092693448244,13.224044447644474,4.267008488747463,7.978845608028655e-18,6.028102749890869e-18,7.146984511462182e-16,3.3599737747521825e-16,2.800111269924925e-15,1.4254044042854354e-15,,-1.0,,,,1,3.5227885666791717e-15,1.4644822605444234e-15,130.71545319729663,-48.18369343979541,1.9882120765881943,1.8353904154458034,1.8353904154458034
IC2395_CXO_noconversion-13.0,13.0,130.64082780851402,-48.12860971679454,8.999275,20.20071,0,3.47286,1.2486379000779513,1.2486379000779513,0.0061088637461444995,18.464720289870833,4.361426414418673,8.12807203880571e-16,3.7819222822332765e-16,1.6818620370139494e-15,4.669601896022818e-16,9.93758215720504e-16,5.293347703296507e-16,0.27478747865944686,1.0,0.0439202071914192,0.4,3.47286,0,3.488427456615024e-15,8.007974021198299e-16,130.64082732718376,-48.12861004554674,0.531676225354706,0.27177805490616647,0.27177805490616647
IC2395_CXO_noconversion-74.0,74.0,130.63455527013662,-48.05091991379341,7.6812344,24.789322,0,3.64649,3.823757811741229,3.823757811741229,0.003747758600705975,22.668137960123026,4.904633838960931,1.6022779915988898e-15,7.430423950721575e-16,1.762070563337833e-15,5.055377310548042e-16,4.4310241205510087e-17,3.372873625892037e-17,6.348680134284254,1.0,0.277796808408866,0.988,3.64649,0,3.408658796142233e-15,8.9934310807624e-16,130.63455582418783,-48.05092020309627,0.932222135880919,0.888214303590219,0.888214303590219
IC2395_CXO_noconversion-10.0,10.0,130.61568127415927,-48.137072064440936,3.2448227,6.6492233,0,2.09757,1.403040930161258,1.403040930161258,0.003003855866635763,6.709588560491164,2.6480272785717824,1.9504548958015524e-15,1.001011902861969e-15,5.602186877997566e-16,2.8509567572516973e-16,8.251566052897019e-16,7.024216399733975e-16,,0.0,0.46264316522763116,,2.09757,0,3.335830188891011e-15,1.2556673661011696e-15,130.61568211982598,-48.13707176207632,0.9013153463421644,0.9009326018243708,0.9009326018243708
IC2395_CXO_noconversion-60.0,60.0,130.56249832041533,-48.150840146146635,7.4032006,18.502308,0,3.19938,3.1703124421493385,3.1703124421493385,0.009093912949042604,19.08439687782988,4.476394300029018,9.280050949695517e-16,3.9043296166223586e-16,1.0676029691625757e-15,3.734405064639933e-16,1.0811967029636115e-15,5.4351203823754635e-16,3.3347600914727744,1.0,0.4557627417297976,0.932,3.19938,0,3.076804767095739e-15,7.663556910009612e-16,130.56249839840626,-48.150840212229646,0.8552625685217436,0.864338992010493,0.864338992010493
IC2395_CXO_noconversion-117.0,117.0,130.7401144935862,-48.121224968675406,3.9538677,13.688408,0,2.17672,4.874102013880335,4.874102013880335,0.010555256777251998,10.957654967047102,3.7592853887471898,1.0897756290515412e-15,8.125742382046322e-16,3.382730845760207e-16,2.0566901804215767e-16,1.6220509364538005e-15,8.222533860336505e-16,,0.0,2.744266855980726e-07,,2.17672,0,3.0500996500813624e-15,1.174170885527344e-15,130.74011379396813,-48.12122518542207,1.7541136986480987,1.5727325646057222,1.5727325646057222
IC2395_CXO_noconversion-69.0,69.0,130.56595941334086,-48.101969791802695,4.1095786,9.209785,0,2.42408,2.238082917982375,2.238082917982375,0.009540583807430947,9.251854253337743,3.1671905328185104,5.881933541422225e-16,4.260156602488394e-16,7.996083808263237e-16,3.1976569822914157e-16,1.6455074699720046e-15,8.382603821789186e-16,,0.0,0.3444533221165219,,2.42408,0,3.0333092049405508e-15,9.931867462224672e-16,130.5659590283768,-48.10196954901647,0.9562889947540925,0.9553434711371479,0.9553434711371479
IC2395_CXO_noconversion-101.0,101.0,130.58764295770231,-48.05011274464065,4.57214,15.272655,0,2.30535,4.021378778692268,4.021378778692268,0.001431536153766455,12.794709795114226,3.8848115107353904,7.978845608028655e-18,6.028102749890869e-18,6.063221428597539e-16,2.872324288659414e-16,2.4004067608840252e-15,9.091285795341132e-16,,-1.0,,,,1,3.0147077493518076e-15,9.534430136828869e-16,130.58764298238853,-48.0501127250664,1.2991426319141928,1.1896986841884338,1.1896986841884338
IC2395_CXO_noconversion-30.0,30.0,130.70994214378965,-48.171839728219794,5.2243757,20.828768,0,3.55707,5.04029116379084,5.04029116379084,0.006371068080826436,21.2960660785282,5.015391061797339,7.978845608028655e-18,6.028102749890869e-18,1.9419224190735217e-15,5.407691766263602e-16,9.162058961620954e-16,6.570442219472771e-16,,-1.0,,,,1,2.8661071608436458e-15,8.509845768321642e-16,130.70994156933003,-48.17183932881013,1.3219007953603206,1.3344240728848755,1.3344240728848755
IC2395_CXO_noconversion-115.0,115.0,130.55035026004734,-48.15397233503491,3.1849399,7.721313,0,2.0481,3.6547340430658317,3.6547340430658317,0.009426767437538786,7.58271574818427,3.009830449607315,1.3227877074895799e-15,8.131713655573109e-16,1.069017933268926e-15,4.884200447966146e-16,4.000560372562184e-16,3.3979247846180687e-16,,-1.0,,,,0,2.7918616780147243e-15,1.0076014779369303e-15,130.5503500451418,-48.15397215270505,1.5268891838233787,1.5146898056528573,1.5146898056528573
IC2395_CXO_noconversion-134.0,134.0,130.63738497932633,-48.10959282714085,2.5177627,4.8741107,0,1.64244,0.7805322314486461,0.7805322314486461,0.01080266707114097,4.7927646757591,2.2379877816830014,7.978845608028655e-18,6.028102749890869e-18,7.350360155620952e-16,3.401956490563275e-16,2.046225012721618e-15,1.25856280038214e-15,,-1.0,,,,1,2.789239873891742e-15,1.3037445072426398e-15,130.63738517465646,-48.10959269305963,0.9024057250632552,0.8918386970519454,0.8918386970519454
IC2395_CXO_noconversion-112.0,112.0,130.6176009253961,-48.19340475123157,4.5133214,15.655436,0,2.44387,4.777179891827654,4.777179891827654,0.0021296668167605226,13.964036471812822,4.1383887344117545,6.460260384872992e-16,3.346100733957387e-16,3.328364845537084e-16,1.9827091069659514e-16,1.7979800211585883e-15,8.661411510362753e-16,,0.0,0.4139931382466161,,2.27533,0,2.7768425441995956e-15,9.4946076736472e-16,130.61760044052642,-48.19340439285419,1.5170665667659,1.4343198333244107,1.4343198333244107
IC2395_CXO_noconversion-62.0,62.0,130.66797106654823,-48.143589957850864,3.1603112,7.1534777,0,2.58239,2.662202031987832,2.662202031987832,0.0,7.428779599271403,2.832544196429984,5.436886642525015e-16,4.0143579797527276e-16,1.046053990072522e-15,4.77946070919183e-16,1.1631791406566907e-15,7.153126109789203e-16,,0.0,0.9015951501534654,,2.58239,0,2.752921794981714e-15,9.493446571338614e-16,130.6679713714152,-48.143589813989536,1.1973734502289262,1.2109505832640626,1.2109505832640626
IC2395_CXO_noconversion-137.0,137.0,130.5890045952565,-48.0070025573879,4.215019,19.536673,0,2.94104,6.518776082323612,6.518776082323612,1.3413038788545604e-05,18.26622632532979,5.1320480021763855,7.978845608028655e-18,6.028102749890869e-18,1.871879569315641e-15,5.3662060586808e-16,8.682139254480748e-16,4.978068445541132e-16,,-1.0,,,,1,2.7480723403717445e-15,7.319902097363813e-16,130.58900392755538,-48.007002401598655,2.100496488740678,2.0340894389647177,2.0340894389647177
IC2395_CXO_noconversion-37.0,37.0,130.62995600205323,-48.13992383513459,4.3907948,10.074421,0,2.43397,1.6289031209477518,1.6289031209477518,0.0009850577486281153,9.181669394435353,3.1675674024399534,7.057272168886198e-16,5.111430668198822e-16,8.824965299967724e-16,4.0816898915291023e-16,9.353768669305803e-16,5.072985052101116e-16,,0.0,0.22759881432377782,,2.43397,0,2.5236006138159727e-15,8.277807269153811e-16,130.62995658670394,-48.13992350112474,0.8205043653381366,0.778192127038876,0.778192127038876
IC2395_CXO_noconversion-43.0,43.0,130.66938466842433,-48.097052451071306,3.607024,8.15807,0,2.32514,2.2567205729513873,2.2567205729513873,0.010514794000420213,8.666767053183584,3.002312530346147,7.978845608028655e-18,6.028102749890869e-18,3.834721545858688e-16,2.022137207208533e-16,1.910229799112275e-15,7.543338406613682e-16,,-1.0,,,,1,2.3016807993061726e-15,7.809905697493824e-16,130.66938435529485,-48.097052934349115,0.9936070954247785,1.0195379496598576,1.0195379496598576
IC2395_CXO_noconversion-56.0,56.0,130.62668610483016,-48.18583578218405,7.986943,27.67415,0,3.63656,4.333848237667334,4.333848237667334,0.0012331870132742395,25.00466967060482,5.204127655493819,7.978845608028655e-18,6.028102749890869e-18,1.6296427227452988e-15,4.772283885997377e-16,5.551229962096835e-16,3.1960669808559865e-16,,-1.0,,,,1,2.192744564563011e-15,5.743968265663073e-16,130.626686662224,-48.18583554560757,1.0141875349696612,0.9620975840265718,0.9620975840265718
IC2395_CXO_noconversion-42.0,42.0,130.67465050921524,-48.098215144190455,4.31009,10.004488,0,2.57434,2.419649509286467,2.419649509286467,0.010723073774603797,10.627567716547786,3.318947387573784,5.35546529171886e-16,3.0677124196709653e-16,7.331272316650055e-16,2.998029887416937e-16,8.30616487085044e-16,5.697162305315526e-16,2.2410445985986174,1.0,0.05073844666705818,0.866,2.57434,0,2.0992902479219355e-15,7.131388436255371e-16,130.67465002402196,-48.098215004023984,0.9363628016710064,0.9618938669628585,0.9618938669628585
IC2395_CXO_noconversion-38.0,38.0,130.60532985706453,-48.11784360960344,2.8897133,5.762015,0,1.89174,0.597101806035485,0.597101806035485,0.010628521624901355,5.834674265254137,2.4508841645403128,8.013655531920198e-16,5.918292462331368e-16,5.487159322776715e-16,3.9932676521925286e-16,7.371637150267612e-16,3.7125431913913106e-16,,-1.0,,,,0,2.0872452004964525e-15,8.047070843461084e-16,130.60532957877723,-48.117843382167656,0.7819820569762054,0.7820766190403201,0.7820766190403201
IC2395_CXO_noconversion-96.0,96.0,130.60204116693927,-48.0959810636739,4.0153384,9.128459,0,2.0481,1.2650977995249466,1.2650977995249466,0.004019760121464322,8.41927017069518,3.0040121688644676,1.4681910585505376e-15,6.529849313703861e-16,3.64895828113871e-16,2.2814021737018313e-16,1.257405522621401e-16,1.0361010210314822e-16,,0.0,0.01838337214841379,,2.0481,0,1.958827438926549e-15,6.994085591671916e-16,130.6020410621801,-48.09598099030933,0.7774286393186132,0.7424420583756939,0.7424420583756939
IC2395_CXO_noconversion-67.0,67.0,130.61480442477605,-48.126880608774336,5.0968866,11.278882,0,2.46366,0.8028021945489552,0.8028021945489552,0.004192051975194511,8.504212711445858,3.0034120427574713,2.7642700562866035e-16,1.431896318979401e-16,7.116918322582555e-16,3.0286393733347786e-16,7.630978180075491e-16,5.475690362988737e-16,,0.0,0.0018523245576548275,,2.46366,0,1.751216655894465e-15,6.419203102671559e-16,130.61480439761988,-48.12688050008992,0.6889278400308438,0.5918086114605849,0.5918086114605849
IC2395_CXO_noconversion-17.0,17.0,130.62167282036853,-48.118368270023595,2.9280071,5.792748,0,1.67051,0.295858656431475,0.295858656431475,0.002158025289032195,5.918057660796503,2.4501749475440544,4.786074153020623e-16,3.466449122364354e-16,4.405753869076142e-16,2.243940473741155e-16,7.40584848986111e-16,4.219561531111259e-16,,0.0,0.11385220483871228,,1.67051,0,1.6597676511957875e-15,5.903917164262069e-16,130.62167316119158,-48.11836826866616,0.7182027477553116,0.2844157543197803,0.2844157543197803
IC2395_CXO_noconversion-68.0,68.0,130.55877998511014,-48.12059051900626,3.1270485,7.119729,0,1.90159,2.4442328283918364,2.4442328283918364,0.0109671258785633,7.15188718794389,2.834777737982303,7.978845608028655e-18,6.028102749890869e-18,5.433630994958519e-16,2.5905250751739693e-16,1.04638802957149e-15,6.707534776375483e-16,,-1.0,,,,1,1.5977299746753704e-15,7.190652038839588e-16,130.5587800259651,-48.12059054325041,1.1443836129307534,1.1460068218190296,1.1460068218190296
IC2395_CXO_noconversion-70.0,70.0,130.6961320409741,-48.08791134672763,2.8910017,7.360197,0,1.82277,3.4607481877968027,3.4607481877968027,0.010539663381633702,7.50325670851722,3.010648972820368,7.978845608028655e-18,6.028102749890869e-18,3.381507477334592e-16,2.8035963535700615e-16,1.150315524215645e-15,4.868630644197611e-16,,-1.0,,,,1,1.4964451175571328e-15,5.618482950552374e-16,130.69613147425315,-48.08791155135469,1.4596911922134301,1.473756837269306,1.473756837269306
IC2395_CXO_noconversion-99.0,99.0,130.61263725670545,-48.069259249909706,2.21604,5.0798893,0,2.00012,2.683805956328082,2.683805956328082,0.0009841893018522896,5.4618187007680135,2.4540334008162104,7.978845608028655e-18,6.028102749890869e-18,5.455407911659402e-16,3.3011462390453495e-16,8.902470947662003e-16,5.729119695013183e-16,,-1.0,,,,1,1.4437667315401693e-15,6.612413536192934e-16,,,,1.4431357115511048,1.4431357115511048
IC2395_CXO_noconversion-46.0,46.0,130.61679535857874,-48.08044328610028,0.8656507,1.736937,0,0.535827,2.0026811333135868,2.0026811333135868,0.0015008329128944897,1.5030438362001013,1.4214712302974535,7.936031339455818e-16,5.760881579452416e-16,7.978845608028655e-18,6.028102749890869e-18,9.145622020600967e-17,7.484702295895664e-17,,-1.0,,,,2,8.930381997596202e-16,5.809612556731502e-16,,,,2.053033191293144,2.053033191293144
IC2395_CXO_noconversion-127.0,127.0,130.59070090039296,-48.19012390951988,3.238382,10.5926695,0,2.33495,4.717495866209193,4.717495866209193,0.004532707903454725,8.08201588001878,3.334911946783543,7.978845608028655e-18,6.028102749890869e-18,6.677672770814904e-16,2.9932623173365404e-16,2.1488231937993554e-16,1.361192459553288e-16,,-1.0,,,,1,8.906284420694546e-16,3.2887836679550647e-16,,,,1.713679005512119,1.713679005512119
IC2395_CXO_noconversion-88.0,88.0,130.58604028451882,-48.15499026676387,3.8865871,8.400895,0,2.10746,2.801219488196012,2.801219488196012,0.006859690726563672,7.42406931910213,2.832612332388988,2.3181594101959383e-16,1.5284013902207814e-16,6.415539633023206e-16,2.7378014621801337e-16,7.978845608028655e-18,6.028102749890869e-18,,-1.0,,,,4,8.81348749929943e-16,3.136112475377887e-16,130.58604069922822,-48.154990446793924,1.23516864355651,1.1599330761046054,1.1599330761046054
IC2395_CXO_noconversion-135.0,135.0,130.67130762541015,-48.035054101689624,3.1145716,11.128857,0,1.85802,5.169592319668837,5.169592319668837,0.006180288742864359,8.93086989355422,3.628905878613711,7.978845608028655e-18,6.028102749890869e-18,5.490764895938159e-16,2.6993673903348456e-16,7.978845608028655e-18,6.028102749890869e-18,,-1.0,,,,5,5.650341808098732e-16,2.7007132229386747e-16,130.67130739483457,-48.03505412219806,2.0983996959148445,1.8839185583476699,1.8839185583476699
