name,usrid,ra,dec,err_ellipse_r0,err_ellipse_r1,err_ellipse_ang,significance,extent_flag,pileup_flag,sat_src_flag,streak_src_flag,conf_flag,flux_aper90_mean_b,e_flux_aper90_mean_b,flux_aper90_mean_h,e_flux_aper90_mean_h,flux_aper90_mean_m,e_flux_aper90_mean_m,flux_aper90_mean_s,e_flux_aper90_mean_s,kp_intra_prob_b,ks_intra_prob_b,var_inter_prob_b,nh_gal,flux_powlaw_mean,e_flux_powlaw_mean,powlaw_gamma_mean,e_powlaw_gamma_mean,powlaw_nh_mean,e_powlaw_nh_mean,powlaw_ampl_mean,e_powlaw_ampl_mean,powlaw_stat,PU_kim95,remove_code,flux_significance_b_max,flux_aper90_ave_s,e_flux_aper90_ave_s,flux_aper90_ave_m,e_flux_aper90_ave_m,flux_aper90_ave_h,e_flux_aper90_ave_h,chisqr,dof,kp_prob_b_max,var_inter_prob,significance_max,flux_flag,flux_aper90_ave_b,e_flux_aper90_ave_b,src_cnts_aper90_b_max,src_cnts_aper90_b_max_hi,src_cnts_aper90_b_max_lo
 2CXO J110355.5-584754,5,165.98162499999998,-58.798366666666666,2.66,1.62,169.6,6.05,False,False,False,False,False,8.799224327550767e-15,2.2113441594706027e-15,2.660319153824321e-15,1.9738000045954093e-15,5.661072891656431e-16,2.36989810126259e-16,5.572797884560803e-15,9.685000585339312e-16,0.473,0.27,,90.58,,,,,,,,,,2.3323393186296664,0,4.97,5.572797884560803e-15,9.685000585339312e-16,5.661072891656431e-16,2.36989810126259e-16,2.660319153824321e-15,1.9738000045954093e-15,,0.0,0.473,,4.97,0,8.799224327550767e-15,2.2113441594706027e-15,74.982,86.925,62.292
 2CXO J110414.8-585305,10,166.06174999999996,-58.884927777777776,0.9,0.78,163.3,12.15,False,False,False,False,False,1.8358546195047695e-14,1.5980057666835679e-15,7.275579209591511e-16,7.161191850033673e-16,2.922797884560803e-15,4.515001255594815e-16,1.470819038952774e-14,1.355338843184177e-15,0.987,0.994,,91.77,1.434403082162925e-14,2.6001713823873297e-15,7.37221728749706,1.4294396640512248,58.67400545975224,22.087667930321025,5.1032379643755095e-05,2.6360811900579873e-05,1.685,0.5959261899453494,0,12.15,1.470819038952774e-14,1.355338843184177e-15,2.922797884560803e-15,4.515001255594815e-16,7.275579209591511e-16,7.161191850033673e-16,,0.0,0.987,,12.15,0,1.8358546195047695e-14,1.5980057666835679e-15,237.69,256.66,218.71
 2CXO J110415.1-584545,11,166.0629583333333,-58.762661111111115,1.32,1.07,172.8,8.01,False,False,False,False,True,9.197761670729099e-15,1.5914932610777222e-15,1.2170711663298095e-15,1.1804076310355916e-15,1.056148769973081e-15,2.738382931711759e-16,6.924541734426208e-15,1.03174668104232e-15,0.81,0.631,,88.85,,,,,,,,,,1.4467928458436983,0,8.01,6.924541734426208e-15,1.03174668104232e-15,1.056148769973081e-15,2.738382931711759e-16,1.2170711663298095e-15,1.1804076310355916e-15,,0.0,0.81,,8.01,0,9.197761670729099e-15,1.5914932610777222e-15,98.72,111.26,85.341
 2CXO J110418.5-584728,12,166.0774583333333,-58.79137222222222,1.02,1.0,160.3,7.26,False,False,False,False,False,4.919632780293888e-15,7.956791563624119e-16,6.809146841891654e-16,5.144382886756869e-16,1.1629202115439196e-15,2.8205000200993137e-16,3.075797884560803e-15,5.3750010546996905e-16,1.0,1.0,,89.38,,,,,,,,,,1.1026120141150726,0,7.26,3.075797884560803e-15,5.3750010546996905e-16,1.1629202115439196e-15,2.8205000200993137e-16,6.809146841891654e-16,5.144382886756869e-16,,0.0,1.0,,7.26,0,4.919632780293888e-15,7.956791563624119e-16,85.173,96.211,73.445
 2CXO J110420.3-585010,13,166.084625,-58.836194444444445,0.89,0.8,105.0,9.34,False,False,False,False,False,9.498573466014164e-15,1.3046441799914827e-15,5.010733272669419e-15,1.1706922123784171e-15,1.6618401933447456e-15,3.225634515288044e-16,2.8259999999999998e-15,4.769999999999999e-16,1.0,1.0,,90.37,,,,,,,,,,0.6921467400862776,0,9.34,2.8259999999999998e-15,4.769999999999999e-16,1.6618401933447456e-15,3.225634515288044e-16,5.010733272669419e-15,1.1706922123784171e-15,,0.0,1.0,,9.34,0,9.498573466014164e-15,1.3046441799914827e-15,127.94,141.51,114.38
 2CXO J110423.1-585445,15,166.09645833333332,-58.91271666666667,0.88,0.8,141.3,16.52,False,False,False,False,False,4.141206346317591e-14,3.0263205326190503e-15,3.1439999999999997e-14,2.8899999999999977e-15,8.258202115439197e-15,7.655000740563178e-16,1.713861347736717e-15,4.696015361680996e-16,0.963,0.977,,92.05,3.697552311622194e-14,3.239085721311593e-15,2.1691598066552547,0.25957885172366285,103.64258447565534,22.036865672318555,2.3698224850991822e-05,7.402299406165739e-06,0.663,0.5196741768067051,0,16.52,1.713861347736717e-15,4.696015361680996e-16,8.258202115439197e-15,7.655000740563178e-16,3.1439999999999997e-14,2.8899999999999977e-15,,0.0,0.963,,16.52,0,4.141206346317591e-14,3.0263205326190503e-15,380.32,403.96,356.69
 2CXO J110423.6-584935,16,166.09854166666665,-58.82648888888889,0.9,0.85,165.9,5.68,False,False,False,False,False,2.5473056106890077e-15,6.516671816389188e-16,5.8678457116858325e-16,5.191350079607602e-16,7.499202115439197e-16,2.1245000266839792e-16,1.2106008279765046e-15,3.317136649295455e-16,1.0,1.0,,90.0,,,,,,,,,,0.9990400710610389,0,5.68,1.2106008279765046e-15,3.317136649295455e-16,7.499202115439197e-16,2.1245000266839792e-16,5.8678457116858325e-16,5.191350079607602e-16,,0.0,1.0,,5.68,0,2.5473056106890077e-15,6.516671816389188e-16,50.908,59.801,42.014
 2CXO J110424.3-584835,17,166.1015,-58.80980833333333,1.02,0.84,172.8,5.7,False,False,False,False,False,3.321806983288687e-15,6.455801395217584e-16,5.476679625350868e-16,4.1376897275250925e-16,4.014797884560803e-16,1.5375000368716184e-16,2.37265923229752e-15,4.71094353711084e-16,0.458,0.191,,89.57,,,,,,,,,,1.0416550998744891,0,5.7,2.37265923229752e-15,4.71094353711084e-16,4.014797884560803e-16,1.5375000368716184e-16,5.476679625350868e-16,4.1376897275250925e-16,,0.0,0.458,,5.7,0,3.321806983288687e-15,6.455801395217584e-16,52.018,61.086,42.95
 2CXO J110424.9-585059,18,166.10412499999998,-58.84981944444445,0.99,0.89,136.7,5.58,False,False,False,False,False,2.4525839044629275e-15,5.444456171384487e-16,3.457e-16,3.457e-16,6.188839044629276e-16,1.9628688193882538e-16,1.488e-15,3.7199999999999993e-16,1.0,0.982,,90.49,,,,,,,,,,0.9926821251719498,0,5.58,1.488e-15,3.7199999999999993e-16,6.188839044629276e-16,1.9628688193882538e-16,3.457e-16,3.457e-16,,0.0,1.0,,5.58,0,2.4525839044629275e-15,5.444456171384487e-16,44.316,52.595,35.55
 2CXO J110428.3-585400,19,166.118125,-58.90016388888889,0.87,0.79,113.6,8.77,False,False,False,False,False,1.3162180961047225e-14,1.7185999737329213e-15,1.0756383076486422e-14,1.6660021777700563e-15,1.994797884560803e-15,3.685001538401682e-16,4.1099999999999997e-16,2.0549999999999996e-16,0.419,0.259,,91.52,,,,,,,,,,0.7021943278397893,0,8.77,4.1099999999999997e-16,2.0549999999999996e-16,1.994797884560803e-15,3.685001538401682e-16,1.0756383076486422e-14,1.6660021777700563e-15,,0.0,0.419,,8.77,0,1.3162180961047225e-14,1.7185999737329213e-15,119.67,132.77,106.57
 2CXO J110429.5-584406,20,166.1232083333333,-58.735194444444446,1.34,1.07,7.8,7.49,True,False,False,False,False,1.4567328237690196e-14,1.895592342624059e-15,1.3232232698311683e-14,1.825375824523364e-15,8.928157509224316e-16,2.882061849211673e-16,4.422797884560803e-16,4.2215000134289026e-16,0.897,0.967,,87.56,,,,,,,,,,1.3302304924928414,0,7.49,4.422797884560803e-16,4.2215000134289026e-16,8.928157509224316e-16,2.882061849211673e-16,1.3232232698311683e-14,1.825375824523364e-15,,0.0,0.897,,7.49,0,1.4567328237690196e-14,1.895592342624059e-15,108.96,122.13,95.788
 2CXO J110430.1-585147,21,166.12579166666666,-58.86307222222222,0.78,0.72,171.5,15.53,False,False,False,False,False,2.2539924810912634e-14,1.6162900520017141e-15,5.546e-15,1.0249999999999999e-15,3.911797884560803e-15,4.645001220454391e-16,1.3082126926351829e-14,1.1601759214961654e-15,1.0,1.0,,90.57,2.1039471140200716e-14,1.6571394824295952e-15,3.1536603810129895,0.34471710759921226,8.463691873844184,6.741844822207246,1.0001753039589159e-05,2.194121605513057e-06,1.152,0.3350763573987179,0,15.53,1.3082126926351829e-14,1.1601759214961654e-15,3.911797884560803e-15,4.645001220454391e-16,5.546e-15,1.0249999999999999e-15,,0.0,1.0,,15.53,0,2.2539924810912634e-14,1.6162900520017141e-15,330.82,352.18,308.12
 2CXO J110430.3-584948,22,166.12645833333332,-58.830136111111116,0.88,0.78,162.0,7.81,False,False,False,False,False,4.936343642195254e-15,7.52539573478838e-16,4.3466808461756794e-16,4.1492000021860647e-16,1.1288776730168831e-15,2.5545026852613685e-16,3.3727978845608028e-15,5.735000988493616e-16,0.941,0.971,,89.78,,,,,,,,,,0.6098116003515348,0,7.81,3.3727978845608028e-15,5.735000988493616e-16,1.1288776730168831e-15,2.5545026852613685e-16,4.3466808461756794e-16,4.1492000021860647e-16,,0.0,0.941,,7.81,0,4.936343642195254e-15,7.52539573478838e-16,85.651,96.86,74.441
 2CXO J110431.6-585501,23,166.13204166666665,-58.91701666666666,1.56,0.9,153.0,7.63,False,False,False,False,True,7.078964813251966e-15,9.532844405968172e-16,5.200611567313076e-16,3.929117372378868e-16,1.580202115439197e-15,3.425001655185404e-16,4.978701541081462e-15,7.981636599372744e-16,0.719,0.92,,91.77,,,,,,,,,,0.8655657658217826,0,7.63,4.978701541081462e-15,7.981636599372744e-16,1.580202115439197e-15,3.425001655185404e-16,5.200611567313076e-16,3.929117372378868e-16,,0.0,0.719,,7.63,0,7.078964813251966e-15,9.532844405968172e-16,92.054,103.33,80.024
 2CXO J110432.8-584405,24,166.13679166666662,-58.73486666666667,2.0,1.44,7.5,7.32,False,False,False,False,False,3.312941480807438e-15,9.587727861074626e-16,1.0676010577195986e-15,8.542500165906098e-16,1.4499999999999999e-15,3.11e-16,7.953404230878394e-16,3.046000074445322e-16,0.999,1.0,,87.41,,,,,,,,,,1.6231035689684266,0,7.32,7.953404230878394e-16,3.046000074445322e-16,1.4499999999999999e-15,3.11e-16,1.0676010577195986e-15,8.542500165906098e-16,,0.0,0.999,,7.32,0,3.312941480807438e-15,9.587727861074626e-16,64.818,75.608,54.029
 2CXO J110433.5-585034,25,166.13991666666664,-58.842955555555555,0.79,0.76,162.1,10.08,False,False,False,False,False,9.397116349155843e-15,1.1562616156277448e-15,3.3043184645950393e-15,9.21193009305789e-16,1.9517978845608027e-15,3.445001645576204e-16,4.141e-15,6.079999999999998e-16,1.0,1.0,,89.94,,,,,,,,,,0.42271026701640163,0,10.08,4.141e-15,6.079999999999998e-16,1.9517978845608027e-15,3.445001645576204e-16,3.3043184645950393e-15,9.21193009305789e-16,,0.0,1.0,,10.08,0,9.397116349155843e-15,1.1562616156277448e-15,137.05,150.77,123.33
 2CXO J110434.8-584908,26,166.14516666666665,-58.819005555555556,0.87,0.79,153.4,6.79,False,False,False,False,False,5.98478328235384e-15,1.1906466066704342e-15,4.901e-15,1.164e-15,9.94819153824321e-16,2.413000375897949e-16,8.896412852951951e-17,6.72133456612832e-17,0.497,0.354,,89.32,,,,,,,,,,0.7069979444307432,0,6.79,8.896412852951951e-17,6.72133456612832e-17,9.94819153824321e-16,2.413000375897949e-16,4.901e-15,1.164e-15,,0.0,0.497,,6.79,0,5.98478328235384e-15,1.1906466066704342e-15,52.182,60.959,43.405
 2CXO J110435.5-584824,27,166.14804166666664,-58.806925,0.73,0.72,162.4,20.68,True,False,False,False,False,3.3573276155811104e-14,1.7890102936852692e-15,4.399797884560803e-15,9.3150006085895e-16,6.543478271250295e-15,6.106271100529592e-16,2.263e-14,1.399999999999999e-15,0.998,0.983,,89.01,2.868840193344745e-14,1.776152590915974e-15,5.282596917837075,0.4840804810957166,41.03714415708387,7.967977187772322,4.707111515537204e-05,1.125917080496765e-05,2.416,0.2853941889403614,0,20.68,2.263e-14,1.399999999999999e-15,6.543478271250295e-15,6.106271100529592e-16,4.399797884560803e-15,9.3150006085895e-16,,0.0,0.998,,20.68,0,3.3573276155811104e-14,1.7890102936852692e-15,590.18,618.57,560.03
 2CXO J110435.9-584520,28,166.14966666666663,-58.75575833333333,0.92,0.85,175.7,9.37,False,False,False,False,False,1.1078062314460444e-14,1.5899836564299612e-15,4.242371350574968e-15,1.3957665054275721e-15,1.6710000000000001e-15,3.1200000000000004e-16,5.1646909638854765e-15,6.946509123587851e-16,0.997,0.998,,87.77,,,,,,,,,,0.8159236722353254,0,9.37,5.1646909638854765e-15,6.946509123587851e-16,1.6710000000000001e-15,3.1200000000000004e-16,4.242371350574968e-15,1.3957665054275721e-15,,0.0,0.997,,9.37,0,1.1078062314460444e-14,1.5899836564299612e-15,132.79,146.8,118.79
 2CXO J110436.0-585108,29,166.1502083333333,-58.85226111111111,0.79,0.76,137.8,6.23,False,False,False,False,False,3.58025039754358e-15,5.794318427722231e-16,3.8330374300969654e-16,2.8959005610475737e-16,6.827445390946869e-16,2.0183779736072778e-16,2.514202115439197e-15,4.595001233734627e-16,0.13,0.101,,90.05,,,,,,,,,,0.5848451174253797,0,6.23,2.514202115439197e-15,4.595001233734627e-16,6.827445390946869e-16,2.0183779736072778e-16,3.8330374300969654e-16,2.8959005610475737e-16,,0.0,0.13,,6.23,0,3.58025039754358e-15,5.794318427722231e-16,60.671,70.131,51.211
 2CXO J110436.7-584757,30,166.15312499999996,-58.799363888888884,1.07,1.07,0.0,5.35,False,False,False,False,False,2.2311202115439197e-15,5.7420044726019e-16,4.2822021154391976e-16,4.2825000132376215e-16,2.769e-16,1.3470000000000002e-16,1.526e-15,3.579999999999999e-16,0.351,0.102,,88.77,,,,,,,,,,0.9332686645219521,0,5.35,1.526e-15,3.579999999999999e-16,2.769e-16,1.3470000000000002e-16,4.2822021154391976e-16,4.2825000132376215e-16,,0.0,0.351,,5.35,0,2.2311202115439197e-15,5.7420044726019e-16,35.922,43.354,28.49
 2CXO J110437.6-585539,31,166.1567083333333,-58.92762777777777,1.36,0.86,107.2,6.41,False,False,False,False,True,3.985558519192562e-15,9.900073212277009e-16,1.1077606346317591e-15,8.471500060226763e-16,1.3019999999999999e-15,2.73e-16,1.575797884560803e-15,4.3350013077302257e-16,0.482,0.249,,91.75,,,,,,,,,,1.0168651556988897,0,6.41,1.575797884560803e-15,4.3350013077302257e-16,1.3019999999999999e-15,2.73e-16,1.1077606346317591e-15,8.471500060226763e-16,,0.0,0.482,,6.41,0,3.985558519192562e-15,9.900073212277009e-16,65.464,75.588,55.341
 2CXO J110438.6-584929,32,166.16108333333332,-58.824938888888894,0.78,0.74,151.5,6.99,False,False,False,False,False,4.849231386522633e-15,9.130901224697529e-16,6.946515980665525e-16,6.644050030802193e-16,3.4057978845608033e-16,1.3325000425441748e-16,3.814e-15,6.119999999999999e-16,0.906,0.62,,89.29,,,,,,,,,,0.5267794500419535,0,6.99,3.814e-15,6.119999999999999e-16,3.4057978845608033e-16,1.3325000425441748e-16,6.946515980665525e-16,6.644050030802193e-16,,0.0,0.906,,6.99,0,4.849231386522633e-15,9.130901224697529e-16,69.099,79.206,58.991
 2CXO J110439.4-585550,33,166.16416666666663,-58.93077222222222,1.17,0.96,152.8,5.29,False,False,False,False,False,3.414889652547108e-15,7.537058489592811e-16,5.47887537107911e-16,5.405645043611383e-16,5.818e-16,1.904e-16,2.285202115439197e-15,4.895001158122719e-16,0.966,0.93,,91.74,,,,,,,,,,1.0919116864548237,0,5.29,2.285202115439197e-15,4.895001158122719e-16,5.818e-16,1.904e-16,5.47887537107911e-16,5.405645043611383e-16,,0.0,0.966,,5.29,0,3.414889652547108e-15,7.537058489592811e-16,57.282,66.919,47.645
 2CXO J110439.4-584939,34,166.1645833333333,-58.82757777777778,0.77,0.72,168.5,8.9,False,False,False,False,False,,,,,5.316e-16,1.74e-16,5.2572021154391974e-15,6.795000834291544e-16,0.649,0.774,,89.32,,,,,,,,,,0.4221802807046168,0,8.9,5.2572021154391974e-15,6.795000834291544e-16,5.316e-16,1.74e-16,7.978845608028655e-18,6.028102749890869e-18,,-1.0,,,,4,5.796780961047226e-15,7.014504269034206e-16,99.6,111.43,87.769
 2CXO J110439.8-584701,35,166.16583333333332,-58.78373055555555,0.78,0.73,176.2,15.25,True,False,False,False,False,3.6311727500709565e-14,2.746728184815248e-15,3.142e-14,2.689999999999999e-15,4.164000000000001e-15,5.070000000000002e-16,7.277275007095628e-16,2.26642275973548e-16,0.089,0.023,,88.27,3.246850770540731e-14,2.951106690906251e-15,1.76517038385124,0.24004629246171655,111.22451134524215,22.661371001344964,1.2912198191779267e-05,3.949508609248974e-06,0.892,0.3615116997039812,0,15.25,7.277275007095628e-16,2.26642275973548e-16,4.164000000000001e-15,5.070000000000002e-16,3.142e-14,2.689999999999999e-15,,0.0,0.089,,15.25,0,3.6311727500709565e-14,2.746728184815248e-15,303.87,324.69,283.05
 2CXO J110440.0-584921,36,166.1668333333333,-58.82261666666667,0.82,0.78,12.6,5.35,False,False,False,False,False,2.6480692067532613e-15,5.460389935303775e-16,3.753248974016679e-16,2.835619533548665e-16,2.2089353881086166e-16,1.1951942960926405e-16,2.0518507705407317e-15,4.510723966406238e-16,0.947,0.617,,89.18,,,,,,,,,,0.7092973027414686,0,5.35,2.0518507705407317e-15,4.510723966406238e-16,2.2089353881086166e-16,1.1951942960926405e-16,3.753248974016679e-16,2.835619533548665e-16,,0.0,0.947,,5.35,0,2.6480692067532613e-15,5.460389935303775e-16,35.615,42.575,28.247
 2CXO J110441.2-585647,37,166.1717083333333,-58.946527777777774,1.1,0.98,150.2,7.72,False,False,False,False,True,9.899015200440373e-15,1.8320248040368502e-15,3.2035946204061368e-15,1.593301180017978e-15,8.029000000000001e-16,2.3310000000000003e-16,5.892520580034236e-15,8.737108345211119e-16,0.984,0.714,,92.03,,,,,,,,,,1.0197369376088832,0,7.72,5.892520580034236e-15,8.737108345211119e-16,8.029000000000001e-16,2.3310000000000003e-16,3.2035946204061368e-15,1.593301180017978e-15,,0.0,0.984,,7.72,0,9.899015200440373e-15,1.8320248040368502e-15,94.951,106.42,82.717
 2CXO J110441.4-584352,38,166.17249999999999,-58.73130833333334,1.18,0.99,52.6,12.6,True,False,False,False,False,2.7655449296579462e-14,2.6951287883959897e-15,2.5049999999999998e-14,2.66e-15,2.443e-15,4.1600000000000005e-16,1.624492965794634e-16,1.227321719877781e-16,0.651,0.633,,86.95,2.8430528859799283e-14,3.1361299820363028e-15,1.068936536824086,0.2571984490716636,36.78805925569088,22.435006415502613,3.888592084218436e-06,1.2681596322220248e-06,1.864,0.6962085974811266,0,12.6,1.624492965794634e-16,1.227321719877781e-16,2.443e-15,4.1600000000000005e-16,2.5049999999999998e-14,2.66e-15,,0.0,0.651,,12.6,0,2.7655449296579462e-14,2.6951287883959897e-15,193.85,211.31,176.39
 2CXO J110442.5-584742,39,166.17737499999998,-58.79503333333333,0.96,0.78,174.9,5.33,False,False,False,False,True,2.4080090599901996e-15,6.054630094927086e-16,7.566964822265635e-16,4.964314153339582e-16,4.126797884560803e-16,1.650500034347236e-16,1.2386327893075555e-15,3.0479468843746057e-16,0.482,0.429,,88.41,,,,,,,,,,0.7912418149819559,0,5.33,1.2386327893075555e-15,3.0479468843746057e-16,4.126797884560803e-16,1.650500034347236e-16,7.566964822265635e-16,4.964314153339582e-16,,0.0,0.482,,5.33,0,2.4080090599901996e-15,6.054630094927086e-16,40.341,48.135,32.548
 2CXO J110442.7-585411,40,166.17812499999997,-58.90315555555556,0.88,0.8,121.9,5.41,False,False,False,False,False,2.953421131417662e-15,6.531480983815133e-16,4.890159576912161e-16,4.464900000507873e-16,6.254051737264459e-16,2.0578901397799406e-16,1.839e-15,4.3e-16,1.0,1.0,,90.95,,,,,,,,,,0.7812045920093054,0,5.41,1.839e-15,4.3e-16,6.254051737264459e-16,2.0578901397799406e-16,4.890159576912161e-16,4.464900000507873e-16,,0.0,1.0,,5.41,0,2.953421131417662e-15,6.531480983815133e-16,48.63,57.162,40.098
 2CXO J110443.6-585425,41,166.18175,-58.90718611111111,0.77,0.73,151.3,11.7,False,False,False,False,False,1.3882797884560804e-14,1.4060786216071572e-15,6.9657978845608026e-15,1.2295000461082657e-15,3.311202115439197e-15,4.445001275367958e-16,3.605797884560803e-15,5.175001095461021e-16,1.0,1.0,,91.0,1.2445746147296344e-14,1.3306136461339582e-15,2.6069153824321143,0.30629627546578453,21.92565186249118,9.742172282323173,6.464335934083841e-06,1.689013459985755e-06,0.838,0.3686084563155702,0,11.7,3.605797884560803e-15,5.175001095461021e-16,3.311202115439197e-15,4.445001275367958e-16,6.9657978845608026e-15,1.2295000461082657e-15,,0.0,1.0,,11.7,0,1.3882797884560804e-14,1.4060786216071572e-15,195.54,212.37,178.71
 2CXO J110443.6-585132,42,166.18187499999996,-58.85905,0.79,0.73,164.8,6.31,False,False,False,False,False,4.356075811196456e-15,8.709099349750679e-16,1.9552867330070826e-15,7.506269660508142e-16,9.491404230878394e-16,2.4480000926309037e-16,1.4516486551015342e-15,3.6758159385423205e-16,1.0,1.0,,89.88,,,,,,,,,,0.47456498758750054,0,6.31,1.4516486551015342e-15,3.6758159385423205e-16,9.491404230878394e-16,2.4480000926309037e-16,1.9552867330070826e-15,7.506269660508142e-16,,0.0,1.0,,6.31,0,4.356075811196456e-15,8.709099349750679e-16,57.576,66.737,48.415
 2CXO J110444.6-584941,43,166.18595833333333,-58.82809166666667,0.78,0.74,160.8,6.32,False,False,False,False,False,3.548233660528579e-15,5.492023284208645e-16,1.8415175663330135e-16,1.391286114674813e-16,2.5387978845608027e-16,1.202500047143545e-16,3.110202115439197e-15,5.175001095461019e-16,0.987,0.95,,89.11,,,,,,,,,,0.4688184118757489,0,6.32,3.110202115439197e-15,5.175001095461019e-16,2.5387978845608027e-16,1.202500047143545e-16,1.8415175663330135e-16,1.391286114674813e-16,,0.0,0.987,,6.32,0,3.548233660528579e-15,5.492023284208645e-16,57.399,66.577,48.222
 2CXO J110445.0-585009,44,166.18749999999997,-58.83593333333334,0.72,0.72,122.7,10.54,False,False,False,False,False,1.1997840193344747e-14,1.4208936327084023e-15,8.077797884560803e-15,1.3235000428334814e-15,2.0640423087839428e-15,3.600629835057375e-16,1.856e-15,3.71e-16,1.0,1.0,,89.27,,,,,,,,,,0.2907548142347713,0,10.54,1.856e-15,3.71e-16,2.0640423087839428e-15,3.600629835057375e-16,8.077797884560803e-15,1.3235000428334814e-15,,0.0,1.0,,10.54,0,1.1997840193344747e-14,1.4208936327084023e-15,136.93,150.62,123.24
 2CXO J110445.4-584807,45,166.18937499999998,-58.80219444444444,0.85,0.76,173.6,5.03,False,False,False,False,False,4.4806572661462656e-15,1.0407530085636851e-15,4.042797884560803e-15,1.0265000552266072e-15,3.7281798123317565e-16,1.596756531893527e-16,6.504140035228682e-17,6.299323164188131e-17,0.833,0.743,,88.46,,,,,,,,,,0.7707759439346473,0,5.03,6.504140035228682e-17,6.299323164188131e-17,3.7281798123317565e-16,1.596756531893527e-16,4.042797884560803e-15,1.0265000552266072e-15,,0.0,0.833,,5.03,0,4.4806572661462656e-15,1.0407530085636851e-15,31.46,38.146,24.775
 2CXO J110448.4-584833,46,166.20174999999998,-58.80921111111111,0.79,0.75,170.4,5.72,False,False,False,False,False,2.588486407761284e-15,4.72370966894378e-16,2.2963117659906467e-16,1.7348879714185922e-16,3.3785523116221936e-16,1.3532171899218714e-16,2.021e-15,4.18e-16,0.933,0.901,,88.49,,,,,,,,,,0.5473883772224506,0,5.72,2.021e-15,4.18e-16,3.3785523116221936e-16,1.3532171899218714e-16,2.2963117659906467e-16,1.7348879714185922e-16,,0.0,0.933,,5.72,0,2.588486407761284e-15,4.72370966894378e-16,46.384,54.737,38.031
 2CXO J110449.9-585549,47,166.20829166666664,-58.93033888888888,0.84,0.77,130.9,8.02,False,False,False,False,False,1.469396308126156e-14,2.1419736048673303e-15,1.2992021154391973e-14,2.1150026803819343e-15,1.6077978845608029e-15,3.2550017416312954e-16,9.414404230878394e-17,9.415000024085019e-17,0.179,0.063,,91.26,,,,,,,,,,0.7112077426425889,0,8.02,9.414404230878394e-17,9.415000024085019e-17,1.6077978845608029e-15,3.2550017416312954e-16,1.2992021154391973e-14,2.1150026803819343e-15,,0.0,0.179,,8.02,0,1.469396308126156e-14,2.1419736048673303e-15,95.14,107.13,83.145
 2CXO J110450.0-585559,48,166.20837499999996,-58.93306944444444,0.76,0.73,103.6,15.45,False,False,False,False,False,2.2109617153256668e-14,1.5729106047662428e-15,1.279638307648642e-15,7.356000493225552e-16,2.112e-15,3.519999999999999e-16,1.8717978845608027e-14,1.3450042148717462e-15,0.85,0.539,,91.32,1.3413044412526459e-14,4.091636226033924e-15,,,98.10045993687113,6.36202980148998,0.00014511998180082586,2.866536326496799e-05,3.946,0.4047574239863434,0,15.45,1.8717978845608027e-14,1.3450042148717462e-15,2.112e-15,3.519999999999999e-16,1.279638307648642e-15,7.356000493225552e-16,,0.0,0.85,,15.45,0,2.2109617153256668e-14,1.5729106047662428e-15,344.07,366.48,321.66
 2CXO J110450.7-584543,49,166.21162499999997,-58.76208611111111,0.85,0.77,7.3,11.36,False,False,False,False,False,1.326733961898701e-14,1.4088785060614609e-15,3.773137503547814e-15,1.0697239276849643e-15,2.131e-15,3.570000000000001e-16,7.363202115439197e-15,8.445000671286103e-16,0.997,0.999,,87.27,1.138797884560803e-14,1.1950047439331623e-15,3.246213841350652,0.4210439602734916,,,5.535794199657633e-06,1.4874347837662576e-06,0.833,0.43167026559341104,0,11.36,7.363202115439197e-15,8.445000671286103e-16,2.131e-15,3.570000000000001e-16,3.773137503547814e-15,1.0697239276849643e-15,,0.0,0.997,,11.36,0,1.326733961898701e-14,1.4088785060614609e-15,186.76,203.33,170.18
 2CXO J110451.8-585147,50,166.21616666666662,-58.86320555555556,0.72,0.71,120.0,10.17,False,False,False,False,False,8.100776615297285e-15,8.524218192063639e-16,8.655797884560803e-16,3.824500014822882e-16,9.063989422804015e-16,2.1275006661586952e-16,6.328797884560803e-15,7.315000774984428e-16,0.991,0.989,,89.61,,,,,,,,,,0.22262908196784878,0,10.17,6.328797884560803e-15,7.315000774984428e-16,9.063989422804015e-16,2.1275006661586952e-16,8.655797884560803e-16,3.824500014822882e-16,,0.0,0.991,,10.17,0,8.100776615297285e-15,8.524218192063639e-16,138.74,152.65,124.83
 2CXO J110453.3-584900,51,166.22241666666665,-58.816919444444444,0.73,0.72,174.8,7.79,False,False,False,False,False,8.48635828944947e-15,1.3181616922807213e-15,6.944000000000001e-15,1.2830000000000001e-15,1.192558289449468e-15,2.7111851098066817e-16,3.498e-16,1.34e-16,0.52,0.662,,88.46,,,,,,,,,,0.33973966450120807,0,7.79,3.498e-16,1.34e-16,1.192558289449468e-15,2.7111851098066817e-16,6.944000000000001e-15,1.2830000000000001e-15,,0.0,0.52,,7.79,0,8.48635828944947e-15,1.3181616922807213e-15,80.048,90.833,69.262
 2CXO J110454.3-584918,52,166.226375,-58.821783333333336,0.76,0.73,162.1,5.09,False,False,False,False,False,1.8530879745211566e-15,4.0508011169785556e-16,2.2975212692635184e-16,2.193300009304902e-16,4.621392504966939e-16,1.579797186877171e-16,1.1611965970981105e-15,3.0170624134798423e-16,0.141,0.28,,88.53,,,,,,,,,,0.4728413713192354,0,5.09,1.1611965970981105e-15,3.0170624134798423e-16,4.621392504966939e-16,1.579797186877171e-16,2.2975212692635184e-16,2.193300009304902e-16,,0.0,0.141,,5.09,0,1.8530879745211566e-15,4.0508011169785556e-16,35.184,42.39,27.978
 2CXO J110454.4-584312,53,166.22679166666663,-58.72005277777778,1.29,0.94,8.2,7.06,False,False,False,False,False,5.189704202495883e-15,7.703565902874077e-16,4.1330420249588433e-16,3.1225572244434705e-16,6.024e-16,2.008e-16,4.1739999999999996e-15,6.749999999999999e-16,0.146,0.666,,86.11,,,,,,,,,,1.3046052329122675,0,6.67,4.1739999999999996e-15,6.749999999999999e-16,6.024e-16,2.008e-16,4.1330420249588433e-16,3.1225572244434705e-16,,0.0,0.146,,6.67,0,5.189704202495883e-15,7.703565902874077e-16,88.495,100.08,76.191
 2CXO J110454.9-584712,54,166.22912499999998,-58.786858333333335,0.9,0.76,5.9,5.73,False,False,False,False,False,2.341579003724094e-15,4.738011674867827e-16,2.533283480549098e-16,1.913922623090351e-16,2.597935388108617e-16,1.2301887682028244e-16,1.8284571168583227e-15,4.1559945161891636e-16,0.262,0.601,,87.68,,,,,,,,,,0.6894962208000192,0,5.73,1.8284571168583227e-15,4.1559945161891636e-16,2.597935388108617e-16,1.2301887682028244e-16,2.533283480549098e-16,1.913922623090351e-16,,0.0,0.262,,5.73,0,2.341579003724094e-15,4.738011674867827e-16,40.839,48.468,32.761
 2CXO J110455.3-585516,55,166.23079166666665,-58.921366666666664,0.91,0.76,100.4,6.01,False,False,False,False,False,3.84165382882798e-15,7.970146624316838e-16,1.3362393653682408e-15,6.518500078271231e-16,6.55563692919008e-16,1.971360758860595e-16,1.849850770540731e-15,4.140788656899991e-16,1.0,1.0,,90.81,,,,,,,,,,0.7614845628345818,0,6.01,1.849850770540731e-15,4.140788656899991e-16,6.55563692919008e-16,1.971360758860595e-16,1.3362393653682408e-15,6.518500078271231e-16,,0.0,1.0,,6.01,0,3.84165382882798e-15,7.970146624316838e-16,55.81,65.031,46.589
 2CXO J110455.7-585534,56,166.23220833333332,-58.926141666666666,0.93,0.86,111.0,5.47,False,False,False,False,False,3.7557861257600045e-15,7.616556544727562e-16,7.216067967901116e-16,5.451816127001303e-16,4.875200966723729e-16,1.6668069793933496e-16,2.54665923229752e-15,5.050880023307461e-16,0.431,0.215,,90.91,,,,,,,,,,0.8448036780707991,0,5.47,2.54665923229752e-15,5.050880023307461e-16,4.875200966723729e-16,1.6668069793933496e-16,7.216067967901116e-16,5.451816127001303e-16,,0.0,0.431,,5.47,0,3.7557861257600045e-15,7.616556544727562e-16,52.059,61.063,43.054
 2CXO J110456.3-585015,57,166.23479166666664,-58.83753055555556,0.72,0.71,176.8,12.68,False,False,False,False,False,1.2552797884560803e-14,1.0984731964778328e-15,3.0069999999999998e-15,7.64e-16,3.163e-15,4.2900000000000007e-16,6.382797884560802e-15,6.625000855699776e-16,1.0,0.985,,88.81,1.0929468842769777e-14,1.0592057560243048e-15,3.679384225201893,0.4543001297471615,27.120974921948093,9.397344104984425,1.0156396861072056e-05,2.8775372682623465e-06,1.736,0.16907106559662483,0,12.68,6.382797884560802e-15,6.625000855699776e-16,3.163e-15,4.2900000000000007e-16,3.0069999999999998e-15,7.64e-16,,0.0,1.0,,12.68,0,1.2552797884560803e-14,1.0984731964778328e-15,227.42,245.84,208.99
 2CXO J110457.9-584742,58,166.24166666666665,-58.795049999999996,0.79,0.75,2.7,5.03,False,False,False,False,False,1.796834395706479e-15,3.9073040203387986e-16,2.351365800686044e-16,1.776481880392839e-16,1.8989993107707186e-16,1.0273755389188949e-16,1.3717978845608028e-15,3.3250017049653928e-16,0.592,0.83,,87.74,,,,,,,,,,0.6744554692777335,0,5.03,1.3717978845608028e-15,3.3250017049653928e-16,1.8989993107707186e-16,1.0273755389188949e-16,2.351365800686044e-16,1.776481880392839e-16,,0.0,0.592,,5.03,0,1.796834395706479e-15,3.9073040203387986e-16,31.05,37.648,24.064
 2CXO J110458.3-585053,59,166.24295833333332,-58.848105555555556,0.73,0.72,162.3,6.37,False,False,False,False,False,6.374110669093223e-15,1.1054627294966901e-15,5.669531157230222e-15,1.088200272741658e-15,6.440041160068473e-16,1.8913895657527328e-16,6.057539585615354e-17,4.576535607717148e-17,0.013,0.004,,88.97,,,,,,,,,,0.29625024673161604,0,6.37,6.057539585615354e-17,4.576535607717148e-17,6.440041160068473e-16,1.8913895657527328e-16,5.669531157230222e-15,1.088200272741658e-15,,0.0,0.013,,6.37,0,6.374110669093223e-15,1.1054627294966901e-15,51.526,60.095,42.453
 2CXO J110458.5-584450,60,166.24379166666665,-58.747397222222226,0.99,0.85,11.5,6.91,False,False,False,False,True,4.4511417344262075e-15,8.9586106742728e-16,6.774676940543084e-16,6.870844936054776e-16,6.735999999999999e-16,2.0090000000000002e-16,3.1000740403718998e-15,5.386289453592795e-16,0.98,0.964,,86.59,,,,,,,,,,0.9413934688333337,0,6.91,3.1000740403718998e-15,5.386289453592795e-16,6.735999999999999e-16,2.0090000000000002e-16,6.774676940543084e-16,6.870844936054776e-16,,0.0,0.98,,6.91,0,4.4511417344262075e-15,8.9586106742728e-16,68.838,78.562,58.466
 2CXO J110458.9-584120,61,166.24545833333332,-58.689030555555554,2.46,1.8,11.9,6.31,True,False,False,False,False,1.1702215980665524e-14,2.3585301320074282e-15,9.495989422804014e-15,2.2855006201061705e-15,1.7774465396623367e-15,4.00068589157127e-16,4.287800181991741e-16,4.231978533158132e-16,0.141,0.086,,85.18,,,,,,,,,,2.149569079701491,0,6.31,4.287800181991741e-16,4.231978533158132e-16,1.7774465396623367e-15,4.00068589157127e-16,9.495989422804014e-15,2.2855006201061705e-15,,0.0,0.141,,6.31,0,1.1702215980665524e-14,2.3585301320074282e-15,82.23,94.484,69.211
 2CXO J110500.7-584942,62,166.2530833333333,-58.82859444444445,0.73,0.73,15.6,6.81,False,False,False,False,False,4.334620211543919e-15,7.581229673567489e-16,5.401202115439198e-16,3.03850001865727e-16,5.925000000000001e-16,1.831e-16,3.202e-15,6.699999999999998e-16,0.827,0.612,,88.41,,,,,,,,,,0.30567422761889834,0,6.81,3.202e-15,6.699999999999998e-16,5.925000000000001e-16,1.831e-16,5.401202115439198e-16,3.03850001865727e-16,,0.0,0.827,,6.81,0,4.334620211543919e-15,7.581229673567489e-16,53.743,62.609,44.878
 2CXO J110506.2-584441,63,166.27612499999998,-58.744925,1.04,0.77,6.9,7.84,False,False,False,False,False,7.33468544554439e-15,1.256297162010887e-15,2.6599248109126308e-15,1.088681278691054e-15,1.0237606346317591e-15,2.5215002023442413e-16,3.6509999999999996e-15,5.739999999999999e-16,0.921,0.977,,86.2,,,,,,,,,,0.8277885756920208,0,7.84,3.6509999999999996e-15,5.739999999999999e-16,1.0237606346317591e-15,2.5215002023442413e-16,2.6599248109126308e-15,1.088681278691054e-15,,0.0,0.921,,7.84,0,7.33468544554439e-15,1.256297162010887e-15,92.312,103.55,80.375
 2CXO J110506.3-584209,64,166.27645833333332,-58.702625000000005,1.19,0.94,3.3,9.25,False,False,False,False,False,1.2520089400731072e-14,1.687350348234257e-15,1.160271280750673e-15,1.1118300058942259e-15,1.2840742701149936e-15,2.961502414433252e-16,1.0075743849865405e-14,1.2342124088553697e-15,0.798,0.691,,85.19,,,,,,,,,,1.3558170179330122,0,9.25,1.0075743849865405e-14,1.2342124088553697e-15,1.2840742701149936e-15,2.961502414433252e-16,1.160271280750673e-15,1.1118300058942259e-15,,0.0,0.798,,9.25,0,1.2520089400731072e-14,1.687350348234257e-15,131.58,146.12,117.05
 2CXO J110507.1-584543,65,166.27983333333333,-58.762,0.89,0.81,19.6,7.73,False,False,False,False,False,5.454412577763636e-15,1.034360506235296e-15,8.073808461756789e-16,8.07500011232716e-16,1.2412338470271542e-15,2.760525771266661e-16,3.4057978845608027e-15,5.845000969890659e-16,0.253,0.157,,86.56,,,,,,,,,,0.6660760447445053,0,7.73,3.4057978845608027e-15,5.845000969890659e-16,1.2412338470271542e-15,2.760525771266661e-16,8.073808461756789e-16,8.07500011232716e-16,,0.0,0.253,,7.73,0,5.454412577763636e-15,1.034360506235296e-15,83.061,94.292,71.83
 2CXO J110507.7-585206,66,166.28225,-58.86855833333333,0.72,0.72,162.6,10.82,False,False,False,False,False,1.9667099999999998e-14,1.9216288429350764e-15,1.7589999999999997e-14,1.8900000000000003e-15,1.78e-15,3.1899999999999996e-16,2.971e-16,1.371e-16,0.827,0.924,,89.04,1.4204782712502938e-14,2.2085168673032305e-15,1.537319613310509,0.3372428220862546,98.84141859652931,38.12132601586586,4.7578974354297895e-06,2.0436963158427096e-06,2.747,0.18155968635064784,0,10.82,2.971e-16,1.371e-16,1.78e-15,3.1899999999999996e-16,1.7589999999999997e-14,1.8900000000000003e-15,,0.0,0.827,,10.82,0,1.9667099999999998e-14,1.9216288429350764e-15,168.49,183.81,152.22
 2CXO J110507.9-584732,67,166.28304166666666,-58.79230277777778,0.88,0.78,11.1,5.09,False,False,False,False,False,2.037156174010271e-15,4.616924496015904e-16,2.0736157747981077e-16,2.1042803063965332e-16,2.729967119696574e-16,1.476739603315579e-16,1.5567978845608028e-15,3.835001478229541e-16,0.681,0.832,,87.24,,,,,,,,,,0.6300588538647884,0,5.09,1.5567978845608028e-15,3.835001478229541e-16,2.729967119696574e-16,1.476739603315579e-16,2.0736157747981077e-16,2.1042803063965332e-16,,0.0,0.681,,5.09,0,2.037156174010271e-15,4.616924496015904e-16,35.451,42.712,28.19
 2CXO J110508.3-585823,68,166.28470833333333,-58.973127777777776,1.06,1.06,0.0,5.52,True,False,False,False,True,8.18846654533884e-15,1.7343089299330342e-15,3.0531375035478138e-15,1.5526542697786095e-15,1.5248401933447457e-15,3.45559228298385e-16,3.6104888484462795e-15,6.9114470461803e-16,1.0,1.0,,91.43,,,,,,,,,,1.2076261868312874,0,5.52,3.6104888484462795e-15,6.9114470461803e-16,1.5248401933447457e-15,3.45559228298385e-16,3.0531375035478138e-15,1.5526542697786095e-15,,0.0,1.0,,5.52,0,8.18846654533884e-15,1.7343089299330342e-15,103.03,116.91,89.155
 2CXO J110510.3-585029,69,166.29324999999997,-58.84151111111111,0.72,0.72,23.2,8.18,False,False,False,False,False,5.8733836747198346e-15,7.79117902595858e-16,1.023356174010271e-15,3.845931044784371e-16,8.128253852703656e-16,1.9964089449002942e-16,4.037202115439197e-15,6.475000875522936e-16,0.262,0.076,,88.29,,,,,,,,,,0.20332297247777836,0,8.18,4.037202115439197e-15,6.475000875522936e-16,8.128253852703656e-16,1.9964089449002942e-16,1.023356174010271e-15,3.845931044784371e-16,,0.0,0.262,,8.18,0,5.8733836747198346e-15,7.79117902595858e-16,86.752,97.728,75.776
 2CXO J110510.9-584447,70,166.29583333333332,-58.746544444444446,1.14,0.89,29.9,5.09,False,False,False,False,False,3.2966030970249336e-15,6.811150384627881e-16,5.495828854810137e-16,4.152157174124831e-16,2.380202115439197e-16,1.2605000449743062e-16,2.509e-15,5.2500000000000005e-16,0.771,0.852,,86.03,,,,,,,,,,1.1815040586791423,0,5.09,2.509e-15,5.2500000000000005e-16,2.380202115439197e-16,1.2605000449743062e-16,5.495828854810137e-16,4.152157174124831e-16,,0.0,0.771,,5.09,0,3.2966030970249336e-15,6.811150384627881e-16,43.534,51.757,34.827
 2CXO J110512.4-584217,71,166.30187499999997,-58.70488055555556,1.29,1.07,43.3,8.06,False,False,False,False,False,9.783679237974021e-15,1.6835060948676671e-15,2.595339618987011e-15,1.4531699433554105e-15,1.4738401933447457e-15,3.3156172918805835e-16,5.7144994256422655e-15,7.826600200105024e-16,0.991,0.977,,84.98,,,,,,,,,,1.3195474667346798,0,8.06,5.7144994256422655e-15,7.826600200105024e-16,1.4738401933447457e-15,3.3156172918805835e-16,2.595339618987011e-15,1.4531699433554105e-15,,0.0,0.991,,8.06,0,9.783679237974021e-15,1.6835060948676671e-15,132.06,146.7,117.42
 2CXO J110513.3-584503,72,166.30558333333332,-58.750875,0.91,0.83,55.5,7.02,False,False,False,False,False,4.89409307887399e-15,8.522161783949062e-16,6.516728673300709e-16,5.55205017164125e-16,7.254202115439197e-16,2.0555000275797192e-16,3.5169999999999994e-15,6.129999999999999e-16,0.254,0.164,,86.03,,,,,,,,,,0.8619358802580129,0,7.02,3.5169999999999994e-15,6.129999999999999e-16,7.254202115439197e-16,2.0555000275797192e-16,6.516728673300709e-16,5.55205017164125e-16,,0.0,0.254,,7.02,0,4.89409307887399e-15,8.522161783949062e-16,73.236,83.874,62.599
 2CXO J110513.3-585426,73,166.30583333333334,-58.907241666666664,0.81,0.75,83.4,5.85,False,False,False,False,True,3.743875212963045e-15,8.872457451756788e-16,1.2431223269831168e-15,7.5355009102917325e-16,5.256999999999999e-16,1.6959999999999999e-16,1.9750528859799284e-15,4.365811638656325e-16,0.985,0.859,,89.69,,,,,,,,,,0.6519270634629508,0,5.85,1.9750528859799284e-15,4.365811638656325e-16,5.256999999999999e-16,1.6959999999999999e-16,1.2431223269831168e-15,7.5355009102917325e-16,,0.0,0.985,,5.85,0,3.743875212963045e-15,8.872457451756788e-16,46.263,54.488,38.039
 2CXO J110514.3-584941,75,166.30995833333333,-58.82819444444445,0.74,0.72,25.7,5.96,False,False,False,False,False,4.5840615774798106e-15,9.085719282074267e-16,2.719797884560803e-15,8.255000686736662e-16,5.509817890237305e-16,1.8128317905517193e-16,1.3132819038952774e-15,3.3345013770875e-16,1.0,1.0,,87.81,,,,,,,,,,0.32998732244137186,0,5.96,1.3132819038952774e-15,3.3345013770875e-16,5.509817890237305e-16,1.8128317905517193e-16,2.719797884560803e-15,8.255000686736662e-16,,0.0,1.0,,5.96,0,4.5840615774798106e-15,9.085719282074267e-16,52.492,61.309,43.676
 2CXO J110514.8-585909,76,166.3118333333333,-58.98596388888889,1.96,1.18,94.9,6.88,False,False,False,False,False,1.1478300000000002e-14,2.3144804190141684e-15,4.181e-15,2.0369999999999998e-15,6.843000000000001e-16,2.369e-16,6.613000000000001e-15,1.0730000000000003e-15,0.191,0.113,,91.43,,,,,,,,,,1.5831282729933707,0,6.62,6.613000000000001e-15,1.0730000000000003e-15,6.843000000000001e-16,2.369e-16,4.181e-15,2.0369999999999998e-15,,0.0,0.191,,6.62,0,1.1478300000000002e-14,2.3144804190141684e-15,93.182,105.32,80.283
 2CXO J110515.1-584744,77,166.31312499999999,-58.79577222222222,0.78,0.74,29.8,5.49,False,False,False,False,False,2.5864110605578493e-15,5.865372790783704e-16,9.163326744360086e-16,4.803231822168636e-16,8.054477122534825e-16,2.136955303249556e-16,8.646306738683584e-16,2.600958298259696e-16,1.0,1.0,,87.01,,,,,,,,,,0.5564300801071965,0,5.49,8.646306738683584e-16,2.600958298259696e-16,8.054477122534825e-16,2.136955303249556e-16,9.163326744360086e-16,4.803231822168636e-16,,0.0,1.0,,5.49,0,2.5864110605578493e-15,5.865372790783704e-16,45.598,53.854,37.342
 2CXO J110515.1-584831,78,166.31320833333334,-58.80885833333333,0.74,0.72,29.1,8.29,False,False,False,False,False,4.918914621575804e-15,6.25284325827585e-16,1.914922945926877e-16,1.4467446599738088e-16,5.152202115439197e-16,1.818500031174107e-16,4.212202115439197e-15,5.805000976573802e-16,0.413,0.256,,87.32,,,,,,,,,,0.3330582966034373,0,8.29,4.212202115439197e-15,5.805000976573802e-16,5.152202115439197e-16,1.818500031174107e-16,1.914922945926877e-16,1.4467446599738088e-16,,0.0,0.413,,8.29,0,4.918914621575804e-15,6.25284325827585e-16,87.777,99.083,76.472
 2CXO J110515.6-585437,79,166.31529166666664,-58.910402777777776,0.92,0.81,92.9,5.03,False,False,False,False,False,2.869819522314638e-15,7.067006668562481e-16,1.966478271250294e-15,6.59617667692148e-16,6.058445390946868e-16,2.0313755547271465e-16,2.974967119696574e-16,1.5187329771887665e-16,0.942,0.823,,89.66,,,,,,,,,,0.7735391729850867,0,5.03,2.974967119696574e-16,1.5187329771887665e-16,6.058445390946868e-16,2.0313755547271465e-16,1.966478271250294e-15,6.59617667692148e-16,,0.0,0.942,,5.03,0,2.869819522314638e-15,7.067006668562481e-16,37.663,44.857,30.046
 2CXO J110516.3-585611,80,166.31833333333333,-58.93662777777777,0.83,0.78,108.3,8.97,False,False,False,False,True,8.277648655101534e-15,1.3594032617808509e-15,4.2919999999999995e-15,1.2459999999999997e-15,2.309648655101534e-15,3.915765929424504e-16,1.676e-15,3.77e-16,1.0,1.0,,90.23,,,,,,,,,,0.6893227883468298,0,8.97,1.676e-15,3.77e-16,2.309648655101534e-15,3.915765929424504e-16,4.2919999999999995e-15,1.2459999999999997e-15,,0.0,1.0,,8.97,0,8.277648655101534e-15,1.3594032617808509e-15,107.95,120.07,95.827
 2CXO J110516.9-584508,81,166.32066666666665,-58.75227777777778,0.96,0.81,19.5,6.17,False,False,False,False,False,7.744821108443353e-15,1.4535050714434945e-15,6.655e-15,1.4259999999999999e-15,8.966891930609205e-16,2.342460930955953e-16,1.9313191538243212e-16,1.5598000058151162e-16,0.219,0.225,,85.91,,,,,,,,,,0.9280202001550227,0,6.17,1.9313191538243212e-16,1.5598000058151162e-16,8.966891930609205e-16,2.342460930955953e-16,6.655e-15,1.4259999999999999e-15,,0.0,0.219,,6.17,0,7.744821108443353e-15,1.4535050714434945e-15,63.502,73.468,53.535
 2CXO J110517.7-585044,82,166.32391666666666,-58.845675,0.74,0.73,56.9,5.37,False,False,False,False,False,2.7361550014191253e-15,5.788691559995719e-16,1.2216539436995268e-15,4.788269917131009e-16,6.553202115439197e-16,1.945500029139097e-16,8.591808461756789e-16,2.607000347925493e-16,1.0,1.0,,88.07,,,,,,,,,,0.3607589734438563,0,5.37,8.591808461756789e-16,2.607000347925493e-16,6.553202115439197e-16,1.945500029139097e-16,1.2216539436995268e-15,4.788269917131009e-16,,0.0,1.0,,5.37,0,2.7361550014191253e-15,5.788691559995719e-16,44.157,52.183,35.659
 2CXO J110518.3-584842,83,166.32625,-58.81193888888889,0.78,0.75,24.6,5.09,False,False,False,False,False,2.1127209246488776e-15,4.898497750490263e-16,6.905816741521835e-16,3.826075067644934e-16,4.762988274088545e-16,1.625776225309952e-16,9.458404230878395e-16,2.5910000875185072e-16,0.011,0.248,,87.26,,,,,,,,,,0.50898478739131,0,5.09,9.458404230878395e-16,2.5910000875185072e-16,4.762988274088545e-16,1.625776225309952e-16,6.905816741521835e-16,3.826075067644934e-16,,0.0,0.011,,5.09,0,2.1127209246488776e-15,4.898497750490263e-16,38.628,45.9,30.903
 2CXO J110518.4-584615,84,166.32691666666665,-58.77087777777778,0.85,0.85,0.0,7.19,False,False,False,False,False,4.4211143873258765e-15,6.893546781138304e-16,5.226941757819571e-16,3.949010111453509e-16,4.774202115439197e-16,1.5625000362816724e-16,3.4209999999999994e-15,5.429999999999999e-16,0.063,0.039,,86.29,,,,,,,,,,0.6585164532915697,0,7.19,3.4209999999999994e-15,5.429999999999999e-16,4.774202115439197e-16,1.5625000362816724e-16,5.226941757819571e-16,3.949010111453509e-16,,0.0,0.063,,7.19,0,4.4211143873258765e-15,6.893546781138304e-16,73.981,84.512,63.451
 2CXO J110519.6-584459,85,166.33195833333332,-58.749944444444445,1.26,1.12,50.4,6.24,False,False,False,False,False,6.353821728749707e-15,1.2660907978302445e-15,5.387541734426208e-15,1.2427047975451944e-15,8.723689815170008e-16,2.315959473629112e-16,9.391101280649726e-17,7.095076936621554e-17,0.35,0.332,,85.74,,,,,,,,,,1.0064914883026659,0,6.24,9.391101280649726e-17,7.095076936621554e-17,8.723689815170008e-16,2.315959473629112e-16,5.387541734426208e-15,1.2427047975451944e-15,,0.0,0.35,,6.24,0,6.353821728749707e-15,1.2660907978302445e-15,60.861,70.685,51.037
 2CXO J110520.0-585357,86,166.3335,-58.89921666666667,0.74,0.72,95.3,10.13,False,False,False,False,False,8.202287216368947e-15,8.941033717761882e-16,7.429475973819354e-16,4.364157664890659e-16,1.851648655101534e-15,3.4358729333375747e-16,5.607690963885477e-15,7.006496200247968e-16,0.935,0.609,,89.21,,,,,,,,,,0.30884852090879833,0,10.13,5.607690963885477e-15,7.006496200247968e-16,1.851648655101534e-15,3.4358729333375747e-16,7.429475973819354e-16,4.364157664890659e-16,,0.0,0.935,,10.13,0,8.202287216368947e-15,8.941033717761882e-16,151.81,165.86,136.88
 2CXO J110520.7-584757,87,166.33625,-58.79931944444444,0.72,0.71,29.9,14.39,False,False,False,False,False,1.6865849621825264e-14,1.2711542009251425e-15,1.6126698094935054e-15,5.946038353962172e-16,3.101052885979928e-15,4.2458345780573025e-16,1.2152126926351829e-14,1.0401962164993082e-15,0.19,0.197,,86.86,1.370680386689491e-14,1.5552723571355982e-15,5.551364219525391,0.7631588323146166,44.08386522632831,12.727514592974883,2.7364745863471243e-05,9.736212433721018e-06,1.377,0.24912664787612132,0,14.39,1.2152126926351829e-14,1.0401962164993082e-15,3.101052885979928e-15,4.2458345780573025e-16,1.6126698094935054e-15,5.946038353962172e-16,,0.0,0.19,,14.39,0,1.6865849621825264e-14,1.2711542009251425e-15,295.29,316.02,274.56
 2CXO J110521.8-584528,88,166.341,-58.7578,0.82,0.76,36.3,9.94,False,False,False,False,False,1.0627595769121605e-14,1.3371408776791078e-15,4.682e-15,1.135e-15,1.877797884560803e-15,3.405001664907489e-16,4.0677978845608024e-15,6.195000915094585e-16,1.0,1.0,,85.83,,,,,,,,,,0.48497976747965743,0,9.94,4.0677978845608024e-15,6.195000915094585e-16,1.877797884560803e-15,3.405001664907489e-16,4.682e-15,1.135e-15,,0.0,1.0,,9.94,0,1.0627595769121605e-14,1.3371408776791078e-15,139.01,153.02,125.0
 2CXO J110522.3-584435,89,166.343,-58.74315555555555,1.15,0.89,20.6,7.3,False,False,False,False,False,5.563036460690223e-15,8.52572148152597e-16,5.739183645855011e-16,4.3360143079965023e-16,5.433202115439197e-16,1.8455000307180239e-16,4.445797884560803e-15,7.105000797890368e-16,0.531,0.645,,85.47,,,,,,,,,,1.0035535749183642,0,7.3,4.445797884560803e-15,7.105000797890368e-16,5.433202115439197e-16,1.8455000307180239e-16,5.739183645855011e-16,4.3360143079965023e-16,,0.0,0.531,,7.3,0,5.563036460690223e-15,8.52572148152597e-16,79.613,90.192,68.373
 2CXO J110522.5-585718,90,166.34383333333332,-58.955041666666666,1.13,0.84,95.9,9.16,True,False,False,False,False,1.4853204738115934e-14,1.831433515274396e-15,1.2284253852703655e-14,1.7704611476329852e-15,1.923797884560803e-15,3.5550015946582597e-16,6.451530008514754e-16,3.053451853430747e-16,0.468,0.484,,90.39,,,,,,,,,,0.872588781179559,0,9.16,6.451530008514754e-16,3.053451853430747e-16,1.923797884560803e-15,3.5550015946582597e-16,1.2284253852703655e-14,1.7704611476329852e-15,,0.0,0.468,,9.16,0,1.4853204738115934e-14,1.831433515274396e-15,132.39,146.3,118.47
 2CXO J110523.5-584338,91,166.34820833333333,-58.72744166666667,1.35,1.04,15.6,6.0,False,False,False,False,True,,,,,1.253680846175679e-15,3.0520002971958643e-16,2.749202115439197e-15,5.325001064602971e-16,0.824,0.73,,85.04,,,,,,,,,,1.3138890750349395,0,6.0,2.749202115439197e-15,5.325001064602971e-16,1.253680846175679e-15,3.0520002971958643e-16,7.978845608028655e-18,6.028102749890869e-18,,-1.0,,,,4,4.010861807222905e-15,6.137912996644929e-16,76.46,87.092,65.01
 2CXO J110523.7-584949,92,166.349,-58.830336111111116,0.73,0.72,51.6,7.8,False,False,False,False,False,5.0526480807438e-15,7.075638614217585e-16,8.087816741521836e-16,3.9240607058574147e-16,1.1363987125373077e-15,2.7022026645762867e-16,3.1074676940543084e-15,5.231109837817359e-16,1.0,1.0,,87.45,,,,,,,,,,0.3332602460654968,0,7.8,3.1074676940543084e-15,5.231109837817359e-16,1.1363987125373077e-15,2.7022026645762867e-16,8.087816741521836e-16,3.9240607058574147e-16,,0.0,1.0,,7.8,0,5.0526480807438e-15,7.075638614217585e-16,85.916,97.185,74.647
 2CXO J110524.4-584913,93,166.3519583333333,-58.82048888888889,0.74,0.72,62.9,8.54,False,False,False,False,False,1.2074094481658912e-14,1.5588866837185607e-15,1.0517978845608028e-14,1.525003717379982e-15,1.3110423087839426e-15,2.9807608439969314e-16,2.4507332726694194e-16,1.2506799175342477e-16,0.97,0.99,,87.19,,,,,,,,,,0.3306927131584671,0,8.54,2.4507332726694194e-16,1.2506799175342477e-16,1.3110423087839426e-15,2.9807608439969314e-16,1.0517978845608028e-14,1.525003717379982e-15,,0.0,0.97,,8.54,0,1.2074094481658912e-14,1.5588866837185607e-15,105.23,117.39,92.308
 2CXO J110525.4-585807,94,166.35591666666667,-58.96881944444445,1.3,1.08,90.5,5.29,False,False,False,False,False,5.9792869627501765e-15,1.4146690683036644e-15,3.348797884560803e-15,1.3105000432583845e-15,1.299239365368241e-15,3.1485001620489153e-16,1.3312497128211326e-15,4.298228434258816e-16,0.532,0.814,,90.57,,,,,,,,,,1.5798692366844815,0,5.29,1.3312497128211326e-15,4.298228434258816e-16,1.299239365368241e-15,3.1485001620489153e-16,3.348797884560803e-15,1.3105000432583845e-15,,0.0,0.532,,5.29,0,5.9792869627501765e-15,1.4146690683036644e-15,64.591,75.29,53.893
 2CXO J110525.5-584727,96,166.35637499999999,-58.790905555555554,0.94,0.82,69.7,6.44,False,False,False,False,False,9.45393935865622e-15,1.636590111714614e-15,8.902808461756788e-15,1.6260005578362026e-15,4.745200966723727e-16,1.68780315989584e-16,7.661080022706008e-17,7.786260086117927e-17,0.521,0.308,,86.45,,,,,,,,,,0.6424927286348122,0,6.44,7.661080022706008e-17,7.786260086117927e-17,4.745200966723727e-16,1.68780315989584e-16,8.902808461756788e-15,1.6260005578362026e-15,,0.0,0.521,,6.44,0,9.45393935865622e-15,1.636590111714614e-15,55.676,64.663,46.689
 2CXO J110526.1-584225,97,166.35895833333333,-58.70710277777778,2.25,2.25,0.0,5.76,False,False,False,False,False,1.0602541734426209e-14,2.1141526454602658e-15,6.357000000000001e-15,1.9300000000000002e-15,1.4328401933447456e-15,3.3056191592828003e-16,2.8127015410814623e-15,7.971638652400552e-16,0.999,0.991,,84.45,,,,,,,,,,1.8121217113374102,0,5.76,2.8127015410814623e-15,7.971638652400552e-16,1.4328401933447456e-15,3.3056191592828003e-16,6.357000000000001e-15,1.9300000000000002e-15,,0.0,0.999,,5.76,0,1.0602541734426209e-14,2.1141526454602658e-15,78.334,89.884,66.062
 2CXO J110526.5-584525,98,166.36054166666665,-58.757080555555554,0.91,0.85,41.9,5.52,False,False,False,False,False,6.256871418596529e-15,1.2323960823114463e-15,5.290137503547814e-15,1.2056986694285384e-15,8.934721546757964e-16,2.490525955853345e-16,7.32617603729191e-17,5.5350039449497967e-17,0.631,0.786,,85.61,,,,,,,,,,1.0143374306796853,0,5.52,7.32617603729191e-17,5.5350039449497967e-17,8.934721546757964e-16,2.490525955853345e-16,5.290137503547814e-15,1.2056986694285384e-15,,0.0,0.631,,5.52,0,6.256871418596529e-15,1.2323960823114463e-15,57.726,67.469,47.983
 2CXO J110527.2-585737,99,166.36370833333334,-58.960302777777784,1.05,0.79,92.9,9.61,False,False,False,False,False,9.419648646087865e-15,1.1257060660046353e-15,6.756486460878664e-16,5.104597408607588e-16,2.3729999999999997e-15,3.9799999999999996e-16,6.370999999999999e-15,9.209999999999998e-16,0.951,0.621,,90.3,,,,,,,,,,0.717912833100645,0,9.61,6.370999999999999e-15,9.209999999999998e-16,2.3729999999999997e-15,3.9799999999999996e-16,6.756486460878664e-16,5.104597408607588e-16,,0.0,0.951,,9.61,0,9.419648646087865e-15,1.1257060660046353e-15,141.77,156.41,126.26
 2CXO J110528.5-584930,100,166.369125,-58.82518055555556,0.75,0.73,25.4,8.66,False,False,False,False,False,6.4795200966723725e-15,8.084537810229624e-16,5.916e-16,3.585e-16,6.141222121115699e-16,1.8158442298307547e-16,5.273797884560803e-15,7.015000808127022e-16,0.968,0.693,,87.12,,,,,,,,,,0.3598668995573042,0,8.66,5.273797884560803e-15,7.015000808127022e-16,6.141222121115699e-16,1.8158442298307547e-16,5.916e-16,3.585e-16,,0.0,0.968,,8.66,0,6.4795200966723725e-15,8.084537810229624e-16,106.6,118.8,93.636
 2CXO J110529.2-584629,101,166.371875,-58.77486111111111,0.91,0.83,36.4,6.54,False,False,False,False,False,4.716623638321485e-15,9.000851224920174e-16,1.7548825021286883e-15,7.346173843071159e-16,5.098797884560803e-16,1.6685000339766937e-16,2.4518613477367168e-15,4.925967953320839e-16,1.0,1.0,,85.92,,,,,,,,,,0.7874381333925056,0,6.54,2.4518613477367168e-15,4.925967953320839e-16,5.098797884560803e-16,1.6685000339766937e-16,1.7548825021286883e-15,7.346173843071159e-16,,0.0,1.0,,6.54,0,4.716623638321485e-15,9.000851224920174e-16,64.973,74.998,54.947
 2CXO J110529.3-585405,102,166.37241666666665,-58.90160833333333,0.9,0.79,88.0,5.67,False,False,False,False,False,6.204633758103373e-15,1.2263400790185826e-15,5.222945965304602e-15,1.19972499068068e-15,8.739700392365994e-16,2.3184930879582073e-16,1.0771775356217102e-16,1.0399920266254787e-16,0.752,0.685,,88.86,,,,,,,,,,0.7235644063561384,0,5.67,1.0771775356217102e-16,1.0399920266254787e-16,8.739700392365994e-16,2.3184930879582073e-16,5.222945965304602e-15,1.19972499068068e-15,,0.0,0.752,,5.67,0,6.204633758103373e-15,1.2263400790185826e-15,53.964,62.934,44.994
 2CXO J110529.6-585718,103,166.37349999999998,-58.955194444444444,1.34,0.99,87.9,5.52,False,False,False,False,False,4.6395645208955125e-15,1.1934755644963685e-15,2.0526010577195984e-15,1.075250013180682e-15,6.399e-16,2.173e-16,1.947063463175914e-15,4.701085430034952e-16,0.877,0.726,,90.08,,,,,,,,,,1.4824509836798287,0,5.52,1.947063463175914e-15,4.701085430034952e-16,6.399e-16,2.173e-16,2.0526010577195984e-15,1.075250013180682e-15,,0.0,0.877,,5.52,0,4.6395645208955125e-15,1.1934755644963685e-15,54.496,64.278,44.714
 2CXO J110529.6-584720,104,166.37375,-58.78897222222222,0.88,0.78,41.4,7.3,False,False,False,False,False,4.865988963317827e-15,8.182711238764188e-16,1.4624676940543083e-15,6.120948466970585e-16,1.0075212692635183e-15,2.4430008353842606e-16,2.3960000000000003e-15,4.85e-16,1.0,1.0,,86.23,,,,,,,,,,0.6185198614055293,0,7.3,2.3960000000000003e-15,4.85e-16,1.0075212692635183e-15,2.4430008353842606e-16,1.4624676940543083e-15,6.120948466970585e-16,,0.0,1.0,,7.3,0,4.865988963317827e-15,8.182711238764188e-16,75.719,86.27,65.167
 2CXO J110532.7-584349,105,166.38641666666666,-58.730358333333335,1.94,1.37,36.5,5.24,False,False,False,False,False,1.0743510002838251e-14,2.3647954538267462e-15,5.791797884560802e-15,2.17150002610643e-15,3.7e-16,1.7619999999999998e-16,4.5817121182774485e-15,9.196731675217122e-16,0.934,0.55,,84.72,,,,,,,,,,1.6323776824181402,0,5.24,4.5817121182774485e-15,9.196731675217122e-16,3.7e-16,1.7619999999999998e-16,5.791797884560802e-15,2.17150002610643e-15,,0.0,0.934,,5.24,0,1.0743510002838251e-14,2.3647954538267462e-15,57.429,67.782,47.076
 2CXO J110533.2-585105,106,166.38841666666664,-58.85160277777778,0.79,0.75,78.0,5.76,False,False,False,False,False,2.911934717346811e-15,5.244959205836676e-16,2.7822234635195917e-16,2.101999428886946e-16,1.8925525413652876e-16,1.0197573501845693e-16,2.4444571168583228e-15,4.695880153772496e-16,0.253,0.056,,87.54,,,,,,,,,,0.5912868882263241,0,5.76,2.4444571168583228e-15,4.695880153772496e-16,1.8925525413652876e-16,1.0197573501845693e-16,2.7822234635195917e-16,2.101999428886946e-16,,0.0,0.253,,5.76,0,2.911934717346811e-15,5.244959205836676e-16,47.72,56.044,39.397
 2CXO J110535.5-584547,107,166.39812499999996,-58.763194444444444,0.99,0.88,62.4,9.81,False,False,False,False,False,9.379701541081462e-15,1.1970425386371084e-15,2.12090365652066e-15,9.086498092920868e-16,2.515e-15,3.9200000000000006e-16,4.743797884560803e-15,6.735000841723983e-16,1.0,1.0,,85.37,,,,,,,,,,0.5413331571277273,0,9.81,4.743797884560803e-15,6.735000841723983e-16,2.515e-15,3.9200000000000006e-16,2.12090365652066e-15,9.086498092920868e-16,,0.0,1.0,,9.81,0,9.379701541081462e-15,1.1970425386371084e-15,154.83,170.27,139.38
 2CXO J110535.6-584907,108,166.39862499999998,-58.81883611111112,1.01,0.84,43.5,5.76,False,False,False,False,False,3.864532487937433e-15,6.58574065471931e-16,2.0433823602161383e-16,1.5437971142470516e-16,5.781202115439197e-16,1.8925000299551456e-16,3.0820740403719e-15,6.116135550973751e-16,0.989,0.984,,86.67,,,,,,,,,,0.6740533760363551,0,5.76,3.0820740403719e-15,6.116135550973751e-16,5.781202115439197e-16,1.8925000299551456e-16,2.0433823602161383e-16,1.5437971142470516e-16,,0.0,0.989,,5.76,0,3.864532487937433e-15,6.58574065471931e-16,50.948,59.713,42.182
 2CXO J110535.7-585212,109,166.39895833333333,-58.87000555555556,0.79,0.74,81.1,10.76,False,False,False,False,False,1.047448150702245e-14,9.89736420427355e-16,4.719487177148949e-16,3.5656227765604497e-16,9.053306738683585e-16,2.3640042447690256e-16,9.097202115439197e-15,8.925000635183326e-16,0.821,0.499,,87.85,6.0333437814037035e-15,2.7236538301425457e-15,,,87.13740642475759,11.331204718463209,5.2664304576457665e-05,1.8371007790095708e-05,2.541,0.32977230869530283,0,10.76,9.097202115439197e-15,8.925000635183326e-16,9.053306738683585e-16,2.3640042447690256e-16,4.719487177148949e-16,3.5656227765604497e-16,,0.0,0.821,,10.76,0,1.047448150702245e-14,9.89736420427355e-16,170.94,186.95,154.94
 2CXO J110535.8-584609,110,166.3995,-58.76931111111111,1.04,0.87,43.7,6.34,False,False,False,False,False,4.678490963885477e-15,1.1545293071098124e-15,1.1495686369023597e-15,9.990496253747527e-16,2.697202115439197e-16,1.3155000430939664e-16,3.259202115439197e-15,5.635001006035647e-16,0.174,0.551,,85.5,,,,,,,,,,0.9851907078224279,0,6.34,3.259202115439197e-15,5.635001006035647e-16,2.697202115439197e-16,1.3155000430939664e-16,1.1495686369023597e-15,9.990496253747527e-16,,0.0,0.174,,6.34,0,4.678490963885477e-15,1.1545293071098124e-15,62.872,73.026,52.717
 2CXO J110538.0-585419,111,166.408375,-58.90544722222222,0.95,0.8,80.4,6.08,False,False,False,False,False,1.0846334535805751e-14,1.806548354091962e-15,1.0001595769121605e-14,1.7890001267526253e-15,7.797989422804014e-16,2.4635005753004583e-16,6.493982440374521e-17,4.906272828136179e-17,0.392,0.435,,88.57,,,,,,,,,,0.8651490815369199,0,6.08,6.493982440374521e-17,4.906272828136179e-17,7.797989422804014e-16,2.4635005753004583e-16,1.0001595769121605e-14,1.7890001267526253e-15,,0.0,0.392,,6.08,0,1.0846334535805751e-14,1.806548354091962e-15,62.533,72.331,52.735
 2CXO J110538.4-585446,112,166.410125,-58.91291388888889,1.29,1.03,79.4,5.06,False,False,False,False,True,3.358551914749367e-15,6.801577936771618e-16,4.364428547591674e-16,3.2973722041903055e-16,5.636413659358911e-16,1.8888061948495613e-16,2.3584676940543083e-15,5.641029173414152e-16,0.489,0.644,,88.73,,,,,,,,,,1.2426329781446779,0,5.06,2.3584676940543083e-15,5.641029173414152e-16,5.636413659358911e-16,1.8888061948495613e-16,4.364428547591674e-16,3.2973722041903055e-16,,0.0,0.489,,5.06,0,3.358551914749367e-15,6.801577936771618e-16,36.173,43.494,28.422
 2CXO J110539.9-584645,113,166.41625,-58.779377777777775,0.98,0.84,39.3,6.75,False,False,False,False,False,6.122968177416173e-15,1.1842221359220056e-15,4.057743849865406e-15,1.11223570801003e-15,1.6370000000000002e-15,3.390000000000001e-16,4.28224327550767e-16,2.24483400355359e-16,0.949,0.866,,85.57,,,,,,,,,,0.884148468208117,0,6.75,4.28224327550767e-16,2.24483400355359e-16,1.6370000000000002e-15,3.390000000000001e-16,4.057743849865406e-15,1.11223570801003e-15,,0.0,0.949,,6.75,0,6.122968177416173e-15,1.1842221359220056e-15,75.149,85.323,64.339
 2CXO J110540.9-585114,114,166.42054166666665,-58.853950000000005,0.91,0.8,62.4,6.6,False,False,False,False,False,4.611503886263753e-15,7.974419091964579e-16,1.191760634631759e-15,5.661500090119406e-16,7.146797884560802e-16,1.9915000284660373e-16,2.7050634631759138e-15,5.250971740591156e-16,0.993,0.979,,87.26,,,,,,,,,,0.6569475497992966,0,6.6,2.7050634631759138e-15,5.250971740591156e-16,7.146797884560802e-16,1.9915000284660373e-16,1.191760634631759e-15,5.661500090119406e-16,,0.0,0.993,,6.6,0,4.611503886263753e-15,7.974419091964579e-16,65.92,75.772,56.069
 2CXO J110542.0-585020,115,166.42504166666666,-58.83895555555556,1.2,0.84,51.8,5.03,False,False,False,False,False,2.2516257492538487e-15,4.578683743016344e-16,3.1364842085160643e-16,2.369647190982101e-16,2.9993501961829965e-16,1.3147173839755428e-16,1.6380423087839428e-15,3.690614475816365e-16,0.988,0.968,,86.87,,,,,,,,,,0.8451633096928756,0,5.03,1.6380423087839428e-15,3.690614475816365e-16,2.9993501961829965e-16,1.3147173839755428e-16,3.1364842085160643e-16,2.369647190982101e-16,,0.0,0.988,,5.03,0,2.2516257492538487e-15,4.578683743016344e-16,42.43,50.357,34.037
 2CXO J110542.6-584540,116,166.427625,-58.76136666666667,0.96,0.8,64.5,11.72,True,False,False,False,False,1.5677893079324675e-14,1.6816727545575331e-15,5.8470000000000005e-15,1.4390000000000003e-15,4.144202115439197e-15,5.255001078784167e-16,5.686690963885477e-15,6.936511299211533e-16,0.143,0.472,,85.03,1.2361915382432115e-14,1.4700617022302878e-15,3.3868201876682438,0.4364394827976088,32.440763378028386,10.877207213934318,1.1782303963739124e-05,3.4662880796032812e-06,1.311,0.5843985838651791,0,11.72,5.686690963885477e-15,6.936511299211533e-16,4.144202115439197e-15,5.255001078784167e-16,5.8470000000000005e-15,1.4390000000000003e-15,,0.0,0.143,,11.72,0,1.5677893079324675e-14,1.6816727545575331e-15,222.45,240.86,204.04
 2CXO J110543.3-585053,117,166.430625,-58.848083333333335,0.75,0.73,64.3,13.13,False,False,False,False,False,1.4883839044629274e-14,1.3189358983206485e-15,3.845126926351828e-15,9.282198924928708e-16,2.319e-15,3.6100000000000015e-16,8.719712118277448e-15,8.646841822650736e-16,0.638,0.258,,87.02,1.10024442422314e-14,1.5665966513556031e-15,4.578901120332959,1.090772612553373,29.39149220445601,17.974747367843122,1.4440809087890395e-05,6.800495857084736e-06,2.598,0.36059704645724006,0,13.13,8.719712118277448e-15,8.646841822650736e-16,2.319e-15,3.6100000000000015e-16,3.845126926351828e-15,9.282198924928708e-16,,0.0,0.638,,13.13,0,1.4883839044629274e-14,1.3189358983206485e-15,239.19,257.84,220.53
 2CXO J110543.6-584419,118,166.43204166666666,-58.73876666666667,1.8,1.13,18.8,5.96,False,False,False,False,False,8.066116344649009e-15,1.6842015566233443e-15,6.47e-15,1.639e-15,1.2775210395204243e-15,3.037702450577932e-16,3.185953051285842e-16,2.407021428031424e-16,0.228,0.444,,84.45,,,,,,,,,,1.597001769844224,0,5.96,3.185953051285842e-16,2.407021428031424e-16,1.2775210395204243e-15,3.037702450577932e-16,6.47e-15,1.639e-15,,0.0,0.228,,5.96,0,8.066116344649009e-15,1.6842015566233443e-15,71.158,82.806,59.511
 2CXO J110543.9-585309,119,166.433125,-58.885894444444446,0.85,0.78,72.2,7.77,False,False,False,False,False,5.118577553638502e-15,6.990181251515197e-16,3.5258518741878623e-16,2.663818605176775e-16,9.32992366219716e-16,2.4750362356435605e-16,3.833e-15,5.969999999999998e-16,0.998,0.993,,87.87,,,,,,,,,,0.7129346923994495,0,7.77,3.833e-15,5.969999999999998e-16,9.32992366219716e-16,2.4750362356435605e-16,3.5258518741878623e-16,2.663818605176775e-16,,0.0,0.998,,7.77,0,5.118577553638502e-15,6.990181251515197e-16,91.654,103.46,79.846
 2CXO J110545.6-585245,120,166.440125,-58.87926111111111,0.95,0.82,86.3,5.95,False,False,False,False,False,4.450932674436009e-15,9.202155596794006e-16,1.822e-15,7.87e-16,6.968797884560803e-16,2.0075000282391598e-16,1.9320528859799283e-15,4.325819143726078e-16,0.997,0.999,,87.64,,,,,,,,,,0.8886904644423864,0,5.95,1.9320528859799283e-15,4.325819143726078e-16,6.968797884560803e-16,2.0075000282391598e-16,1.822e-15,7.87e-16,,0.0,0.997,,5.95,0,4.450932674436009e-15,9.202155596794006e-16,59.934,69.531,50.337
 2CXO J110545.9-584724,121,166.44166666666666,-58.79017777777778,1.52,1.03,20.2,5.86,False,False,False,False,False,3.4336710514582625e-15,8.731580895619735e-16,7.577532999681806e-16,7.340177330809867e-16,9.664606346317592e-16,2.414500211311245e-16,1.7094571168583225e-15,4.0660165295525295e-16,0.998,0.897,,85.56,,,,,,,,,,1.0672713471182753,0,5.86,1.7094571168583225e-15,4.0660165295525295e-16,9.664606346317592e-16,2.414500211311245e-16,7.577532999681806e-16,7.340177330809867e-16,,0.0,0.998,,5.86,0,3.4336710514582625e-15,8.731580895619735e-16,58.159,67.971,48.347
 2CXO J110548.8-585438,122,166.45345833333332,-58.910824999999996,1.02,0.89,78.8,8.36,False,False,False,False,False,1.3722089216936597e-14,1.8456705960646535e-15,1.2100211543919714e-14,1.810313177954666e-15,1.2249574614729634e-15,2.8640028503395004e-16,3.9692021154391977e-16,2.173500026082408e-16,0.44,0.126,,88.23,,,,,,,,,,0.9100999642360312,0,8.36,3.9692021154391977e-16,2.173500026082408e-16,1.2249574614729634e-15,2.8640028503395004e-16,1.2100211543919714e-14,1.810313177954666e-15,,0.0,0.44,,8.36,0,1.3722089216936597e-14,1.8456705960646535e-15,112.65,125.71,99.592
 2CXO J110551.5-584652,123,166.46499999999997,-58.78111666666666,1.49,1.05,29.7,7.7,False,False,False,False,True,7.333429247658443e-15,1.360656264871744e-15,1.106106920675326e-15,1.0931004089838666e-15,6.531202115439197e-16,2.1395000264968981e-16,5.574202115439198e-15,7.815000725401293e-16,0.919,0.912,,85.11,,,,,,,,,,1.0712865806862786,0,7.7,5.574202115439198e-15,7.815000725401293e-16,6.531202115439197e-16,2.1395000264968981e-16,1.106106920675326e-15,1.0931004089838666e-15,,0.0,0.919,,7.7,0,7.333429247658443e-15,1.360656264871744e-15,93.396,105.09,80.917
 2CXO J110551.8-585105,124,166.46620833333333,-58.85146666666667,1.05,0.81,58.2,7.88,False,False,False,False,False,6.350896137611923e-15,1.0984433482618666e-15,1.3204037713922066e-15,8.689023180644439e-16,8.482902507805191e-16,2.324998658553346e-16,4.182202115439197e-15,6.305000899129417e-16,0.946,0.875,,86.73,,,,,,,,,,0.8060866399989116,0,7.88,4.182202115439197e-15,6.305000899129417e-16,8.482902507805191e-16,2.324998658553346e-16,1.3204037713922066e-15,8.689023180644439e-16,,0.0,0.946,,7.88,0,6.350896137611923e-15,1.0984433482618666e-15,91.811,103.05,79.874
 2CXO J110552.0-584739,125,166.4669583333333,-58.79419444444444,1.25,1.11,32.2,6.09,False,False,False,False,False,5.5139455058184144e-15,1.299283242437873e-15,2.3111269263518282e-15,1.1801729402165925e-15,1.2547551162906725e-15,2.8435494202761167e-16,1.948063463175914e-15,4.631101836548935e-16,0.62,0.596,,85.4,,,,,,,,,,1.168342328813342,0,6.09,1.948063463175914e-15,4.631101836548935e-16,1.2547551162906725e-15,2.8435494202761167e-16,2.3111269263518282e-15,1.1801729402165925e-15,,0.0,0.62,,6.09,0,5.5139455058184144e-15,1.299283242437873e-15,65.266,75.768,54.765
 2CXO J110552.0-585032,126,166.46704166666666,-58.84245833333333,1.03,0.85,61.7,5.18,False,False,False,False,True,3.3708296071350923e-15,7.44031891984063e-16,6.893722605336757e-16,5.208280775905712e-16,6.246594620406136e-16,1.9692436746747926e-16,2.056797884560803e-15,4.935001148735709e-16,0.932,0.894,,86.51,,,,,,,,,,1.1719312656104675,0,5.18,2.056797884560803e-15,4.935001148735709e-16,6.246594620406136e-16,1.9692436746747926e-16,6.893722605336757e-16,5.208280775905712e-16,,0.0,0.932,,5.18,0,3.3708296071350923e-15,7.44031891984063e-16,43.577,51.5,35.159
 2CXO J110552.1-585534,127,166.46737499999998,-58.926230555555556,1.37,0.93,80.8,7.23,False,False,False,False,False,8.689797827795783e-15,1.2200537702247414e-15,8.425660962078258e-16,6.365676503884758e-16,9.804338470271541e-16,2.688539851634599e-16,6.866797884560803e-15,1.005500056380022e-15,0.084,0.496,,88.43,,,,,,,,,,1.2724151681186997,0,7.23,6.866797884560803e-15,1.005500056380022e-15,9.804338470271541e-16,2.688539851634599e-16,8.425660962078258e-16,6.365676503884758e-16,,0.0,0.084,,7.23,0,8.689797827795783e-15,1.2200537702247414e-15,92.575,104.35,80.064
 2CXO J110553.0-584803,128,166.47124999999997,-58.80092222222222,1.1,0.96,52.8,6.92,False,False,False,False,False,5.111605886831404e-15,1.1660426274472031e-15,1.6547606346317591e-15,1.0401500049051676e-15,1.2067923662197162e-15,2.71698847398156e-16,2.2500528859799288e-15,4.515784678682877e-16,0.998,0.994,,85.51,,,,,,,,,,1.0455323943161163,0,6.92,2.2500528859799288e-15,4.515784678682877e-16,1.2067923662197162e-15,2.71698847398156e-16,1.6547606346317591e-15,1.0401500049051676e-15,,0.0,0.998,,6.92,0,5.111605886831404e-15,1.1660426274472031e-15,79.299,90.792,67.807
 2CXO J110553.2-585030,129,166.47175,-58.84175277777778,1.14,0.88,65.3,5.28,False,False,False,False,True,3.3709295400148975e-15,6.515423362883212e-16,5.466307126060432e-16,4.129853193950235e-16,4.650967119696573e-16,1.6107196702097646e-16,2.359202115439197e-15,4.775001187227368e-16,0.957,0.85,,86.45,,,,,,,,,,1.0835824837771002,0,5.28,2.359202115439197e-15,4.775001187227368e-16,4.650967119696573e-16,1.6107196702097646e-16,5.466307126060432e-16,4.129853193950235e-16,,0.0,0.957,,5.28,0,3.3709295400148975e-15,6.515423362883212e-16,55.249,64.551,45.947
 2CXO J110553.3-585422,130,166.47216666666665,-58.906175,0.96,0.79,76.9,11.13,False,False,False,False,False,1.4067743849865404e-14,1.5545106679093537e-15,3.2979459653046023e-15,1.1977253663773502e-15,2.564797884560803e-15,4.1250013743055615e-16,8.205e-15,9.009999999999995e-16,0.995,0.986,,87.93,1.1182285584291613e-14,1.4382185524629425e-15,4.454214990066121,0.7375504095721838,28.686309468559706,13.555296221963241,1.3211469275214961e-05,4.989588316915705e-06,0.812,0.6230447758020816,0,11.13,8.205e-15,9.009999999999995e-16,2.564797884560803e-15,4.1250013743055615e-16,3.2979459653046023e-15,1.1977253663773502e-15,,0.0,0.995,,11.13,0,1.4067743849865404e-14,1.5545106679093537e-15,200.48,218.17,182.79
 2CXO J110554.8-584859,131,166.47875,-58.81643611111111,0.79,0.75,31.3,16.09,False,False,False,False,False,2.1298899967110657e-14,1.4139276554032092e-15,7.7386823552269915e-16,5.846656857119155e-16,3.3370528859799285e-15,4.255832617035947e-16,1.718797884560803e-14,1.2150046658440295e-15,0.568,0.483,,85.79,1.5437732840224235e-14,3.197952584037987e-15,9.797162104086194,1.2993708013395637,99.3929640024436,14.543001125398682,0.0001943922513481692,7.89890792646443e-05,2.377,0.48365668280443935,0,16.09,1.718797884560803e-14,1.2150046658440295e-15,3.3370528859799285e-15,4.255832617035947e-16,7.7386823552269915e-16,5.846656857119155e-16,,0.0,0.568,,16.09,0,2.1298899967110657e-14,1.4139276554032092e-15,373.1,396.79,349.4
 2CXO J110557.1-585249,132,166.48829166666667,-58.88033611111111,1.29,1.02,72.3,5.29,False,False,False,False,False,4.362702713672608e-15,1.301867543211816e-15,1.4313989422804016e-15,1.1927500118822287e-15,9.374530008514753e-16,2.569536966307288e-16,1.993850770540731e-15,4.540719183247475e-16,0.794,0.648,,87.17,,,,,,,,,,1.308798124601549,0,5.29,1.993850770540731e-15,4.540719183247475e-16,9.374530008514753e-16,2.569536966307288e-16,1.4313989422804016e-15,1.1927500118822287e-15,,0.0,0.794,,5.29,0,4.362702713672608e-15,1.301867543211816e-15,58.694,68.807,48.581
 2CXO J110558.0-585423,133,166.49195833333332,-58.906425,1.23,1.23,0.0,6.82,False,False,False,False,False,5.184435962466351e-15,1.1570216147012056e-15,2.046e-15,1.0229999999999999e-15,1.3734359624663514e-15,3.1255242262024753e-16,1.7649999999999999e-15,4.4099999999999997e-16,1.0,1.0,,87.73,,,,,,,,,,1.3747040859756792,0,6.82,1.7649999999999999e-15,4.4099999999999997e-16,1.3734359624663514e-15,3.1255242262024753e-16,2.046e-15,1.0229999999999999e-15,,0.0,1.0,,6.82,0,5.184435962466351e-15,1.1570216147012056e-15,77.995,88.861,66.451
 2CXO J110559.1-584802,134,166.49629166666665,-58.800799999999995,2.48,1.34,49.9,5.33,False,False,False,False,True,4.522790389527742e-15,1.8142528008286445e-15,2.2440577150917335e-15,1.7386881862595456e-15,4.706797884560803e-16,1.7255000328543107e-16,1.8080528859799283e-15,4.885725254680928e-16,0.454,0.517,,85.25,,,,,,,,,,1.5585026126555712,0,5.33,1.8080528859799283e-15,4.885725254680928e-16,4.706797884560803e-16,1.7255000328543107e-16,2.2440577150917335e-15,1.7386881862595456e-15,,0.0,0.454,,5.33,0,4.522790389527742e-15,1.8142528008286445e-15,52.039,61.919,42.158
 2CXO J110559.9-585315,135,166.49975,-58.88753055555556,1.41,1.04,71.4,6.62,True,False,False,False,False,6.030116349155843e-15,1.3051566351923106e-15,1.0831591174259727e-15,8.717909621733889e-16,1.1639572317298696e-15,2.7686343322893223e-16,3.783e-15,9.309999999999997e-16,0.608,0.292,,87.22,,,,,,,,,,1.435202618891272,0,6.62,3.783e-15,9.309999999999997e-16,1.1639572317298696e-15,2.7686343322893223e-16,1.0831591174259727e-15,8.717909621733889e-16,,0.0,0.608,,6.62,0,6.030116349155843e-15,1.3051566351923106e-15,62.738,73.213,52.263
 2CXO J110601.1-585025,136,166.50487499999997,-58.84031111111111,0.88,0.88,0.0,10.16,False,False,False,False,False,9.131957782211929e-15,1.1113560074338904e-15,7.8119714758016895e-16,7.479994936864442e-16,1.0277606346317592e-15,2.531500201544935e-16,7.323e-15,7.820000000000001e-16,0.136,0.418,,86.08,6.511600841497006e-15,1.776837870463753e-15,9.787134728603352,2.844654546569276,77.63524264937408,28.478116142195365,5.824131043700183e-05,3.627215188283287e-05,3.661,0.6591291853860038,0,10.16,7.323e-15,7.820000000000001e-16,1.0277606346317592e-15,2.531500201544935e-16,7.8119714758016895e-16,7.479994936864442e-16,,0.0,0.136,,10.16,0,9.131957782211929e-15,1.1113560074338904e-15,155.95,171.48,140.41
 2CXO J110605.6-585334,137,166.52374999999995,-58.892786111111114,1.11,0.94,70.8,8.75,False,False,False,False,False,1.518213318167355e-14,2.0994865926134583e-15,1.2664253852703656e-14,2.0404001262688415e-15,1.8210423087839426e-15,3.610628090665847e-16,6.968370201859497e-16,3.3800136862846047e-16,0.877,0.842,,87.09,,,,,,,,,,1.2877569887608722,0,8.75,6.968370201859497e-16,3.3800136862846047e-16,1.8210423087839426e-15,3.610628090665847e-16,1.2664253852703656e-14,2.0404001262688415e-15,,0.0,0.877,,8.75,0,1.518213318167355e-14,2.0994865926134583e-15,119.91,133.79,106.02
 2CXO J110605.9-585032,138,166.52462499999996,-58.84238611111111,1.24,1.03,54.2,6.89,False,False,False,False,False,6.1227755814533615e-15,1.4206862841926197e-15,2.4029248109126307e-15,1.3126503443691271e-15,1.906202115439197e-15,3.5250016082298114e-16,1.813648655101534e-15,4.135725185991177e-16,0.923,0.936,,85.92,,,,,,,,,,1.2864988487018572,0,6.89,1.813648655101534e-15,4.135725185991177e-16,1.906202115439197e-15,3.5250016082298114e-16,2.4029248109126307e-15,1.3126503443691271e-15,,0.0,0.923,,6.89,0,6.1227755814533615e-15,1.4206862841926197e-15,93.428,105.24,80.881
 2CXO J110610.7-585154,139,166.5448333333333,-58.865075000000004,1.02,0.91,50.5,8.9,False,False,False,False,False,1.2495404230878395e-14,1.9385274635043107e-15,5.450202115439197e-15,1.7485000324221413e-15,2.479202115439197e-15,4.2350013386093244e-16,4.5660000000000004e-15,7.219999999999999e-16,1.0,1.0,,86.24,,,,,,,,,,0.8927229911950483,0,8.9,4.5660000000000004e-15,7.219999999999999e-16,2.479202115439197e-15,4.2350013386093244e-16,5.450202115439197e-15,1.7485000324221413e-15,,0.0,1.0,,8.9,0,1.2495404230878395e-14,1.9385274635043107e-15,148.07,163.8,132.34
 2CXO J110614.8-585237,140,166.56191666666666,-58.877116666666666,1.79,1.43,21.9,5.47,False,False,False,False,True,6.353638077905548e-15,1.766373328374767e-15,3.137e-15,1.6289999999999998e-15,1.3096380779055483e-15,2.9906142378072255e-16,1.907e-15,6.140000000000001e-16,0.85,0.474,,86.34,,,,,,,,,,2.053915416825947,0,5.47,1.907e-15,6.140000000000001e-16,1.3096380779055483e-15,2.9906142378072255e-16,3.137e-15,1.6289999999999998e-15,,0.0,0.85,,5.47,0,6.353638077905548e-15,1.766373328374767e-15,74.631,86.264,62.272
 2CXO J110621.8-585133,141,166.5908333333333,-58.85927222222222,2.07,1.24,62.1,6.96,True,False,False,False,False,1.5831702782144853e-14,2.6569034414802908e-15,1.365797884560803e-14,2.6050021762030775e-15,1.799e-15,3.81e-16,3.747239365368241e-16,3.576850001426426e-16,0.001,0.001,,85.64,,,,,,,,,,1.9980446569294146,0,6.96,3.747239365368241e-16,3.576850001426426e-16,1.799e-15,3.81e-16,1.365797884560803e-14,2.6050021762030775e-15,,0.0,0.001,,6.96,0,1.5831702782144853e-14,2.6569034414802908e-15,116.57,131.27,101.87
 2CXO J110622.2-584951,142,166.59283333333332,-58.830869444444446,2.87,1.85,45.7,5.76,False,False,False,False,False,6.418896741693674e-15,1.3509228218772706e-15,1.2829983737710076e-15,9.693189221824519e-16,1.3263989422804014e-15,3.3675004208619916e-16,3.8094994256422655e-15,8.786425364861642e-16,0.599,0.78,,84.97,,,,,,,,,,2.429398733718835,0,5.76,3.8094994256422655e-15,8.786425364861642e-16,1.3263989422804014e-15,3.3675004208619916e-16,1.2829983737710076e-15,9.693189221824519e-16,,0.0,0.599,,5.76,0,6.418896741693674e-15,1.3509228218772706e-15,81.526,94.949,68.103
 2CXO J110727.7-590452,144,166.86566666666667,-59.081361111111114,0.73,0.72,76.5,11.07,False,False,False,False,False,1.8268306738683585e-13,1.8515887451344702e-14,4.95316923513577e-14,1.314276087227051e-14,3.629797884560803e-14,6.595000859592268e-15,9.685339618987012e-14,1.1252194827106255e-14,0.683,0.36,,87.8,1.463616923513577e-13,1.7002134082099365e-14,3.838055183410867,0.580102274834331,28.65172681282179,10.39228255393546,0.00015071995837583307,4.8748499550838244e-05,1.776,0.2393466678506952,0,11.07,9.685339618987012e-14,1.1252194827106255e-14,3.629797884560803e-14,6.595000859592268e-15,4.95316923513577e-14,1.314276087227051e-14,,0.0,0.683,,11.07,0,1.8268306738683585e-13,1.8515887451344702e-14,177.31,192.98,160.66
