name,ra,dec,PU_X,significance,F_b,HR_hms,P_inter,P_intra,G,J,W1,cp_counts,CSC_flags,Class,Class_prob,Class_prob_e,conf_flag,CT,P_AGN,P_CV,P_HM-STAR,P_LM-STAR,P_HMXB,P_LMXB,P_NS,P_YSO,e_P_AGN,e_P_CV,e_P_HM-STAR,e_P_LM-STAR,e_P_HMXB,e_P_LMXB,e_P_NS,e_P_YSO
 2CXO J110355.5-584754,165.98162499999998,-58.798366666666666,2.339643110037932,6.05,8.799224327550767e-15,-0.3953287119877733,,0.473,10.676302,10.019,9.643,9,,LM-STAR,0.88405,0.08711766173966667,1,4.617774615134316,5e-05,0.00151,0.105985,0.88405,0.00016,0.0005899999999999999,1e-05,0.007645000000000001,0.0007056897321046961,0.004673514923667383,0.0813758367195189,0.08711766173966667,0.001405836539707364,0.003400509294717991,0.0003162277660168379,0.011162597304327457
 2CXO J110414.8-585305,166.06174999999996,-58.884927777777776,0.6238999991864482,12.15,1.8358546195047692e-14,-0.9207390483724236,,0.987,12.473644,11.48,11.032,9,,LM-STAR,0.98469,0.02035972540135102,1,30.473996877327725,5.9999999999999995e-05,0.00195,0.00594,0.98469,0.0001,0.0,0.0,0.00726,0.000772655807586403,0.00466038831206362,0.010374199922115634,0.02035972540135102,0.0009954853042566675,0.0,0.0,0.011714505095377676
 2CXO J110415.1-584545,166.0629583333333,-58.76266111111112,1.458537871947992,8.01,9.1977616707291e-15,-0.7353549244044865,,0.81,15.649481,13.639,12.726,9,conf,LM-STAR,0.7144400000000001,0.11475214357237283,1,2.135019085053118,0.00046,0.02137,0.0034,0.7144400000000001,0.00122,0.00484,0.00020999999999999998,0.25406,0.00227894571975587,0.031474016485248814,0.007272750022714441,0.11475214357237283,0.003940447579543109,0.010270339813262266,0.001630508680920945,0.10088058927907427
 2CXO J110418.5-584728,166.0774583333333,-58.79137222222222,1.1179787291326102,7.26,4.919632780293888e-15,-0.723184751952771,,1.0,14.955913,13.296,12.555,9,,LM-STAR,0.79791,0.12302954185141134,1,2.772988342350781,0.00022,0.00423,0.02973,0.79791,0.0012900000000000001,0.00521,7.000000000000001e-05,0.16134,0.001534260067248689,0.009586396559656752,0.025664874552309546,0.12302954185141134,0.003853667182146213,0.010112277594991061,0.000946570650292938,0.1065314664939582
 2CXO J110420.3-585010,166.084625,-58.836194444444445,0.7163730138231972,9.34,9.498573466014164e-15,0.05504964310647075,,1.0,16.600018,,,3,,CV,0.50088,0.09721845003407023,0,1.6247734698720908,0.0034100000000000003,0.50088,0.03825,0.013035,0.0005600000000000001,0.242035,0.001075,0.200755,0.006396312438648759,0.09721845003407023,0.03200565359216808,0.012879427574805284,0.0024274044352543085,0.06209298925252607,0.0035471054335834114,0.07502822275123681
 2CXO J110423.1-585445,166.09645833333332,-58.91271666666667,0.5515291788852119,16.52,4.141206346317591e-14,0.5183981367147672,,0.963,,,,1,,AGN,0.48036,0.07591530500191336,0,0.1846843054144493,0.48036,0.0209,0.0058674999999999995,0.002255,0.0,0.4525025,0.03426,0.003855,0.07591530500191336,0.018994757192467637,0.008522107724622481,0.005183323435966721,0.0,0.0749231754931408,0.021272162675781338,0.006473475178053976
 2CXO J110423.6-584935,166.09854166666665,-58.82648888888889,1.0159745315251338,5.68,2.547305610689008e-15,-0.5392900100354532,,1.0,19.613007,,,3,,LMXB,0.48488,0.08166918302184399,0,1.8588773216021597,0.0248,0.106965,0.04771,0.106325,0.0009400000000000001,0.48488,0.05869,0.16969,0.022842543242419005,0.0603523502539974,0.02565860994411555,0.08094610334442696,0.00302084847775017,0.08166918302184399,0.05783968645600812,0.08789015063463357
 2CXO J110424.3-584835,166.1015,-58.80980833333333,1.0579076198877675,5.7,3.321806983288687e-15,-0.6702590094546196,,0.458,13.287255,12.188,11.363,9,,LM-STAR,0.94384,0.0548932388156107,1,10.140067470130665,0.00015,0.00354,0.02662,0.94384,0.00022,5.9999999999999995e-05,0.0,0.02557,0.0012161327966052798,0.007995769652280656,0.03556178061121574,0.0548932388156107,0.0016596247631179627,0.0007726558075864028,0.0,0.025046005717527145
 2CXO J110424.9-585059,166.10412499999998,-58.84981944444445,1.0097232228477109,5.58,2.4525839044629275e-15,-0.7180932327159651,,1.0,19.378048,16.06,,6,,LM-STAR,0.33648,0.10372062267248283,0,0.20499403962829255,0.011439999999999999,0.191805,0.013689999999999999,0.33648,0.009290000000000001,0.130835,0.009625,0.29683499999999996,0.014638671069830442,0.06737363120079831,0.014652596991612046,0.10372062267248283,0.012781207269239448,0.06551732820632487,0.015821969210869723,0.08967524421167988
 2CXO J110428.3-585400,166.118125,-58.90016388888889,0.726085435174431,8.77,1.3162180961047223e-14,0.634437804543087,,0.419,,,,0,,AGN,0.614005,0.2877740413481972,0,0.6301389388569573,0.614005,0.00086,0.03056333333333333,2e-05,0.0,0.07039,0.2811666666666667,0.0029950000000000003,0.2877740413481972,0.003531695467176195,0.03066296328337035,0.00044698970882985637,0.0,0.09038593650296219,0.2404242857335836,0.005795564128155565
 2CXO J110429.5-584406,166.1232083333333,-58.735194444444446,1.3429952897459532,7.49,1.4567328237690196e-14,0.8167000128514705,,0.897,,,,0,extent,NS,0.515865,0.14622913435678517,0,0.8318969830419332,0.17684,0.0147,0.013378333333333334,0.00029,0.00025,0.25780000000000003,0.515865,0.020876666666666665,0.1488120682400326,0.03792226388413669,0.02819488002444641,0.0018491401567537601,0.0015620307103062791,0.16398355454653762,0.14622913435678517,0.020952284638313265
 2CXO J110430.1-585147,166.12579166666666,-58.86307222222222,0.3826216805274667,15.53,2.2539924810912643e-14,-0.5078954303064115,,1.0,9.837023,9.589,9.445,9,,LM-STAR,0.51491,0.1100158870136281,0,0.42513206457518216,0.0,0.00047000000000000004,0.42256,0.51491,2.9999999999999997e-05,0.00035999999999999997,0.0,0.06167,0.0,0.0022099737518767003,0.10721072959615817,0.1100158870136281,0.0005471740119919801,0.0018638331132035063,0.0,0.03794141076252505
 2CXO J110430.3-584948,166.12645833333332,-58.83013611111112,0.6371760926505086,7.81,4.936343642195254e-15,-0.8238906704541074,,0.941,16.835651,14.388,13.103,8,,YSO,0.50746,0.1468036092870326,0,0.20759463425705493,0.0006,0.03579,0.0057599999999999995,0.44548000000000004,0.00283,0.00199,8.999999999999999e-05,0.50746,0.0024588708884457603,0.036890877420262536,0.00798035626310543,0.15175902082051143,0.005632301734000306,0.004728875369711309,0.0011371865252425362,0.1468036092870326
 2CXO J110431.6-585501,166.13204166666665,-58.91701666666666,0.885057783472197,7.63,7.0789648132519656e-15,-0.8530685854638681,,0.719,15.49906,13.686,12.59,8,conf,LM-STAR,0.6928300000000001,0.13625585035790846,0,1.5165116990254552,0.00049,0.0087,0.009519999999999999,0.6928300000000001,0.00102,0.00213,7.000000000000001e-05,0.28524,0.002250547703330228,0.012824760211188144,0.012046356906331254,0.13625585035790846,0.0038954813277404846,0.004978743605357469,0.000834143750078963,0.13251227075973712
 2CXO J110432.8-584405,166.13679166666662,-58.73486666666667,1.6335814582444652,7.32,3.312941480807438e-15,-0.35549657975884313,,0.999,16.05,13.812,12.836,9,,YSO,0.679475,0.14962632593368191,1,2.018862248179588,0.002085,0.014870000000000001,0.14434,0.08979999999999999,0.03503,0.03404,0.00035999999999999997,0.679475,0.004909366239839606,0.013666377349900376,0.1154412885023859,0.05463464967348964,0.03749406492906452,0.031107009596649537,0.0025449708990235784,0.14962632593368191
 2CXO J110433.5-585034,166.13991666666664,-58.84295555555556,0.4613102588964903,10.08,9.397116349155844e-15,-0.29673777745832164,,1.0,18.200813,15.227,,6,,YSO,0.325635,0.0716802611242093,0,0.4612560634875905,0.0024100000000000002,0.21656,0.004615,0.249395,0.00423,0.190725,0.00643,0.325635,0.005006692218118364,0.06971819724452878,0.007153876777870366,0.0936075389396941,0.006726986870237843,0.06494549478056422,0.008259741117209628,0.0716802611242093
 2CXO J110434.8-584908,166.14516666666665,-58.81900555555556,0.7307320155510949,6.79,5.984783282353841e-15,0.637820375033669,,0.497,,,,0,,AGN,0.86882,0.13504608489343575,1,3.1798281472318095,0.86882,0.00026000000000000003,0.013529999999999999,1e-05,0.0,0.02529,0.08764,0.00445,0.13504608489343575,0.002736766319927571,0.016760668841666798,0.00031622776601683783,0.0,0.06282565529274615,0.11062127945141227,0.007556758869026101
 2CXO J110435.5-584824,166.14804166666664,-58.806925,0.3399603332787462,20.68,3.3573276155811104e-14,-0.7378988059347164,,0.998,12.34267,11.39,10.896,8,extent,LM-STAR,0.9895900000000001,0.012102825222995633,1,48.45953017279431,0.0,8.999999999999999e-05,0.00434,0.9895900000000001,1e-05,0.00016,0.0,0.005810000000000001,0.0,0.0010454630519501837,0.00777334064767683,0.012102825222995633,0.0003162277660168379,0.0013327325974013603,0.0,0.008198238293140241
 2CXO J110435.9-584520,166.14966666666663,-58.75575833333333,0.8365731432672509,9.37,1.1078062314460444e-14,-0.23409505558796062,,0.997,7.413162,6.006,5.362,9,,LM-STAR,0.8030700000000001,0.09869455768032864,1,3.7826897278879916,5e-05,0.01733,0.13194999999999998,0.8030700000000001,0.005215,0.00128,1e-05,0.041095,0.0007056897321046963,0.02136416456423062,0.07872417033538676,0.09869455768032864,0.01117379204337671,0.004046971457519556,0.00031622776601683794,0.033353236925573106
 2CXO J110436.0-585108,166.1502083333333,-58.85226111111111,0.6133245441838894,6.23,3.580250397543581e-15,-0.7858788070953461,,0.13,15.48399,,,3,,YSO,0.326115,0.08164709439424665,0,0.5082885561074214,0.00512,0.14291,0.246985,0.20067500000000002,0.00031,0.07317,0.004715,0.326115,0.008040537932890455,0.05161633603953449,0.0740321925957927,0.06357130394828854,0.0017908397770618975,0.03460127668668234,0.007704098138531737,0.08164709439424665
 2CXO J110436.7-584757,166.15312499999996,-58.79936388888888,0.9513745767575762,5.35,2.23112021154392e-15,-0.6161388262915746,,0.351,13.437493,12.284,11.628,9,,LM-STAR,0.96409,0.05455958805424258,1,10.260953831758078,2e-05,0.00063,0.01914,0.96409,0.0002,0.00043,1e-05,0.01548,0.00044698970882985637,0.003051624552990162,0.037532240395013315,0.05455958805424258,0.0019909706085133355,0.005398540936609099,0.00031622776601683783,0.024185833757688714
 2CXO J110437.6-585539,166.1567083333333,-58.92762777777777,1.03350758584376,6.41,3.985558519192562e-15,-0.4441127238266312,,0.482,16.984093,14.699,,6,conf,YSO,0.296785,0.0751913726269013,0,0.11136458961215392,0.02244,0.249955,0.075855,0.06595000000000001,0.00373,0.278665,0.00662,0.296785,0.017288588585980497,0.10536139710064117,0.0484271531701396,0.03617466110561515,0.006247089412368457,0.0875174387026784,0.009241807778298087,0.0751913726269013
 2CXO J110438.6-584929,166.16108333333332,-58.824938888888894,0.5582291412212125,6.99,4.849231386522633e-15,-0.7135003291461062,,0.906,9.729494,9.45,9.23,9,,LM-STAR,0.7516799999999999,0.09804688057654252,1,3.120296531409179,2e-05,7.000000000000001e-05,0.17535,0.7516799999999999,1e-05,7.000000000000001e-05,1e-05,0.07279000000000001,0.0004469897088298562,0.0009465706502929383,0.08665671864827842,0.09804688057654252,0.000316227766016838,0.0009465706502929386,0.000316227766016838,0.04349031279845329
 2CXO J110439.4-584939,166.1645833333333,-58.82757777777778,0.4608246678921371,8.9,5.7967809610472256e-15,-0.9972471460758499,,,12.228724,11.408,11.061,8,,LM-STAR,0.9808199999999999,0.019049684787168803,1,28.999533049604786,0.0,4e-05,0.01082,0.9808199999999999,2e-05,2.9999999999999997e-05,0.0,0.00827,0.0,0.0006315051850925681,0.01439912965893895,0.019049684787168803,0.0006324555320336758,0.0005471740119919801,0.0,0.011482113870665937
 2CXO J110439.4-585550,166.16416666666663,-58.93077222222222,1.1074268897487936,5.29,3.414889652547108e-15,-0.6791184530959875,,0.966,17.768503,15.094,,6,,YSO,0.56248,0.15076132985145282,0,0.6839601663074292,0.00298,0.049049999999999996,0.005719999999999999,0.36789,0.00249,0.00872,0.00067,0.56248,0.006321357414318506,0.03917310342610135,0.009239424601508847,0.13374354277958705,0.006674162452656092,0.016895178218860177,0.003558618237991226,0.15076132985145282
 2CXO J110439.8-584701,166.16583333333332,-58.78373055555555,0.4059727751277553,15.25,3.6311727500709565e-14,0.730570378365283,,0.089,20.023836,,,3,extent,CV,0.361005,0.08454089032614417,0,0.95374709296948,0.125125,0.361005,0.050925000000000005,0.004810000000000001,0.01191,0.218075,0.14909999999999998,0.07905,0.04070953993404547,0.08454089032614417,0.025479768319072175,0.007511346105746985,0.011789439803947033,0.06532064115699693,0.06917025751379366,0.03641048232615471
 2CXO J110440.0-584921,166.1668333333333,-58.82261666666667,0.732956921516123,5.35,2.6480692067532613e-15,-0.7165293894551605,,0.947,11.92439,11.075,10.667,9,,LM-STAR,0.98241,0.05032518777435937,1,10.120446784460533,0.0,8e-05,0.015280000000000002,0.98241,3e-05,8.999999999999999e-05,0.0,0.00211,0.0,0.0008912880535463235,0.0452367988253807,0.05032518777435937,0.0007068235986436781,0.0009448771310560928,0.0,0.008984911164203493
 2CXO J110441.2-585647,166.1717083333333,-58.946527777777774,1.0363332509603331,7.72,9.899015200440372e-15,-0.3527447820741562,,0.984,12.252909,11.322,10.82,9,conf,LM-STAR,0.93261,0.060296961976733336,1,9.824718341192769,0.00011,0.00547,0.02434,0.93261,0.00075,0.00507,0.0,0.031650000000000005,0.001043546352103724,0.010634481284585169,0.02672599256676317,0.060296961976733336,0.0027101374217638544,0.011221453605528165,0.0,0.03140643029482761
 2CXO J110441.4-584352,166.1725,-58.73130833333334,0.7202982690029921,12.6,2.7655449296579462e-14,0.8115778725097974,,0.651,,,,0,extent,NS,0.7692583333333334,0.13345197189927088,1,2.3961695333242745,0.19173833333333334,0.0006850000000000001,0.025101666666666668,0.0,0.0,0.009300000000000001,0.7692583333333334,0.003916666666666666,0.10756603286552135,0.006340029256318214,0.037981596991745574,0.0,0.0,0.04063571411038892,0.13345197189927088,0.007239238443365891
 2CXO J110442.5-584742,166.17737499999998,-58.79503333333333,0.8125187966428894,5.33,2.4080090599902e-15,-0.37151691428466366,,0.482,18.699642,15.687,14.744,8,conf,YSO,0.36607,0.1087763181367498,0,0.2331210511744103,0.0056749999999999995,0.303565,0.00937,0.254415,0.0072,0.048310000000000006,0.0053950000000000005,0.36607,0.008048860736722877,0.1593461859662225,0.012444193744793513,0.17711946273371285,0.011510538323314536,0.03913534815835263,0.008893709747516671,0.1087763181367498
 2CXO J110442.7-585411,166.17812499999997,-58.90315555555556,0.8027476563020877,5.41,2.953421131417662e-15,-0.6688477965507851,,1.0,18.635086,15.461,,6,,LM-STAR,0.39182,0.11594106231154658,0,0.01914264807700101,0.00418,0.15538,0.0092,0.39182,0.00262,0.047689999999999996,0.002,0.38711,0.007292515394620758,0.07285165037912984,0.012357698520060792,0.11594106231154658,0.005811141830085492,0.04916890767020843,0.006052820552158853,0.1301064009784898
 2CXO J110443.6-585132,166.18187499999996,-58.85905,0.5092495582383886,6.31,4.356075811196456e-15,-0.10227148573429616,,1.0,19.874487,,15.27,5,,LMXB,0.326245,0.06702363122169776,0,0.455326685953972,0.035875,0.26400999999999997,0.01914,0.044774999999999995,0.002,0.326245,0.04079,0.26716500000000004,0.021881228556988364,0.0639089528489887,0.015181926455193067,0.025099888035196062,0.004562983762936352,0.06702363122169776,0.027903485526086243,0.06272936112975919
 2CXO J110443.6-585425,166.18175,-58.90718611111111,0.4123049589677731,11.7,1.3882797884560804e-14,0.003514989195014573,,1.0,11.441487,9.436,7.195,9,,HM-STAR,0.46578,0.1044092567394907,0,0.4342393152330754,0.00122,0.03507,0.46578,0.075155,0.041,0.00209,0.0,0.379685,0.003784960491990096,0.02378151930934314,0.1044092567394907,0.034363233357860914,0.027831179899073178,0.004749153024956604,0.0,0.09385699180087706
 2CXO J110444.6-584941,166.18595833333333,-58.82809166666667,0.5038986886624818,6.32,3.548233660528579e-15,-0.8962008851435854,,0.987,12.195616,11.373,11.032,9,,LM-STAR,0.98288,0.025607837889235433,1,22.15472725156992,0.0001,0.0010400000000000001,0.01131,0.98288,0.00013000000000000002,0.0,0.0,0.00454,0.0010914170564872035,0.003539905497457654,0.018246008243361523,0.025607837889235433,0.0012184353017639408,0.0,0.0,0.009384906844315314
 2CXO J110445.0-585009,166.18749999999997,-58.83593333333334,0.3444728539707676,10.54,1.1997840193344748e-14,0.34654200329182455,,1.0,,,,0,,LMXB,0.6244550000000001,0.11108585887971086,1,2.5081303944205486,0.16653666666666667,0.03564,0.0005600000000000001,0.10694333333333333,0.0,0.6244550000000001,0.060215000000000005,0.0056500000000000005,0.07148771638256174,0.04789555704221827,0.0024985280952277977,0.08210933671946113,0.0,0.11108585887971086,0.040198192368185774,0.007634512806052902
 2CXO J110445.4-584807,166.18937499999998,-58.80219444444444,0.7926025112693096,5.03,4.4806572661462656e-15,0.8045557356534624,,0.833,,,,0,,AGN,0.8312425,0.2036089242587068,1,2.3633422040300243,0.8312425,0.0011,0.004485,8e-05,1e-05,0.064295,0.08494,0.0138475,0.2036089242587068,0.0040689748778478035,0.008513651229481816,0.0008912880535463237,0.0003162277660168378,0.12090925118460558,0.09876031591687015,0.026952818928605557
 2CXO J110448.4-584833,166.20174999999998,-58.80921111111111,0.5777172497340696,5.72,2.588486407761284e-15,-0.8225749411621079,,0.933,17.351162,14.8,,6,,LM-STAR,0.537535,0.1633460458832895,0,0.34598430059617324,0.00107,0.022740000000000003,0.00709,0.537535,0.00117,0.00439,0.00037,0.425635,0.004046167504129243,0.02008222337530622,0.011223094843128513,0.1633460458832895,0.003917454077133061,0.00717491319664422,0.0022289163438918166,0.16007903383039296
 2CXO J110449.9-585549,166.20829166666664,-58.93033888888888,0.7348058507638847,8.02,1.469396308126156e-14,0.7683481416882033,,0.179,17.81862,15.677,,6,,CV,0.45666500000000004,0.06494128228750298,1,2.6627916715433737,0.07397,0.45666500000000004,0.05036,0.0228,0.09961,0.10507999999999999,0.030760000000000003,0.160755,0.027953899916121187,0.06494128228750298,0.02407176457698627,0.01856622483717961,0.03594774179472391,0.03588427624017627,0.023980146943825168,0.046186449995243864
 2CXO J110450.0-585559,166.20837499999996,-58.93306944444444,0.444917697326292,15.45,2.2109617153256668e-14,-0.8842460003917204,,0.85,11.698784,10.794,10.182,9,,LM-STAR,0.99388,0.010698600845907845,1,50.2017812012511,4e-05,0.0005200000000000001,0.00412,0.99388,0.00013000000000000002,2.9999999999999997e-05,0.0,0.00128,0.0006315051850925684,0.002436295453251828,0.009017034263376557,0.010698600845907845,0.0011333068359382576,0.0005471740119919801,0.0,0.003629707257448563
 2CXO J110450.7-584543,166.21162499999997,-58.76208611111111,0.4695342408382539,11.36,1.3267339618987012e-14,-0.43121415266282287,,0.997,16.458715,14.099,,6,,LM-STAR,0.414385,0.11141593371365376,0,0.5066124321990539,0.0009400000000000001,0.16352,0.004655,0.414385,0.00256,0.102385,0.0016,0.309955,0.003086409876527408,0.0792444905926544,0.007328689151866429,0.11141593371365376,0.005628328177894221,0.06425313408885393,0.004202101576313646,0.09471797331800048
 2CXO J110451.8-585147,166.21616666666662,-58.86320555555556,0.2892868701823789,10.17,8.100776615297285e-15,-0.786297084943302,,0.991,13.696711,12.344,11.751,9,,LM-STAR,0.99398,0.009841567784477038,1,57.92174865780797,0.0,0.00011,0.0011700000000000002,0.99398,4e-05,0.00017,0.0,0.00453,0.0,0.0011354246734985062,0.00481188676656613,0.009841567784477038,0.0007739502561528085,0.001293357171384909,0.0,0.007240962058423694
 2CXO J110453.3-584900,166.22241666666665,-58.81691944444445,0.3867120695782107,7.79,8.486358289449471e-15,0.6365087975682148,,0.52,,,,0,,AGN,0.43765666666666664,0.28000806928249017,0,0.07258787619602855,0.43765666666666664,0.0008150000000000001,0.011005000000000001,0.0,0.0,0.14784916666666667,0.39983416666666666,0.0028399999999999996,0.28000806928249017,0.004469983865267944,0.014994659543144507,0.0,0.0,0.12979167470439915,0.24105001895607073,0.006270863076461144
 2CXO J110454.3-584918,166.226375,-58.821783333333336,0.507643721081158,5.09,1.853087974521157e-15,-0.7520332222913264,,0.141,18.008957,15.346,14.252,8,,YSO,0.57252,0.15832535020178073,0,0.8005330876545272,0.00265,0.07459,0.01662,0.31711,0.00762,0.00809,0.0008,0.57252,0.00557750917602191,0.057268766457918514,0.015862762282377783,0.16072454784593507,0.010365473604377324,0.012450176982955178,0.005252388750615058,0.15832535020178073
 2CXO J110454.4-584312,166.22679166666663,-58.72005277777778,1.3176183054527368,7.06,5.189704202495883e-15,-0.8407214799266925,,0.146,13.888062,12.526,,7,,LM-STAR,0.875955,0.053218372487047846,1,8.184513568272221,2.9999999999999997e-05,0.00235,0.08746999999999999,0.875955,5e-05,0.0016500000000000002,5e-05,0.032445,0.00054717401199198,0.004960050614873007,0.04312027897009085,0.053218372487047846,0.0007056897321046961,0.0040735849192196924,0.0008355825501996778,0.023605172720808035
 2CXO J110454.9-584712,166.22912499999998,-58.786858333333335,0.7138124568957719,5.73,2.341579003724094e-15,-0.7836260509237474,,0.262,13.414476,12.329,11.677,8,,LM-STAR,0.95901,0.049162351823695674,1,10.831782558649211,0.0,5e-05,0.024820000000000002,0.95901,2.9999999999999997e-05,4e-05,0.0,0.016050000000000002,0.0,0.0007056897321046959,0.03708291712827812,0.049162351823695674,0.00054717401199198,0.0006315051850925681,0.0,0.020931689746306558
 2CXO J110455.3-585516,166.23079166666665,-58.92136666666666,0.7835699870193112,6.01,3.841653828827981e-15,-0.3043416065544336,,1.0,18.923538,16.163,,6,,LM-STAR,0.418315,0.12913815252448613,0,0.08946349874060149,0.00853,0.06737,0.0028599999999999997,0.418315,0.00441,0.09621,0.00497,0.397335,0.010121340896419875,0.0387748189755489,0.005481829115400301,0.12913815252448613,0.007355678487128566,0.06953395480533858,0.00899332974931866,0.10537089636517666
 2CXO J110455.7-585534,166.23220833333332,-58.926141666666666,0.8647638056741389,5.47,3.755786125760005e-15,-0.6157359484126159,,0.431,10.919867,10.312,9.996,9,,LM-STAR,0.8666200000000001,0.0831943321200242,1,4.610373210367316,1e-05,0.00011999999999999999,0.11955500000000001,0.8666200000000001,2e-05,4e-05,0.0,0.013635,0.00031622776601683794,0.0010893974420691406,0.07884569499103052,0.0831943321200242,0.0004469897088298562,0.0006315051850925683,0.0,0.0150045630363537
 2CXO J110456.3-585015,166.23479166666664,-58.83753055555556,0.2504160744521957,12.68,1.2552797884560804e-14,-0.5209036220206441,,1.0,16.743721,13.182,12.293,7,,YSO,0.52161,0.06411917941746582,1,2.2810458261024658,0.007135,0.07251,0.06149,0.24142000000000002,0.0046749999999999995,0.08108,0.01008,0.52161,0.008845621516887324,0.03059552231922158,0.025922034099426908,0.05871482803373465,0.007191738044179317,0.03338484908080533,0.012146651437377351,0.06411917941746582
 2CXO J110457.9-584742,166.24166666666665,-58.79505,0.699294905716263,5.03,1.796834395706479e-15,-0.7382768488510001,,0.592,8.389723,8.21,8.136,9,,LM-STAR,0.8307899999999999,0.1107209782969562,1,3.6802807989230732,5.9999999999999995e-05,0.00025,0.12215999999999999,0.8307899999999999,4e-05,0.00015,1e-05,0.04654,0.0007726558075864029,0.0016248508055018908,0.08182682952449041,0.1107209782969562,0.0007739502561528086,0.0012161327966052798,0.0003162277660168379,0.048159607014050164
 2CXO J110458.3-585053,166.24295833333332,-58.84810555555556,0.3491237514272164,6.37,6.374110669093223e-15,0.7789246066029683,,0.013,,,,0,,AGN,0.886265,0.1086044183939801,1,4.455649503999059,0.886265,0.00025,0.01638166666666667,1e-05,0.0,0.01773,0.07389333333333332,0.00547,0.1086044183939801,0.0015620307103062785,0.01854510796309087,0.0003162277660168379,0.0,0.05845651601202609,0.07371954266658858,0.01254138694030235
 2CXO J110458.5-584450,166.24379166666665,-58.74739722222223,0.9593460524149386,6.91,4.451141734426208e-15,-0.6955982377219718,,0.98,12.841857,11.881,11.377,9,conf,LM-STAR,0.98502,0.02651230850949239,1,23.424031374247622,0.0,0.00039,0.00779,0.98502,8e-05,0.00031,0.0,0.00641,0.0,0.0022700337118758945,0.015206812524232253,0.02651230850949239,0.0008912880535463234,0.0019513348527886514,0.0,0.013630762916935261
 2CXO J110458.9-584120,166.24545833333332,-58.689030555555554,2.157491694892656,6.31,1.1702215980665524e-14,0.6229386705036632,,0.141,19.482607,,,3,extent,CV,0.398515,0.10259286071686505,0,0.7741263985174991,0.075855,0.398515,0.04901,0.0032749999999999997,0.009380000000000001,0.252985,0.09575,0.11523,0.053838113985516925,0.10259286071686505,0.03031235290667384,0.0061103773788295365,0.010813534691881854,0.08539969486410874,0.06811884965028173,0.052598609427566737
 2CXO J110500.7-584942,166.2530833333333,-58.82859444444445,0.3571553143276458,6.81,4.334620211543919e-15,-0.7507877575500261,,0.827,16.62671,14.411,13.573,8,,YSO,0.58514,0.18040988921932244,0,0.5337846672711193,0.00114,0.015450000000000002,0.00307,0.39262,0.00088,0.00151,0.00019,0.58514,0.004014538144857578,0.01942613895952757,0.0068645627844912465,0.18025989356822894,0.003071650213653085,0.003979413994011646,0.0015704669262249257,0.18040988921932244
 2CXO J110506.2-584441,166.27612499999998,-58.744925,0.8481492269455263,7.84,7.33468544554439e-15,-0.274699690760847,,0.921,13.399471,12.404,11.705,9,,LM-STAR,0.77539,0.09893247967950436,1,4.648246630521137,0.00058,0.057390000000000004,0.09194,0.77539,0.00156,0.00671,2.9999999999999997e-05,0.0664,0.0023386040855752103,0.04216474553185121,0.048101456840205475,0.09893247967950436,0.004169386499688388,0.011207207569305629,0.0005471740119919801,0.036079658281942505
 2CXO J110506.3-584209,166.27645833333332,-58.702625000000005,1.3683431482047317,9.25,1.2520089400731072e-14,-0.8146544735242989,,0.798,13.102275,11.93,11.497,9,,LM-STAR,0.99607,0.00786873668494612,1,75.45088321264797,0.0,0.00017,0.00133,0.99607,1e-05,0.00016,0.0,0.0022600000000000003,0.0,0.001293357171384909,0.004189110722891992,0.00786873668494612,0.00031622776601683794,0.001332732597401361,0.0,0.005302878512706144
 2CXO J110507.1-584543,166.27983333333333,-58.762,0.6912166682774322,7.73,5.454412577763636e-15,-0.703953144480789,,0.253,16.425606,14.208,13.349,9,,YSO,0.74471,0.11858489903136182,1,2.466538203276788,0.00181,0.03427,0.0149,0.19682,0.00232,0.004900000000000001,0.00027,0.74471,0.004454631718082173,0.03253499078877424,0.016335753942100652,0.10354423696666563,0.005276878380770722,0.009627184566771458,0.0017407268970548288,0.11858489903136182
 2CXO J110507.7-585206,166.28225,-58.86855833333333,0.2590117851176178,10.82,1.9667099999999998e-14,0.7887741456544177,,0.827,,,,0,,NS,0.5892050000000001,0.1743557940474533,0,0.831761468284797,0.31505333333333335,0.003915,0.060991666666666666,2e-05,1e-05,0.028245,0.5892050000000001,0.00256,0.1552479170164939,0.010148929784749511,0.06379991138380578,0.0004469897088298562,0.000316227766016838,0.04123888481300896,0.1743557940474533,0.005663786584828074
 2CXO J110507.9-584732,166.28304166666666,-58.79230277777778,0.6565800365952961,5.09,2.037156174010271e-15,-0.796420539450732,,0.681,18.672127,15.962,14.68,8,,CV,0.292345,0.07616118763190019,0,0.40957007949909735,0.0272,0.292345,0.045965000000000006,0.19525499999999998,0.00796,0.148545,0.045235,0.237495,0.01715821681890062,0.07616118763190019,0.03017373409489169,0.07501791561129016,0.00939822997839097,0.054474539469833536,0.02285152001436593,0.05775972784874564
 2CXO J110508.3-585823,166.28470833333333,-58.973127777777776,1.2216727025855758,5.52,8.188466545338841e-15,-0.25428345181778483,,1.0,17.84159,15.228,13.86033646420931,8,extent|conf,YSO,0.50803,0.12444559375809895,0,0.8668360984136982,0.00147,0.296445,0.00231,0.067085,0.00447,0.11626,0.00393,0.50803,0.0038149251176993813,0.11964322578598612,0.00507835501808309,0.05971258969738597,0.007847335897021404,0.0841111591115417,0.007881447659993511,0.12444559375809895
 2CXO J110510.3-585029,166.29324999999997,-58.84151111111111,0.2747060542821524,8.18,5.8733836747198346e-15,-0.6515275586660576,,0.262,15.494361,13.681,12.933,8,,LM-STAR,0.83531,0.113949499289766,1,3.095850770418082,0.00031,0.0071200000000000005,0.00277,0.83531,0.00051,0.0016799999999999999,5.9999999999999995e-05,0.15224000000000001,0.0018993439676655483,0.012002068557113386,0.0055729846723419395,0.113949499289766,0.0022902281862611745,0.00440420219756053,0.0007726558075864026,0.10669098071236087
 2CXO J110510.9-584447,166.29583333333332,-58.746544444444446,1.1958574437604823,5.09,3.2966030970249336e-15,-0.6665762487592196,,0.771,15.961198,13.769,12.389,9,,LM-STAR,0.6523300000000001,0.17225255307844362,0,1.0217420140841615,0.00145,0.02007,0.01085,0.6523300000000001,0.004059999999999999,0.0016500000000000002,0.00014000000000000001,0.30945,0.004026625598899621,0.021926602013898,0.014852545172397156,0.17225255307844362,0.007222781221148024,0.004358497045599147,0.0013349839632677927,0.16333118065628058
 2CXO J110512.4-584217,166.30187499999997,-58.70488055555556,1.3324146134323132,8.06,9.78367923797402e-15,-0.4694552926646342,,0.991,16.201986,14.102,13.03,9,,YSO,0.45965,0.1173965904933336,0,0.21588769867191787,0.0011899999999999999,0.10728,0.00385,0.3964,0.00348,0.02718,0.0009699999999999999,0.45965,0.0034490282393444967,0.09002058267588198,0.007037544104801547,0.17557980598083672,0.007207048046290628,0.035055334493860946,0.0038436797309185206,0.1173965904933336
 2CXO J110513.3-584503,166.30558333333332,-58.750875,0.8815081660417134,7.02,4.89409307887399e-15,-0.7336900394710086,,0.254,17.214458,14.896,13.944584240638267,8,,YSO,0.46182999999999996,0.1323944084143261,0,0.3237219153473279,0.00216,0.15300999999999998,0.00186,0.36413999999999996,0.0028799999999999997,0.01281,0.00131,0.46182999999999996,0.0051537327211411505,0.1409336801556045,0.004686401856687322,0.16937694338058218,0.006793508059298358,0.016955571101894256,0.003999987487467917,0.1323944084143261
 2CXO J110513.3-585426,166.30583333333334,-58.90724166666666,0.6775928579888485,5.85,3.743875212963045e-15,-0.3359167940860601,,0.985,18.380178,14.719,13.70936502729983,6,conf,LM-STAR,0.3901,0.12163978064858652,0,0.5676714969687627,0.016895,0.13796,0.03637,0.3901,0.01041,0.10048,0.024390000000000002,0.283395,0.01829395101238776,0.06483241196841004,0.022086441789272243,0.12163978064858652,0.013240362804969033,0.061466639307414174,0.03517478024331019,0.06632984715513543
 2CXO J110514.3-584941,166.30995833333333,-58.82819444444445,0.3781730002182801,5.96,4.5840615774798106e-15,0.18663235150347698,,1.0,17.838081,14.922,13.974,9,,YSO,0.56449,0.09096380771666457,1,2.5405733252111355,0.02348,0.17453,0.03728,0.10679999999999999,0.027120000000000002,0.06261,0.00369,0.56449,0.018800080931821627,0.0625291051350408,0.024556152072436027,0.054804776831619016,0.018336898370276303,0.03807279130084157,0.007289515555716783,0.09096380771666457
 2CXO J110514.8-585909,166.3118333333333,-58.98596388888889,1.593868976382012,6.88,1.1478300000000002e-14,-0.2714949077825114,,0.191,12.551964,11.558,11.079,9,,LM-STAR,0.8951399999999999,0.08661109560490439,1,6.8032657088916535,0.0003,0.03575,0.03954,0.8951399999999999,0.00175,0.005860000000000001,2e-05,0.02164,0.0017644016303305513,0.039709121298693,0.035747255366898656,0.08661109560490439,0.00454512465815385,0.010647712138002877,0.0004469897088298563,0.023109401646179514
 2CXO J110515.1-584744,166.313125,-58.79577222222222,0.5862914114757017,5.49,2.5864110605578493e-15,-0.2914253357404299,,1.0,19.2109,16.16,,6,,YSO,0.512835,0.080000236329731,1,2.090033425010514,0.01461,0.10854000000000001,0.027690000000000003,0.111705,0.00337,0.20861000000000002,0.01264,0.512835,0.012826239215468124,0.040418461772462985,0.018620166771825923,0.041293136210490244,0.0061791003618068266,0.06555963671319397,0.012841156306785442,0.080000236329731
 2CXO J110515.1-584831,166.31320833333334,-58.80885833333333,0.3808556341429816,8.29,4.918914621575804e-15,-0.9221404275842698,,0.413,12.575594,11.639,11.322,9,,LM-STAR,0.9943200000000001,0.010404126385518684,1,50.073633574010366,1e-05,1e-05,0.00427,0.9943200000000001,1e-05,0.0,0.0,0.0013800000000000002,0.000316227766016838,0.0003162277660168379,0.00936775612699513,0.010404126385518684,0.0003162277660168378,0.0,0.0,0.004595292886935137
 2CXO J110515.6-585437,166.31529166666664,-58.910402777777776,0.795289907684312,5.03,2.869819522314638e-15,0.37045431321356476,,0.942,20.780518,,,3,,LMXB,0.5624425,0.10579784320758802,1,2.0319593302880534,0.021929999999999998,0.1816125,0.034125,0.0027800000000000004,0.00096,0.5624425,0.008995000000000001,0.187155,0.02592966346575766,0.07344573077530861,0.02405593612942683,0.005941961536976399,0.0032694172399816263,0.10579784320758802,0.01379693191728981,0.07889458365648643
 2CXO J110516.3-585611,166.31833333333333,-58.93662777777777,0.7136449338826121,8.97,8.277648655101534e-15,0.03700946460317099,,1.0,16.145748,14.39,13.299,8,conf,YSO,0.561805,0.11620443384589696,0,1.5128851034341901,0.00313,0.07439,0.031935,0.053770000000000005,0.030940000000000002,0.23899,0.00504,0.561805,0.005944614237983693,0.049486127114341597,0.023823272724865556,0.03125482305123424,0.022320721641887285,0.09717264235587307,0.008201564830303152,0.11620443384589696
 2CXO J110516.9-584508,166.32066666666665,-58.75227777777778,0.9462265463502058,6.17,7.744821108443353e-15,0.7185677775680998,,0.219,18.67963,16.386,,6,,CV,0.418235,0.08091914286917955,0,1.6569566772717483,0.09626,0.418235,0.059985,0.009585000000000002,0.0332,0.12361,0.064315,0.19481,0.04435910425301813,0.08091914286917955,0.0260788205231732,0.010552920881876218,0.01967096710756607,0.045083815837287475,0.04716227364170496,0.05392143749401924
 2CXO J110517.7-585044,166.32391666666666,-58.845675,0.4053026301941976,5.37,2.7361550014191253e-15,-0.10702870044576591,,1.0,19.9402,,,3,,LMXB,0.45019,0.07281391189714896,0,1.508555974689759,0.022135000000000002,0.17394,0.040265,0.04954,0.00108,0.45019,0.02521,0.23764000000000002,0.01850565411527607,0.05935738959640745,0.023090863192244737,0.03253762586755676,0.0035841939744448046,0.07281391189714896,0.027754751417121845,0.06808241781558297
 2CXO J110518.3-584842,166.32625,-58.81193888888889,0.541469019351843,5.09,2.1127209246488776e-15,-0.34626323231313255,,0.011,17.617765,,,1,,LMXB,0.482565,0.13903552298478125,0,0.8309995785182426,0.030385000000000002,0.038865000000000004,0.130345,0.03925,0.00011999999999999999,0.482565,0.256605,0.021865000000000002,0.030166816401665783,0.025357045465802107,0.052172578553804944,0.02460269889245472,0.0013369320803194849,0.13903552298478125,0.13287797232999354,0.017151995976152922
 2CXO J110518.4-584615,166.32691666666665,-58.77087777777778,0.6839350147329625,7.19,4.421114387325877e-15,-0.7635464138723133,,0.063,9.646238,9.477,,6,,HM-STAR,0.44175,0.0923946658323643,0,0.08351311362927237,2.9999999999999997e-05,0.0018,0.44175,0.426785,0.0,0.00126,2e-05,0.128355,0.0005471740119919799,0.004379403975334911,0.0923946658323643,0.08679874882622331,0.0,0.0036641268845150304,0.00044698970882985637,0.046392577490868586
 2CXO J110519.6-584459,166.33195833333332,-58.749944444444445,1.0233026439659898,6.24,6.353821728749707e-15,0.6958429003598624,,0.35,,,,0,,AGN,0.92276,0.13529943953445758,1,3.514529354343721,0.92276,5.9999999999999995e-05,0.00722,2.9999999999999997e-05,0.0,0.013635,0.054465000000000006,0.00183,0.13529943953445758,0.0011822849900924046,0.011696512660122602,0.0009486832980505128,0.0,0.04671878015765631,0.11175924527261226,0.005227659938101222
 2CXO J110520.0-585357,166.3335,-58.89921666666667,0.3598758035623149,10.13,8.202287216368947e-15,-0.8188437986177155,,0.935,16.447186,,,3,,LMXB,0.30977,0.06599395655893278,0,0.032022723251993394,0.013130000000000001,0.179715,0.07558,0.094585,0.0005600000000000001,0.30977,0.021225,0.305435,0.011321717240828855,0.05508473566336784,0.03227856108170724,0.03348692504768315,0.002343478587888504,0.06599395655893278,0.01974117750006543,0.069378665122458
 2CXO J110520.7-584757,166.33625,-58.79931944444444,0.3101407290312938,14.39,1.6865849621825264e-14,-0.808765067203418,,0.19,14.233187,12.738,12.136,9,,LM-STAR,0.75326,0.08445297333252813,1,3.307027022191627,0.00047999999999999996,0.02253,0.00454,0.75326,0.0008300000000000001,0.00074,1e-05,0.21761000000000003,0.0023183992268319474,0.021637173273495486,0.007282955543008724,0.08445297333252813,0.0029016408322739603,0.0028036155692712705,0.0003162277660168379,0.07752030248455756
 2CXO J110521.8-584528,166.341,-58.7578,0.5189687466376872,9.94,1.0627595769121604e-14,-0.11889761302297291,,1.0,,,,0,,LMXB,0.5353316666666668,0.13944139752961335,0,0.9896447754158848,0.071275,0.0045899999999999995,0.000165,0.2522216666666667,0.0,0.5353316666666668,0.13120666666666667,0.00521,0.04350105420236066,0.01086047189811979,0.0015492498749960174,0.14663094583321296,0.0,0.13944139752961335,0.06461227808871271,0.007138407165247499
 2CXO J110522.3-584435,166.343,-58.74315555555555,1.020413133418763,7.3,5.563036460690223e-15,-0.7936672288089612,,0.531,11.645756,10.803,10.461,8,,LM-STAR,0.95988,0.03712902051177977,1,12.887974811455958,1e-05,0.00011999999999999999,0.037,0.95988,1e-05,2e-05,2e-05,0.00294,0.00031622776601683794,0.0010893974420691413,0.03447881652245028,0.03712902051177977,0.000316227766016838,0.0004469897088298563,0.00044698970882985637,0.007836952074487756
 2CXO J110522.5-585718,166.34383333333332,-58.955041666666666,0.891927332332908,9.16,1.4853204738115934e-14,0.6540879990942428,,0.468,16.801805,14.066,12.798,8,extent,LMXB,0.28138,0.10194257151890904,0,0.11102686526752996,0.04165,0.03824,0.05188,0.041530000000000004,0.26077,0.28138,0.051120000000000006,0.23343,0.024007370823433665,0.0412019417018179,0.04217160234143406,0.02643592173460114,0.08368817605140406,0.10194257151890904,0.04340310391469059,0.07768120409384416
 2CXO J110523.5-584338,166.34820833333333,-58.72744166666667,1.3268110968100315,6.0,4.010861807222905e-15,-0.9960213809442847,,,17.55856,13.245,12.35,8,conf,YSO,0.5756699999999999,0.07219254021616686,1,2.023058283808876,0.02173,0.05019,0.026879999999999998,0.28302,0.00592,0.03546,0.0011300000000000001,0.5756699999999999,0.01764705410312211,0.03142692399124596,0.01793285217658327,0.07246468609419848,0.007963480207611303,0.021850992331376287,0.006698355616714289,0.07219254021616686
 2CXO J110523.7-584949,166.349,-58.83033611111112,0.3810322515610784,7.8,5.052648080743801e-15,-0.679858299557992,,1.0,17.621939,15.05,13.943,9,,YSO,0.62917,0.12167997829189944,0,1.8735184500716973,0.00377,0.19761,0.00297,0.15728999999999999,0.00158,0.00696,0.00065,0.62917,0.007009724405155757,0.1086673662904209,0.005789007912640351,0.07408133330295787,0.004233381806726334,0.012054198592345482,0.0027722166555277,0.12167997829189944
 2CXO J110524.4-584913,166.3519583333333,-58.82048888888889,0.3787886688619099,8.54,1.2074094481658912e-14,0.7422389499411831,,0.97,,,,0,,AGN,0.6110233333333334,0.15188042960905648,0,1.3314776382355396,0.6110233333333334,0.061925,0.008855,0.00027,0.00032,0.19783,0.107815,0.011961666666666666,0.15188042960905648,0.045044960022442286,0.012182462287542177,0.0016970503763824995,0.00197522188665008,0.15844647447691296,0.07015356225664732,0.015301048888788542
 2CXO J110525.4-585807,166.35591666666667,-58.96881944444445,1.5906319467884693,5.29,5.979286962750177e-15,0.1201328537744311,,0.532,16.000652,14.106,13.239,9,,YSO,0.53384,0.11442179314600322,1,2.169587391084255,0.00429,0.1303,0.05187,0.07038,0.06897,0.1396,0.00075,0.53384,0.006613595061661978,0.06981392399789585,0.038751836147527335,0.03429039853124239,0.03846190866842699,0.06729017735128927,0.0029574053232937574,0.11442179314600322
 2CXO J110525.5-584727,166.356375,-58.790905555555554,0.6685208235131318,6.44,9.45393935865622e-15,0.8834071436274222,,0.521,,,,0,,AGN,0.59602,0.18747471527880474,0,0.9235498091153586,0.59602,0.000605,0.0449825,3.5000000000000004e-05,2.9999999999999997e-05,0.04575,0.2774391666666667,0.035138333333333334,0.18747471527880474,0.003959122333251352,0.05399973995924115,0.0007240851464429439,0.0005471740119919797,0.0986540425939055,0.1574778039994923,0.03253242485583167
 2CXO J110526.1-584225,166.35895833333333,-58.70710277777778,1.8215126356472235,5.76,1.0602541734426207e-14,0.19914642342014421,,0.999,,,,0,,LMXB,0.50227,0.10883263132738104,0,1.733466073763194,0.17096833333333333,0.02147,0.0005949999999999999,0.11650666666666668,1e-05,0.50227,0.18394,0.00424,0.0706518940425411,0.024386139173386653,0.003490438104043411,0.07572598954228876,0.00031622776601683794,0.10883263132738104,0.07480522857542926,0.006768915586577971
 2CXO J110526.5-584525,166.36054166666665,-58.757080555555554,1.0310206634204453,5.52,6.256871418596529e-15,0.6909848867357536,,0.631,,,,0,,AGN,0.92448,0.11275101947384954,1,4.5685612410288625,0.92448,0.00014000000000000001,0.00687,1e-05,0.0,0.019996666666666666,0.04533333333333334,0.00317,0.11275101947384954,0.0023634690575478224,0.011648553077047341,0.000316227766016838,0.0,0.06697721289399138,0.07968301397443112,0.0063946846671272236
 2CXO J110527.2-585737,166.36370833333334,-58.96030277777778,0.7412975253247943,9.61,9.419648646087863e-15,-0.8565448306039579,,0.951,16.530275,14.087,12.741,9,,YSO,0.62741,0.11051246493000194,0,1.8208752575955476,0.0039900000000000005,0.12896000000000002,0.00492,0.22678,0.00443,0.0033599999999999997,0.00015,0.62741,0.007432034387375717,0.08069963339960617,0.007324428117419627,0.10950809843853382,0.007518751999609485,0.0067346681993811506,0.0012958314624900802,0.11051246493000194
 2CXO J110528.5-584930,166.369125,-58.82518055555556,0.4045088015347211,8.66,6.479520096672373e-15,-0.8173938837526493,,0.968,12.886455,11.673,11.191,9,,LM-STAR,0.99676,0.007507247082570206,1,72.62959653713092,0.0,2.9999999999999997e-05,0.00108,0.99676,1e-05,1e-05,0.0,0.00211,0.0,0.0005471740119919801,0.003879258775674634,0.007507247082570206,0.0003162277660168378,0.0003162277660168379,0.0,0.006187583226606829
 2CXO J110529.2-584629,166.371875,-58.77486111111111,0.8088151822528697,6.54,4.716623638321485e-15,-0.25587342272948366,,1.0,17.012604,14.929,13.907,8,,YSO,0.63512,0.11816915650688863,0,1.7559189286715617,0.00528,0.08271,0.01013,0.22365000000000002,0.00934,0.031330000000000004,0.00244,0.63512,0.008172416312718558,0.049872268277502116,0.01120752910809108,0.11616398569079649,0.0117090350371626,0.03461111135212258,0.006594686489128188,0.11816915650688863
 2CXO J110529.3-585405,166.37241666666665,-58.90160833333333,0.7467721441427636,5.67,6.204633758103373e-15,0.6835630172315432,,0.752,,,,0,,AGN,0.869235,0.19964580692622422,1,2.4759584696373236,0.869235,0.000395,0.00441,1e-05,0.0,0.05534166666666667,0.06768666666666667,0.002921666666666667,0.19964580692622422,0.0025642836330153785,0.008836287680920079,0.000316227766016838,0.0,0.11647991362725134,0.12408673671807342,0.0076534447723590636
 2CXO J110529.6-584720,166.37375,-58.78897222222222,0.6455153011936934,7.3,4.865988963317827e-15,-0.39890217381128673,,1.0,18.54345,15.541,,6,,LM-STAR,0.36283,0.11910006685945193,0,0.05829784380003682,0.0025,0.15592,0.005225,0.36283,0.00232,0.11746000000000001,0.003485,0.35026,0.005042363079492137,0.07111125375361073,0.008631273015834566,0.11910006685945193,0.005103297330515205,0.07026724618117522,0.006254509884386934,0.09651682701942653
 2CXO J110529.6-585718,166.37349999999998,-58.955194444444444,1.4939156951231758,5.52,4.639564520895513e-15,-0.1151751210807981,,0.877,19.036549,15.992,15.193241105682311,8,,CV,0.32006,0.14098323543128344,0,0.028741849737439082,0.01235,0.32006,0.0029100000000000003,0.08389,0.01093,0.24287,0.01419,0.3128,0.012835195450099004,0.14098323543128344,0.005784925700937343,0.07868773512854252,0.012759227950698983,0.11213222880482103,0.017350646816327767,0.11161011072844985
 2CXO J110532.7-584349,166.38641666666666,-58.730358333333335,1.6427964217086937,5.24,1.0743510002838251e-14,0.07819472091164027,,0.934,8.913376,8.804,8.733,9,,LM-STAR,0.5131699999999999,0.12108390649633174,0,0.3107355006621161,0.00053,0.00527,0.43857,0.5131699999999999,0.001,0.002,2e-05,0.039439999999999996,0.002495060184710044,0.008865985884587556,0.11899165564910062,0.12108390649633174,0.005424889808044896,0.005256198971464802,0.0004469897088298564,0.027568939886155313
 2CXO J110533.2-585105,166.38841666666664,-58.85160277777778,0.6194702327880163,5.76,2.911934717346811e-15,-0.8089089396856675,,0.253,12.076157,11.225,10.91142025289509,8,,LM-STAR,0.93529,0.048872327593479745,1,9.193445978614376,2e-05,0.0002,0.05965,0.93529,0.0,5.9999999999999995e-05,1e-05,0.004770000000000001,0.0004469897088298563,0.0014704292441876158,0.04637378600058472,0.048872327593479745,0.0,0.0010943480239839604,0.0003162277660168379,0.008295535902876678
 2CXO J110535.5-584547,166.39812499999996,-58.76319444444445,0.5719831921725866,9.81,9.379701541081462e-15,-0.5477673469179226,,1.0,17.390171,14.749,13.599,8,,YSO,0.5023500000000001,0.09630395605556376,0,0.8687038776438232,0.00176,0.33306,0.004900000000000001,0.09176000000000001,0.00294,0.05951,0.00372,0.5023500000000001,0.004280271103647609,0.09857257708385726,0.008078072496286181,0.04550354901513697,0.005778389895964945,0.03538802357030147,0.0065271896099473176,0.09630395605556376
 2CXO J110535.6-584907,166.39862499999998,-58.81883611111112,0.698907103174719,5.76,3.864532487937433e-15,-0.8942494406971992,,0.989,14.124236,12.651,12.037,9,,LM-STAR,0.97842,0.022926605270498068,1,25.29601103214641,7.000000000000001e-05,0.00373,0.00462,0.97842,0.00046,2.9999999999999997e-05,0.0,0.01267,0.000834143750078963,0.007269108606971001,0.00860986235254256,0.022926605270498068,0.0021431269194784044,0.00054717401199198,0.0,0.015251350881272892
 2CXO J110535.7-585212,166.39895833333333,-58.87000555555556,0.3779853974749547,10.76,1.047448150702245e-14,-0.909885999149746,,0.821,12.039777,11.108,10.790727602732966,8,,LM-STAR,0.99265,0.010516087109190775,1,51.09195946653972,0.0,4e-05,0.00526,0.99265,0.0,7.000000000000001e-05,0.0,0.00198,0.0,0.000631505185092568,0.008809654363822113,0.010516087109190775,0.0,0.0008341437500789634,0.0,0.005301670275272472
 2CXO J110535.8-584609,166.3995,-58.76931111111111,1.002359175097293,6.34,4.678490963885477e-15,-0.5085728942190173,,0.174,8.973718,8.741,8.681,9,,LM-STAR,0.68676,0.12831276852506357,0,1.7528674524011512,0.00019,0.00075,0.24609999999999999,0.68676,8e-05,0.00027,5e-05,0.0658,0.0015053790772314355,0.0029233621133971832,0.1230810259095159,0.12831276852506357,0.0012630103701851364,0.0020077676984977953,0.000705689732104696,0.045217304260698726
 2CXO J110538.0-585419,166.408375,-58.90544722222222,0.8846502802838224,6.08,1.0846334535805752e-14,0.8442351627832408,,0.392,,,,0,,AGN,0.728545,0.14417495140916844,0,1.9605226229046135,0.728545,0.00011,0.045175,2e-05,1e-05,0.014851666666666666,0.19890333333333335,0.012385,0.14417495140916844,0.0021195264547517194,0.043882267052820174,0.0004469897088298562,0.0003162277660168379,0.054938745047316516,0.12597835387734524,0.02208574451238223
 2CXO J110538.4-585446,166.410125,-58.91291388888889,1.256288145090441,5.06,3.358551914749367e-15,-0.7401005755828926,,0.489,16.803202,13.567,12.637,8,conf,LM-STAR,0.51358,0.17261743938658206,0,0.18649865668325324,0.0011300000000000001,0.02606,0.0064,0.51358,0.00109,0.0016,0.00023999999999999998,0.44989999999999997,0.0035827274437132306,0.028668768691701756,0.014868122311208671,0.17261743938658206,0.0040408202420088215,0.004178212232218158,0.0023125197832121903,0.1688327411804196
 2CXO J110539.9-584645,166.41625,-58.779377777777775,0.903239557900798,6.75,6.1229681774161726e-15,0.32541725917567327,,0.949,,,,0,,AGN,0.42401,0.19622761063411848,0,0.0381088112015221,0.42401,0.01383,0.02105,0.020095,1e-05,0.40993,0.10274,0.008335,0.19622761063411848,0.02219174561798989,0.02289260954045151,0.02766281269513651,0.0003162277660168378,0.17324074999103833,0.053559882944803634,0.010037605716929134
 2CXO J110540.9-585114,166.42054166666665,-58.853950000000005,0.6824245513676722,6.6,4.611503886263753e-15,-0.4831357995027843,,0.993,18.624731,14.652,13.551,7,,LM-STAR,0.34937999999999997,0.07068636475418838,0,1.8833016619307832,0.128435,0.118655,0.06697,0.34937999999999997,0.0049299999999999995,0.09248999999999999,0.10814,0.131,0.04663153734625607,0.038080389849515596,0.03146679613909333,0.07068636475418838,0.0069313161191178665,0.033276977886479674,0.03694327009355297,0.039909181183566546
 2CXO J110542.0-585020,166.42504166666666,-58.83895555555556,0.8651151398357821,5.03,2.251625749253849e-15,-0.7214027056178903,,0.988,17.891788,15.184,,6,,LM-STAR,0.58221,0.13583396764714922,0,0.9206190961623658,0.0009,0.04938,0.015269999999999999,0.58221,0.00212,0.016890000000000002,0.0008200000000000001,0.33241000000000004,0.0030983220619554036,0.048130366008707404,0.02037995197350675,0.13583396764714922,0.005651330598853468,0.02046574569241851,0.0037069315263896295,0.13550517906542753
 2CXO J110542.6-584540,166.427625,-58.76136666666667,0.6128987599479184,11.72,1.5677893079324675e-14,-0.25410895833818753,,0.143,15.950727,13.97,12.996,8,extent,YSO,0.54395,0.11920531618769109,0,1.1730701319890158,0.00323,0.26624000000000003,0.00723,0.05829,0.01277,0.0997,0.00859,0.54395,0.006041821215792768,0.11753244775923069,0.009885586721324375,0.04436151309236243,0.012384687338826143,0.0443020617203384,0.010315925470762101,0.11920531618769109
 2CXO J110543.3-585053,166.430625,-58.848083333333335,0.4051585060636816,13.13,1.4883839044629274e-14,-0.4833151695846492,,0.638,15.547037,13.541,,6,,LM-STAR,0.56259,0.12476360790654402,0,1.0398966051082068,0.00107,0.07704000000000001,0.01018,0.56259,0.0016200000000000001,0.022175,0.000675,0.32465,0.003250486989001135,0.05498965595693668,0.01125585600006922,0.12476360790654402,0.004218221591309944,0.020749093953710357,0.0034177559971501873,0.10404760162254287
 2CXO J110543.6-584419,166.43204166666666,-58.73876666666667,1.6076497871139888,5.96,8.066116344649009e-15,0.604241675559798,,0.228,,,,0,,AGN,0.4849125,0.3033643907041452,0,0.2667702955888517,0.4849125,0.00085,0.025098333333333334,4e-05,0.0,0.14332333333333333,0.3406458333333333,0.00513,0.3033643907041452,0.0035763515333773195,0.025165867234240698,0.0006315051850925683,0.0,0.1364087261648141,0.23742545378817995,0.009363267099189833
 2CXO J110543.9-585309,166.433125,-58.885894444444446,0.7364774679165461,7.77,5.118577553638502e-15,-0.8622331365603111,,0.998,15.600225,13.465,12.608934994765312,8,,LM-STAR,0.78042,0.14068907923864246,1,2.060639477502456,0.0003,0.00825,0.0028799999999999997,0.78042,0.00064,0.00066,0.0,0.20685,0.0018744368523675344,0.012409330823678262,0.005633590093123332,0.14068907923864246,0.0026071434937872517,0.0025633905225249977,0.0,0.13765655388257708
 2CXO J110545.6-585245,166.440125,-58.87926111111111,0.9076860287086576,5.95,4.450932674436009e-15,-0.18129518765148644,,0.997,16.643963,14.309,12.695,8,,YSO,0.61807,0.13194766115882953,0,1.55662953669544,0.00323,0.08441,0.019289999999999998,0.23535,0.00722,0.032100000000000004,0.00033,0.61807,0.005975182240133173,0.04534874208187489,0.01675937877061011,0.11391687563550247,0.011687951411954459,0.02865678298782351,0.002448897118520315,0.13194766115882953
 2CXO J110545.9-584724,166.44166666666666,-58.79017777777778,1.0831395632612295,5.86,3.4336710514582625e-15,-0.5586337254721201,,0.998,17.475647,14.669,13.091,9,,YSO,0.72857,0.10750633801182467,1,3.1903216867146575,0.0033799999999999998,0.07429000000000001,0.03184,0.12972999999999998,0.01651,0.015009999999999999,0.00067,0.72857,0.006634728300361643,0.04782031663093293,0.023684918732716286,0.08019887130726314,0.01813418729220444,0.020538298900389027,0.0033856406428566157,0.10750633801182467
 2CXO J110548.8-585438,166.45345833333332,-58.910825,0.9286577033678745,8.36,1.3722089216936596e-14,0.7636106794852976,,0.44,,,,0,,NS,0.5384,0.27376072569843707,0,0.2923915110790044,0.37549666666666665,0.00088,0.017853333333333336,4e-05,0.0,0.063985,0.5384,0.0033450000000000003,0.28338039215473043,0.005206025614871932,0.024827793955283645,0.0007739502561528087,0.0,0.08522308616849522,0.27376072569843707,0.008500484294040742
 2CXO J110551.5-584652,166.46499999999995,-58.78111666666666,1.0870961885134949,7.7,7.333429247658443e-15,-0.6983384216794607,,0.919,12.256683,11.419,11.09,9,conf,LM-STAR,0.97952,0.03189336587421888,1,18.283691291027502,2e-05,0.00212,0.01314,0.97952,0.00011999999999999999,0.00014000000000000001,0.0,0.004940000000000001,0.00044698970882985637,0.005894093682691197,0.02096138783047964,0.03189336587421888,0.0010893974420691406,0.0011754921445002442,0.0,0.010435770470133257
 2CXO J110551.8-585105,166.46620833333333,-58.85146666666667,0.8269817750753666,7.88,6.350896137611923e-15,-0.5841834781166152,,0.946,16.123482,14.001,12.861,8,,LM-STAR,0.5472899999999999,0.14770163056537886,0,0.49111100893583,0.0013900000000000002,0.030350000000000002,0.00639,0.5472899999999999,0.0020499999999999997,0.005770000000000001,0.00017999999999999998,0.40658,0.00402294470308555,0.03324579345996697,0.00979611473309004,0.14770163056537886,0.005208130626685991,0.010368925432011488,0.0016031750279274465,0.1388120037041912
 2CXO J110552.0-584739,166.4669583333333,-58.79419444444444,1.1828554359764567,6.09,5.5139455058184144e-15,-0.1617157173885431,,0.62,14.087492,11.921,10.931,9,,HM-STAR,0.53239,0.1317123230226999,0,1.1856006629461389,0.00079,0.04893,0.53239,0.13582,0.02045,0.00352,2e-05,0.25808,0.0031441669462332626,0.0388724345284183,0.1317123230226999,0.0719381866792784,0.01976583386017873,0.008676686284802787,0.0004469897088298563,0.09965563127513083
 2CXO J110552.0-585032,166.46704166666666,-58.84245833333333,1.1864004705146665,5.18,3.3708296071350923e-15,-0.590977687466332,,0.932,17.963406,14.74,13.33,8,conf,YSO,0.54467,0.1624077195436453,0,0.6389382029269127,0.00263,0.09115999999999999,0.006860000000000001,0.34345,0.00204,0.00843,0.00076,0.54467,0.005832419490838872,0.0730684158401795,0.009467313770549183,0.1525210154705252,0.00520244802621472,0.014430639048335431,0.004758681019468005,0.1624077195436453
 2CXO J110552.1-585534,166.46737499999998,-58.92623055555556,1.2857540764783164,7.23,8.689797827795783e-15,-0.8060792407591495,,0.084,12.03914,11.062,10.614,9,,LM-STAR,0.9977,0.0060948459494188445,1,93.90128295770131,1e-05,0.00027,0.0013900000000000002,0.9977,7.000000000000001e-05,0.0,0.0,0.0005600000000000001,0.0003162277660168379,0.0017407268970548282,0.0045153392218401775,0.0060948459494188445,0.000834143750078963,0.0,0.0,0.0025481155572094636
 2CXO J110553.0-584803,166.47124999999997,-58.80092222222222,1.061725563734085,6.92,5.111605886831404e-15,-0.35254764499947916,,0.998,16.170681,14.703,13.4,9,,YSO,0.36333,0.08193121397748128,0,0.6937460844569403,0.009065,0.1866,0.07687000000000001,0.24431,0.00764,0.102365,0.00982,0.36333,0.010131802822224116,0.11023266866605942,0.03897463434237866,0.08963011467948408,0.009545759347559605,0.04364214031657262,0.010994930126585097,0.08193121397748128
 2CXO J110553.2-585030,166.47175,-58.84175277777778,1.099215258386918,5.28,3.3709295400148975e-15,-0.6756795381705735,,0.957,17.149984,,,3,conf,YSO,0.299805,0.07696954778538251,0,0.3617532300445581,0.01052,0.240515,0.09230500000000001,0.099355,0.0007,0.2452,0.0116,0.299805,0.010883384034759042,0.0786546013995451,0.04580185350818005,0.04125786211361642,0.0032435351887285776,0.0739758908863721,0.012998421402576512,0.07696954778538251
 2CXO J110553.3-585422,166.47216666666665,-58.906175,0.6498522738102372,11.13,1.4067743849865404e-14,-0.5311336344333344,,0.995,16.086355,13.621,12.646,8,,YSO,0.5141699999999999,0.15340744748852617,0,0.4543632421522733,0.00035000000000000005,0.09882,0.00319,0.37235,0.0011,0.009779999999999999,0.00023999999999999998,0.5141699999999999,0.0018387171834952976,0.07852243866165501,0.005617424272338297,0.1587216748590755,0.0034353750598445287,0.015098992667710632,0.0022242633268899042,0.15340744748852617
 2CXO J110554.8-584859,166.47875,-58.81643611111111,0.5177325293464411,16.09,2.129889996711065e-14,-0.9273325630227204,,0.568,9.731091,9.343,8.776,9,,LM-STAR,0.734425,0.11268647930261032,1,2.205615376086964,5.9999999999999995e-05,0.00038,0.24724000000000002,0.734425,2e-05,1e-05,0.0,0.017865,0.0007726558075864034,0.002158763595269352,0.10819745417101588,0.11268647930261032,0.00044698970882985637,0.0003162277660168379,0.0,0.020782172015303718
 2CXO J110557.1-585249,166.48829166666667,-58.88033611111111,1.3217699179821734,5.29,4.362702713672608e-15,-0.3438017503258103,,0.794,17.346844,,,3,,CV,0.397625,0.15674231249897877,0,0.4929882582261553,0.012665000000000001,0.397625,0.063475,0.028355,0.00045,0.27635000000000004,0.00175,0.21933000000000002,0.013129934126650072,0.15674231249897877,0.04811823708054712,0.025038888172619025,0.002302781536056515,0.08925746128136514,0.005259768546729521,0.0903344419997788
 2CXO J110558.0-585423,166.49195833333332,-58.906425,1.3870596631436938,6.82,5.184435962466351e-15,-0.21071452523962803,,1.0,16.094446,14.4,13.716,9,,YSO,0.55524,0.08960452762763371,1,2.25489076203873,0.0014000000000000002,0.07609,0.03742,0.18033000000000002,0.01188,0.13614,0.0015,0.55524,0.003801901426188541,0.06504031167008766,0.02844561043030632,0.07666073289480065,0.012877555335987936,0.0650794570946603,0.004355337985618222,0.08960452762763371
 2CXO J110559.1-584802,166.49629166666665,-58.8008,1.5694118576002638,5.33,4.5227903895277415e-15,-0.0076667181889665545,,0.454,18.132946,14.856,13.304,9,conf,YSO,0.44464,0.1408087266382928,0,0.5691804079658219,0.0111,0.14138,0.01797,0.27791000000000005,0.03021,0.0597,0.01709,0.44464,0.012623365214923847,0.1099890594249864,0.018453173700467326,0.15212124366035404,0.033117256115998715,0.05476960571073804,0.029364846231407275,0.1408087266382928
 2CXO J110559.9-585315,166.49975,-58.88753055555556,1.4470417210275712,6.62,6.030116349155843e-15,-0.6407501763784029,,0.608,17.859722,,,1,extent,LMXB,0.49577,0.14671292302241737,0,0.6623272957065702,0.0017833333333333334,0.034655,0.07235000000000001,0.08272166666666667,5.9999999999999995e-05,0.49577,0.301675,0.010985,0.006486363098036746,0.019970097139968543,0.036230375931532104,0.041825167698245014,0.0007726558075864025,0.14671292302241737,0.1463370558297143,0.010564865895570628
 2CXO J110601.1-585025,166.50487499999997,-58.84031111111111,0.6845249945397804,10.16,9.131957782211927e-15,-0.8289091635745717,,0.136,12.141655,11.27,10.888,8,,LM-STAR,0.9664299999999999,0.039013807519610005,1,12.484279680684118,1e-05,0.00011999999999999999,0.03077,0.9664299999999999,0.0,4e-05,0.0,0.00263,0.0003162277660168379,0.0010893974420691408,0.03593324781171748,0.039013807519610005,0.0,0.0007739502561528086,0.0,0.007350995656177272
 2CXO J110605.6-585334,166.52374999999995,-58.89278611111112,1.3009386024038716,8.75,1.5182133181673552e-14,0.6683102039956755,,0.877,,,,0,,LMXB,0.43751666666666666,0.21588161399282957,0,0.2718213482012367,0.18952833333333333,0.029533333333333335,0.004618333333333333,0.00041500000000000006,0.0,0.43751666666666666,0.33574333333333334,0.002645,0.2486630859321609,0.029735964098953127,0.009428467761925633,0.002226596670421639,0.0,0.21588161399282957,0.15853096988556317,0.005445974075740136
 2CXO J110605.9-585032,166.52462499999996,-58.84238611111111,1.299693222584958,6.89,6.1227755814533615e-15,-0.21508643295978874,,0.923,16.905848,13.844,12.924,7,,YSO,0.68468,0.07356874309079879,1,5.03962257070453,0.02027,0.043,0.07221000000000001,0.09901,0.00533,0.053130000000000004,0.02237,0.68468,0.01493486357989755,0.024493875764156847,0.03102544888439937,0.042644324809269024,0.007832780633494879,0.0328448151445838,0.018533121069495458,0.07356874309079879
 2CXO J110610.7-585154,166.5448333333333,-58.865075,0.9116345343010562,8.9,1.2495404230878396e-14,-0.1276469308658673,,1.0,18.13008,15.844,14.474695067671416,8,,YSO,0.52006,0.1349184916881278,0,0.9650974427810077,0.006355,0.18395,0.00049,0.0259,0.0024,0.258125,0.00272,0.52006,0.009629730354828562,0.09489205447244776,0.0023378120894044004,0.02349344465892436,0.005279002544787023,0.13648933553107268,0.0056950885887784046,0.1349184916881278
 2CXO J110614.8-585237,166.56191666666666,-58.877116666666666,2.0622055485807844,5.47,6.353638077905548e-15,-0.012534248398958418,,0.85,17.09351,15.146,14.336,8,conf,YSO,0.4094,0.1770519341531953,0,0.11262720948316297,0.0019299999999999999,0.3665,0.0088,0.0551,0.011710000000000002,0.14011,0.00645,0.4094,0.004625634712825524,0.20385069316807616,0.01414071992367999,0.05215851330809297,0.019270372265403884,0.06188471230940337,0.011833745710363127,0.1770519341531953
 2CXO J110621.8-585133,166.5908333333333,-58.85927222222222,2.006565632170114,6.96,1.5831702782144853e-14,0.7253960655466107,,0.001,19.620268,,,3,extent,CV,0.5229974999999999,0.10068967004317482,1,2.0345223738558538,0.08574,0.5229974999999999,0.03489,0.004155,0.00903,0.1755625,0.086755,0.08087000000000001,0.05293159882484329,0.10068967004317482,0.022938266370065203,0.006936071228302377,0.011683132952919586,0.0700801403381858,0.056046732386564824,0.04671215179292351
 2CXO J110622.2-584951,166.59283333333332,-58.830869444444446,2.436411581099702,5.76,6.418896741693674e-15,-0.6002433360744548,,0.599,12.028834,11.224,10.954,9,,LM-STAR,0.9226,0.06320787320607485,1,7.221407383305205,0.0,0.0009400000000000001,0.06378,0.9226,5e-05,0.00029,0.0,0.01234,0.0,0.003966375188018922,0.055719083052543264,0.06320787320607485,0.0007056897321046962,0.0019544103253205866,0.0,0.016564987135485466
 2CXO J110727.7-590452,166.86566666666667,-59.08136111111112,0.3023408879614209,11.07,1.8268306738683585e-13,-0.4577308881454992,,0.683,13.294610942600002,,10.545,6,,CV,0.43673500000000004,0.0827584662662301,1,2.0399467523925714,0.022675,0.43673500000000004,0.046485,0.13217500000000001,0.00705,0.17089500000000002,0.023045000000000003,0.16094,0.01542748788307359,0.0827584662662301,0.023458902256821304,0.05216862985493235,0.008847359819504111,0.046104767916394784,0.016805814779724617,0.0524386900696062
